time,open,high,low,close,volume
2026-01-05 08:00:00,17917.50,17927.00,17915.50,17924.25,376
2026-01-05 08:01:00,17924.25,17925.50,17915.00,17915.50,385
2026-01-05 08:02:00,17915.50,17916.25,17907.50,17915.75,1491
2026-01-05 08:03:00,17915.75,17921.75,17905.75,17912.00,1381
2026-01-05 08:04:00,17912.00,17917.00,17911.25,17916.25,472
2026-01-05 08:05:00,17916.25,17926.00,17914.25,17925.50,441
2026-01-05 08:06:00,17925.50,17927.50,17910.50,17911.25,1369
2026-01-05 08:07:00,17911.25,17917.75,17908.50,17915.50,1321
2026-01-05 08:08:00,17915.50,17921.00,17912.50,17916.50,1288
2026-01-05 08:09:00,17916.50,17919.25,17912.25,17913.50,1399
2026-01-05 08:10:00,17913.50,17925.00,17913.50,17923.50,699
2026-01-05 08:11:00,17923.50,17926.25,17920.75,17922.25,1213
2026-01-05 08:12:00,17922.25,17929.50,17919.75,17925.50,441
2026-01-05 08:13:00,17925.50,17937.00,17925.25,17935.00,900
2026-01-05 08:14:00,17935.00,17938.50,17917.50,17922.75,1342
2026-01-05 08:15:00,17922.75,17929.25,17917.75,17921.00,842
2026-01-05 08:16:00,17921.00,17923.75,17909.50,17915.75,340
2026-01-05 08:17:00,17915.75,17923.75,17908.50,17919.00,1170
2026-01-05 08:18:00,17919.00,17920.25,17917.75,17918.25,1383
2026-01-05 08:19:00,17918.25,17925.00,17913.50,17914.00,782
2026-01-05 08:20:00,17914.00,17923.75,17909.00,17916.50,927
2026-01-05 08:21:00,17916.50,17931.75,17915.00,17930.75,320
2026-01-05 08:22:00,17930.75,17933.75,17920.00,17920.25,1216
2026-01-05 08:23:00,17920.25,17923.75,17911.50,17913.25,1325
2026-01-05 08:24:00,17913.25,17920.75,17909.25,17918.75,1050
2026-01-05 08:25:00,17918.75,17928.00,17918.25,17922.75,979
2026-01-05 08:26:00,17922.75,17923.50,17921.50,17922.75,677
2026-01-05 08:27:00,17922.75,17930.25,17922.25,17923.50,573
2026-01-05 08:28:00,17923.50,17923.75,17916.50,17919.75,1359
2026-01-05 08:29:00,17919.75,17923.25,17918.00,17922.50,1255
2026-01-05 08:30:00,17922.50,17929.75,17922.25,17928.25,1345
2026-01-05 08:31:00,17928.25,17931.00,17911.00,17913.25,412
2026-01-05 08:32:00,17913.25,17914.25,17909.50,17914.00,1102
2026-01-05 08:33:00,17914.00,17938.00,17911.25,17936.25,307
2026-01-05 08:34:00,17936.25,17939.00,17917.75,17926.25,1456
2026-01-05 08:35:00,17926.25,17933.50,17915.75,17916.75,1457
2026-01-05 08:36:00,17916.75,17920.25,17909.50,17914.25,1171
2026-01-05 08:37:00,17914.25,17923.00,17909.25,17918.00,1154
2026-01-05 08:38:00,17918.00,17918.50,17911.50,17915.25,742
2026-01-05 08:39:00,17915.25,17933.75,17914.50,17928.25,1257
2026-01-05 08:40:00,17928.25,17936.50,17926.25,17935.25,1312
2026-01-05 08:41:00,17935.25,17940.50,17917.00,17920.00,810
2026-01-05 08:42:00,17920.00,17933.50,17919.00,17932.50,951
2026-01-05 08:43:00,17932.50,17935.25,17914.50,17916.25,656
2026-01-05 08:44:00,17916.25,17917.50,17909.50,17910.75,599
2026-01-05 08:45:00,17910.75,17927.00,17904.50,17924.75,664
2026-01-05 08:46:00,17924.75,17928.75,17921.75,17923.25,772
2026-01-05 08:47:00,17923.25,17925.50,17902.75,17903.00,1439
2026-01-05 08:48:00,17903.00,17928.50,17893.00,17927.50,946
2026-01-05 08:49:00,17927.50,17929.00,17913.50,17914.25,1162
2026-01-05 08:50:00,17914.25,17925.00,17908.75,17922.50,203
2026-01-05 08:51:00,17922.50,17927.75,17911.50,17912.25,373
2026-01-05 08:52:00,17912.25,17924.50,17908.00,17923.00,608
2026-01-05 08:53:00,17923.00,17929.75,17922.75,17927.50,880
2026-01-05 08:54:00,17927.50,17938.50,17926.75,17934.00,373
2026-01-05 08:55:00,17934.00,17934.25,17912.75,17915.00,460
2026-01-05 08:56:00,17915.00,17930.50,17909.75,17929.50,1452
2026-01-05 08:57:00,17929.50,17934.25,17914.75,17923.75,917
2026-01-05 08:58:00,17923.75,17929.75,17917.25,17926.00,410
2026-01-05 08:59:00,17926.00,17934.25,17922.00,17923.25,1088
2026-01-05 09:00:00,17923.25,17926.25,17922.75,17926.00,635
2026-01-05 09:01:00,17926.00,17926.75,17918.50,17921.00,1401
2026-01-05 09:02:00,17921.00,17925.00,17918.00,17918.75,924
2026-01-05 09:03:00,17918.75,17924.50,17915.50,17920.25,1258
2026-01-05 09:04:00,17920.25,17924.00,17906.00,17910.50,1272
2026-01-05 09:05:00,17910.50,17929.50,17910.00,17922.25,575
2026-01-05 09:06:00,17922.25,17926.25,17913.25,17914.25,1467
2026-01-05 09:07:00,17914.25,17926.00,17909.75,17925.25,867
2026-01-05 09:08:00,17925.25,17929.25,17913.25,17919.50,1347
2026-01-05 09:09:00,17919.50,17926.00,17918.75,17923.75,286
2026-01-05 09:10:00,17923.75,17928.00,17918.00,17923.75,329
2026-01-05 09:11:00,17923.75,17928.50,17917.25,17919.00,1235
2026-01-05 09:12:00,17919.00,17921.25,17918.25,17919.75,1179
2026-01-05 09:13:00,17919.75,17932.75,17919.50,17930.00,1271
2026-01-05 09:14:00,17930.00,17939.25,17929.75,17933.25,614
2026-01-05 09:15:00,17933.25,17934.25,17929.00,17930.75,449
2026-01-05 09:16:00,17930.75,17932.75,17917.25,17919.00,635
2026-01-05 09:17:00,17919.00,17922.00,17912.00,17917.75,516
2026-01-05 09:18:00,17917.75,17933.25,17916.00,17931.25,481
2026-01-05 09:19:00,17931.25,17933.75,17926.25,17926.75,392
2026-01-05 09:20:00,17926.75,17929.25,17911.00,17917.75,530
2026-01-05 09:21:00,17917.75,17926.00,17906.75,17922.75,1027
2026-01-05 09:22:00,17922.75,17924.75,17919.00,17921.50,239
2026-01-05 09:23:00,17921.50,17934.50,17918.00,17932.50,237
2026-01-05 09:24:00,17932.50,17935.50,17915.75,17918.25,431
2026-01-05 09:25:00,17918.25,17944.75,17917.75,17938.50,414
2026-01-05 09:26:00,17938.50,17940.00,17926.00,17928.00,465
2026-01-05 09:27:00,17928.00,17931.00,17915.50,17921.75,729
2026-01-05 09:28:00,17921.75,17924.25,17913.75,17917.75,869
2026-01-05 09:29:00,17917.75,17924.50,17908.75,17911.25,1071
2026-01-05 09:30:00,17911.25,17914.00,17909.25,17911.50,733
2026-01-05 09:31:00,17911.50,17919.75,17896.75,17901.50,336
2026-01-05 09:32:00,17901.50,17904.00,17879.75,17895.00,1055
2026-01-05 09:33:00,17895.00,17898.50,17890.00,17891.75,464
2026-01-05 09:34:00,17891.75,17898.50,17880.00,17896.50,736
2026-01-05 09:35:00,17896.50,17896.75,17894.00,17895.25,824
2026-01-05 09:36:00,17895.25,17903.25,17893.50,17903.00,754
2026-01-05 09:37:00,17903.00,17917.00,17902.75,17917.00,712
2026-01-05 09:38:00,17917.00,17920.25,17913.50,17920.25,1253
2026-01-05 09:39:00,17920.25,17926.75,17919.75,17924.00,417
2026-01-05 09:40:00,17924.00,17926.25,17923.00,17924.75,1005
2026-01-05 09:41:00,17924.75,17929.50,17924.50,17928.50,640
2026-01-05 09:42:00,17928.50,17948.00,17927.50,17948.00,486
2026-01-05 09:43:00,17948.00,17949.00,17937.00,17937.50,311
2026-01-05 09:44:00,17937.50,17953.50,17935.75,17953.50,1082
2026-01-05 09:45:00,17953.50,17958.50,17934.25,17937.25,1236
2026-01-05 09:46:00,17937.25,17939.50,17933.25,17933.50,1140
2026-01-05 09:47:00,17933.50,17934.50,17928.25,17930.50,207
2026-01-05 09:48:00,17930.50,17938.25,17912.50,17916.25,700
2026-01-05 09:49:00,17916.25,17922.25,17905.75,17907.00,646
2026-01-05 09:50:00,17907.00,17907.00,17896.50,17899.00,1229
2026-01-05 09:51:00,17899.00,17913.00,17888.50,17913.00,386
2026-01-05 09:52:00,17913.00,17915.50,17909.75,17911.25,246
2026-01-05 09:53:00,17911.25,17922.25,17903.25,17919.50,373
2026-01-05 09:54:00,17919.50,17923.25,17913.50,17913.50,1421
2026-01-05 09:55:00,17913.50,17920.00,17910.00,17915.75,1212
2026-01-05 09:56:00,17915.75,17954.00,17914.75,17946.25,1250
2026-01-05 09:57:00,17946.25,17953.00,17933.75,17940.75,1235
2026-01-05 09:58:00,17940.75,17962.75,17929.25,17957.00,232
2026-01-05 09:59:00,17957.00,17960.75,17948.00,17955.00,670
2026-01-05 10:00:00,17955.00,17965.25,17945.00,17964.50,971
2026-01-05 10:01:00,17964.50,17968.50,17942.50,17949.00,1485
2026-01-05 10:02:00,17949.00,17987.50,17948.75,17986.75,1135
2026-01-05 10:03:00,17986.75,17991.50,17977.25,17988.50,1230
2026-01-05 10:04:00,17988.50,17992.25,17978.75,17990.50,1170
2026-01-05 10:05:00,17990.50,17990.75,17988.25,17990.75,743
2026-01-05 10:06:00,17990.75,18011.25,17989.75,18001.25,1142
2026-01-05 10:07:00,18001.25,18026.25,18001.00,18020.25,1181
2026-01-05 10:08:00,18020.25,18023.00,18011.00,18019.25,606
2026-01-05 10:09:00,18019.25,18025.50,18017.75,18022.50,720
2026-01-05 10:10:00,18022.50,18030.00,18013.50,18016.00,1187
2026-01-05 10:11:00,18016.00,18031.75,18014.25,18027.50,403
2026-01-05 10:12:00,18027.50,18040.50,18025.75,18032.00,1151
2026-01-05 10:13:00,18032.00,18065.25,18029.75,18055.25,1324
2026-01-05 10:14:00,18055.25,18074.25,18054.25,18058.50,1139
2026-01-05 10:15:00,18058.50,18064.75,18052.25,18055.50,1120
2026-01-05 10:16:00,18055.50,18062.50,18040.25,18042.00,384
2026-01-05 10:17:00,18042.00,18058.00,18037.50,18054.25,936
2026-01-05 10:18:00,18054.25,18072.25,18044.25,18065.75,947
2026-01-05 10:19:00,18065.75,18067.00,18044.75,18054.75,1195
2026-01-05 10:20:00,18054.75,18056.50,18045.25,18052.00,1030
2026-01-05 10:21:00,18052.00,18053.00,18049.50,18052.00,904
2026-01-05 10:22:00,18052.00,18054.75,18050.00,18053.00,892
2026-01-05 10:23:00,18053.00,18063.50,18051.00,18062.25,600
2026-01-05 10:24:00,18062.25,18072.25,18051.00,18052.00,1004
2026-01-05 10:25:00,18052.00,18071.00,18045.75,18063.50,356
2026-01-05 10:26:00,18063.50,18067.50,18050.50,18050.75,408
2026-01-05 10:27:00,18050.75,18065.50,18048.50,18058.75,1500
2026-01-05 10:28:00,18058.75,18063.25,18058.25,18061.75,588
2026-01-05 10:29:00,18061.75,18067.00,18053.50,18065.75,1076
2026-01-05 10:30:00,18065.75,18073.25,18058.50,18067.25,1334
2026-01-05 10:31:00,18067.25,18074.50,18041.25,18043.50,301
2026-01-05 10:32:00,18043.50,18066.00,18041.50,18064.00,786
2026-01-05 10:33:00,18064.00,18074.50,18052.75,18053.75,1326
2026-01-05 10:34:00,18053.75,18066.75,18051.50,18063.00,732
2026-01-05 10:35:00,18063.00,18066.00,18060.25,18062.25,1189
2026-01-05 10:36:00,18062.25,18064.00,18047.75,18049.25,625
2026-01-05 10:37:00,18049.25,18069.75,18049.25,18061.00,1327
2026-01-05 10:38:00,18061.00,18071.25,18054.75,18060.00,485
2026-01-05 10:39:00,18060.00,18063.50,18055.75,18056.75,557
2026-01-05 10:40:00,18056.75,18058.50,18054.75,18055.00,1366
2026-01-05 10:41:00,18055.00,18063.50,18054.00,18063.25,1045
2026-01-05 10:42:00,18063.25,18068.50,18046.25,18047.25,327
2026-01-05 10:43:00,18047.25,18069.50,18047.25,18063.25,937
2026-01-05 10:44:00,18063.25,18067.75,18056.75,18063.75,642
2026-01-05 10:45:00,18063.75,18072.25,18040.00,18045.75,987
2026-01-05 10:46:00,18045.75,18053.25,18036.75,18050.25,244
2026-01-05 10:47:00,18050.25,18056.50,18046.75,18053.00,1169
2026-01-05 10:48:00,18053.00,18067.50,18043.00,18066.50,1281
2026-01-05 10:49:00,18066.50,18074.50,18055.50,18065.75,708
2026-01-05 10:50:00,18065.75,18069.00,18051.25,18058.75,423
2026-01-05 10:51:00,18058.75,18082.25,18056.00,18075.00,1136
2026-01-05 10:52:00,18075.00,18079.25,18067.00,18069.50,1366
2026-01-05 10:53:00,18069.50,18075.50,18054.50,18057.75,822
2026-01-05 10:54:00,18057.75,18070.25,18052.75,18068.75,429
2026-01-05 10:55:00,18068.75,18072.00,18054.00,18056.25,1393
2026-01-05 10:56:00,18056.25,18063.50,18056.25,18060.00,1300
2026-01-05 10:57:00,18060.00,18061.75,18052.50,18057.50,847
2026-01-05 10:58:00,18057.50,18065.25,18044.25,18047.75,705
2026-01-05 10:59:00,18047.75,18063.75,18046.75,18059.00,829
2026-01-05 11:00:00,18059.00,18064.00,18053.75,18063.00,366
2026-01-05 11:01:00,18063.00,18063.25,18043.50,18050.50,958
2026-01-05 11:02:00,18050.50,18059.75,18047.75,18058.50,1011
2026-01-05 11:03:00,18058.50,18068.25,18050.50,18065.50,1233
2026-01-05 11:04:00,18065.50,18069.25,18063.00,18066.75,597
2026-01-05 11:05:00,18066.75,18071.75,18063.50,18071.25,804
2026-01-05 11:06:00,18071.25,18075.50,18059.25,18067.00,1193
2026-01-05 11:07:00,18067.00,18073.25,18044.00,18047.75,1418
2026-01-05 11:08:00,18047.75,18067.25,18044.75,18063.50,490
2026-01-05 11:09:00,18063.50,18086.25,18059.75,18079.75,577
2026-01-05 11:10:00,18079.75,18086.00,18039.50,18045.25,362
2026-01-05 11:11:00,18045.25,18054.00,18043.50,18050.00,579
2026-01-05 11:12:00,18050.00,18058.00,18046.00,18053.25,975
2026-01-05 11:13:00,18053.25,18067.75,18041.50,18060.25,1106
2026-01-05 11:14:00,18060.25,18060.50,18058.25,18059.25,453
2026-01-05 11:15:00,18059.25,18073.75,18056.25,18066.25,978
2026-01-05 11:16:00,18066.25,18073.25,18047.50,18049.75,300
2026-01-05 11:17:00,18049.75,18052.25,18046.75,18051.50,1309
2026-01-05 11:18:00,18051.50,18065.25,18044.75,18063.75,262
2026-01-05 11:19:00,18063.75,18074.50,18061.00,18072.00,1480
2026-01-05 11:20:00,18072.00,18073.50,18057.75,18059.50,326
2026-01-05 11:21:00,18059.50,18060.25,18051.50,18060.00,1440
2026-01-05 11:22:00,18060.00,18063.25,18049.50,18056.00,736
2026-01-05 11:23:00,18056.00,18056.75,18048.75,18056.50,764
2026-01-05 11:24:00,18056.50,18063.75,18048.50,18055.75,333
2026-01-05 11:25:00,18055.75,18059.25,18050.75,18051.25,1173
2026-01-05 11:26:00,18051.25,18063.00,18049.75,18057.75,1080
2026-01-05 11:27:00,18057.75,18058.75,18043.25,18045.75,1216
2026-01-05 11:28:00,18045.75,18073.50,18045.00,18065.50,509
2026-01-05 11:29:00,18065.50,18068.75,18042.25,18045.00,854
2026-01-05 11:30:00,18045.00,18048.25,18040.25,18046.25,1002
2026-01-05 11:31:00,18046.25,18054.50,18042.75,18054.50,332
2026-01-05 11:32:00,18054.50,18059.00,18051.75,18054.50,1073
2026-01-05 11:33:00,18054.50,18069.25,18045.00,18058.75,742
2026-01-05 11:34:00,18058.75,18061.00,18043.50,18056.25,1115
2026-01-05 11:35:00,18056.25,18072.75,18054.00,18071.50,1143
2026-01-05 11:36:00,18071.50,18076.50,18051.25,18051.50,448
2026-01-05 11:37:00,18051.50,18052.25,18040.75,18044.75,772
2026-01-05 11:38:00,18044.75,18055.25,18044.50,18053.25,706
2026-01-05 11:39:00,18053.25,18056.50,18050.00,18055.00,776
2026-01-05 11:40:00,18055.00,18072.50,18052.75,18068.25,703
2026-01-05 11:41:00,18068.25,18071.75,18067.50,18067.50,405
2026-01-05 11:42:00,18067.50,18079.50,18042.25,18046.50,673
2026-01-05 11:43:00,18046.50,18071.75,18037.50,18066.00,282
2026-01-05 11:44:00,18066.00,18068.50,18058.75,18064.75,1394
2026-01-05 11:45:00,18064.75,18065.50,18062.25,18064.00,1249
2026-01-05 11:46:00,18064.00,18070.50,18063.50,18066.50,212
2026-01-05 11:47:00,18066.50,18079.75,18062.50,18074.75,1469
2026-01-05 11:48:00,18074.75,18075.75,18058.75,18059.50,722
2026-01-05 11:49:00,18059.50,18070.50,18057.75,18063.00,616
2026-01-05 11:50:00,18063.00,18075.00,18059.00,18066.75,1471
2026-01-05 11:51:00,18066.75,18068.00,18062.25,18065.25,1215
2026-01-05 11:52:00,18065.25,18065.75,18054.50,18058.25,1326
2026-01-05 11:53:00,18058.25,18069.25,18053.25,18066.00,535
2026-01-05 11:54:00,18066.00,18068.25,18049.00,18056.25,1055
2026-01-05 11:55:00,18056.25,18064.50,18055.00,18060.50,1360
2026-01-05 11:56:00,18060.50,18070.75,18052.25,18067.50,945
2026-01-05 11:57:00,18067.50,18070.50,18059.25,18063.00,1029
2026-01-05 11:58:00,18063.00,18063.50,18057.50,18061.75,385
2026-01-05 11:59:00,18061.75,18070.00,18051.00,18056.75,1143
2026-01-05 12:00:00,18056.75,18064.75,18054.25,18062.25,1012
2026-01-05 12:01:00,18062.25,18068.75,18058.75,18063.00,959
2026-01-05 12:02:00,18063.00,18066.00,18059.75,18061.25,551
2026-01-05 12:03:00,18061.25,18067.75,18060.25,18065.50,1204
2026-01-05 12:04:00,18065.50,18074.00,18060.75,18062.00,289
2026-01-05 12:05:00,18062.00,18067.50,18054.75,18055.50,309
2026-01-05 12:06:00,18055.50,18059.75,18046.50,18053.00,528
2026-01-05 12:07:00,18053.00,18074.50,18045.75,18068.50,1471
2026-01-05 12:08:00,18068.50,18073.75,18047.75,18049.25,646
2026-01-05 12:09:00,18049.25,18068.50,18046.25,18057.50,520
2026-01-05 12:10:00,18057.50,18060.75,18057.25,18059.00,594
2026-01-05 12:11:00,18059.00,18081.00,18057.50,18075.00,278
2026-01-05 12:12:00,18075.00,18078.75,18054.75,18058.75,1484
2026-01-05 12:13:00,18058.75,18069.25,18052.00,18068.00,831
2026-01-05 12:14:00,18068.00,18070.50,18052.25,18055.00,1097
2026-01-05 12:15:00,18055.00,18055.25,18054.75,18055.00,1202
2026-01-05 12:16:00,18055.00,18056.25,18047.50,18054.00,567
2026-01-05 12:17:00,18054.00,18055.75,18048.00,18052.50,337
2026-01-05 12:18:00,18052.50,18072.25,18048.25,18068.50,1244
2026-01-05 12:19:00,18068.50,18069.25,18066.25,18067.25,466
2026-01-05 12:20:00,18067.25,18078.00,18066.25,18074.00,311
2026-01-05 12:21:00,18074.00,18074.25,18043.25,18053.25,478
2026-01-05 12:22:00,18053.25,18066.00,18047.75,18065.75,424
2026-01-05 12:23:00,18065.75,18070.50,18042.00,18054.75,1207
2026-01-05 12:24:00,18054.75,18068.00,18052.75,18059.50,652
2026-01-05 12:25:00,18059.50,18063.50,18049.50,18051.25,716
2026-01-05 12:26:00,18051.25,18081.00,18049.75,18072.25,494
2026-01-05 12:27:00,18072.25,18078.00,18059.75,18077.75,1183
2026-01-05 12:28:00,18077.75,18081.25,18060.50,18064.75,275
2026-01-05 12:29:00,18064.75,18066.25,18058.25,18063.00,769
2026-01-05 12:30:00,18063.00,18072.25,18052.00,18056.00,435
2026-01-05 12:31:00,18056.00,18075.75,18054.50,18075.50,936
2026-01-05 12:32:00,18075.50,18076.50,18064.75,18072.00,414
2026-01-05 12:33:00,18072.00,18072.00,18056.00,18061.75,1007
2026-01-05 12:34:00,18061.75,18067.50,18058.50,18063.00,499
2026-01-05 12:35:00,18063.00,18074.25,18056.75,18069.00,1105
2026-01-05 12:36:00,18069.00,18075.50,18061.25,18065.00,1256
2026-01-05 12:37:00,18065.00,18065.25,18055.00,18062.00,1399
2026-01-05 12:38:00,18062.00,18083.50,18061.25,18079.00,653
2026-01-05 12:39:00,18079.00,18083.00,18045.25,18050.75,1085
2026-01-05 12:40:00,18050.75,18059.50,18045.50,18057.25,1454
2026-01-05 12:41:00,18057.25,18067.25,18056.50,18066.75,205
2026-01-05 12:42:00,18066.75,18068.50,18052.00,18057.75,1046
2026-01-05 12:43:00,18057.75,18068.25,18054.50,18062.50,618
2026-01-05 12:44:00,18062.50,18069.25,18053.75,18054.00,698
2026-01-05 12:45:00,18054.00,18066.75,18049.00,18065.25,330
2026-01-05 12:46:00,18065.25,18072.75,18052.75,18053.75,741
2026-01-05 12:47:00,18053.75,18058.00,18053.50,18056.25,1351
2026-01-05 12:48:00,18056.25,18076.75,18050.50,18072.75,1260
2026-01-05 12:49:00,18072.75,18073.00,18055.75,18059.25,200
2026-01-05 12:50:00,18059.25,18075.50,18056.25,18074.00,319
2026-01-05 12:51:00,18074.00,18076.00,18066.50,18067.75,1454
2026-01-05 12:52:00,18067.75,18071.25,18044.50,18046.50,1445
2026-01-05 12:53:00,18046.50,18073.00,18041.00,18068.75,1050
2026-01-05 12:54:00,18068.75,18071.50,18065.25,18066.50,299
2026-01-05 12:55:00,18066.50,18078.75,18066.25,18071.00,1178
2026-01-05 12:56:00,18071.00,18071.50,18060.25,18064.50,1152
2026-01-05 12:57:00,18064.50,18070.75,18050.50,18054.00,559
2026-01-05 12:58:00,18054.00,18067.75,18053.75,18065.50,887
2026-01-05 12:59:00,18065.50,18075.75,18058.50,18067.25,739
2026-01-05 13:00:00,18067.25,18071.00,18058.75,18063.50,1271
2026-01-05 13:01:00,18063.50,18067.50,18061.50,18062.25,644
2026-01-05 13:02:00,18062.25,18076.25,18057.25,18073.25,615
2026-01-05 13:03:00,18073.25,18087.75,18070.50,18080.50,869
2026-01-05 13:04:00,18080.50,18085.00,18064.25,18068.00,1491
2026-01-05 13:05:00,18068.00,18080.00,18054.25,18060.75,1298
2026-01-05 13:06:00,18060.75,18062.50,18047.25,18050.25,1095
2026-01-05 13:07:00,18050.25,18053.75,18049.25,18050.50,830
2026-01-05 13:08:00,18050.50,18072.00,18045.25,18067.50,551
2026-01-05 13:09:00,18067.50,18068.25,18059.50,18060.25,418
2026-01-05 13:10:00,18060.25,18064.25,18052.75,18062.25,263
2026-01-05 13:11:00,18062.25,18071.00,18060.25,18064.00,1498
2026-01-05 13:12:00,18064.00,18069.00,18055.00,18068.50,944
2026-01-05 13:13:00,18068.50,18074.00,18057.25,18070.25,1293
2026-01-05 13:14:00,18070.25,18071.25,18061.00,18068.25,986
2026-01-05 13:15:00,18068.25,18070.75,18050.75,18052.75,429
2026-01-05 13:16:00,18052.75,18087.50,18046.00,18085.00,379
2026-01-05 13:17:00,18085.00,18088.00,18053.00,18059.00,788
2026-01-05 13:18:00,18059.00,18062.25,18057.25,18061.75,803
2026-01-05 13:19:00,18061.75,18063.75,18050.50,18055.00,242
2026-01-05 13:20:00,18055.00,18064.25,18047.25,18055.25,857
2026-01-05 13:21:00,18055.25,18071.00,18048.75,18070.25,1175
2026-01-05 13:22:00,18070.25,18078.25,18065.50,18073.00,1093
2026-01-05 13:23:00,18073.00,18075.25,18067.75,18068.00,1160
2026-01-05 13:24:00,18068.00,18073.75,18061.75,18063.75,386
2026-01-05 13:25:00,18063.75,18085.50,18062.00,18082.00,1093
2026-01-05 13:26:00,18082.00,18082.00,18071.00,18072.00,208
2026-01-05 13:27:00,18072.00,18073.25,18042.75,18044.50,577
2026-01-05 13:28:00,18044.50,18078.50,18039.00,18077.25,1383
2026-01-05 13:29:00,18077.25,18081.00,18062.75,18064.25,639
2026-01-05 13:30:00,18064.25,18073.50,18058.50,18072.25,365
2026-01-05 13:31:00,18072.25,18097.75,18071.25,18083.25,1349
2026-01-05 13:32:00,18083.25,18089.75,18066.50,18069.50,1008
2026-01-05 13:33:00,18069.50,18079.50,18064.50,18073.25,1064
2026-01-05 13:34:00,18073.25,18074.00,18067.25,18068.50,1316
2026-01-05 13:35:00,18068.50,18077.75,18068.50,18073.00,1491
2026-01-05 13:36:00,18073.00,18078.25,18060.25,18068.00,1439
2026-01-05 13:37:00,18068.00,18070.75,18061.00,18064.50,869
2026-01-05 13:38:00,18064.50,18065.75,18045.50,18051.25,862
2026-01-05 13:39:00,18051.25,18073.00,18046.75,18070.50,726
2026-01-05 13:40:00,18070.50,18071.75,18054.00,18063.75,687
2026-01-05 13:41:00,18063.75,18075.00,18063.50,18071.25,1464
2026-01-05 13:42:00,18071.25,18073.50,18070.00,18070.00,1269
2026-01-05 13:43:00,18070.00,18076.75,18067.25,18074.75,587
2026-01-05 13:44:00,18074.75,18086.75,18063.50,18066.50,408
2026-01-05 13:45:00,18066.50,18068.50,18064.00,18067.50,503
2026-01-05 13:46:00,18067.50,18078.75,18064.50,18071.25,418
2026-01-05 13:47:00,18071.25,18073.25,18060.00,18069.75,1150
2026-01-05 13:48:00,18069.75,18076.75,18067.75,18075.75,1224
2026-01-05 13:49:00,18075.75,18079.75,18055.50,18056.00,245
2026-01-05 13:50:00,18056.00,18079.75,18049.50,18074.75,1080
2026-01-05 13:51:00,18074.75,18077.25,18068.75,18075.50,1062
2026-01-05 13:52:00,18075.50,18081.25,18069.00,18074.75,1395
2026-01-05 13:53:00,18074.75,18079.00,18049.00,18054.75,454
2026-01-05 13:54:00,18054.75,18062.75,18053.25,18061.50,1059
2026-01-05 13:55:00,18061.50,18065.75,18056.75,18065.50,1489
2026-01-05 13:56:00,18065.50,18084.75,18064.50,18077.00,1038
2026-01-05 13:57:00,18077.00,18084.00,18067.75,18068.50,574
2026-01-05 13:58:00,18068.50,18076.75,18059.50,18074.00,417
2026-01-05 13:59:00,18074.00,18079.75,18068.00,18069.50,529
2026-01-05 14:00:00,18069.50,18081.00,18063.00,18064.25,1376
2026-01-05 14:01:00,18064.25,18078.75,18063.50,18075.50,1174
2026-01-05 14:02:00,18075.50,18076.00,18054.50,18057.25,1040
2026-01-05 14:03:00,18057.25,18060.50,18052.00,18060.25,576
2026-01-05 14:04:00,18060.25,18065.25,18048.25,18058.25,928
2026-01-05 14:05:00,18058.25,18087.25,18055.50,18084.75,982
2026-01-05 14:06:00,18084.75,18085.25,18063.50,18067.75,921
2026-01-05 14:07:00,18067.75,18075.00,18066.75,18073.00,821
2026-01-05 14:08:00,18073.00,18084.25,18064.50,18068.00,1002
2026-01-05 14:09:00,18068.00,18070.75,18067.25,18068.00,341
2026-01-05 14:10:00,18068.00,18079.50,18062.00,18073.25,662
2026-01-05 14:11:00,18073.25,18074.25,18068.75,18071.00,1046
2026-01-05 14:12:00,18071.00,18071.75,18060.25,18062.75,1161
2026-01-05 14:13:00,18062.75,18073.75,18055.25,18068.00,747
2026-01-05 14:14:00,18068.00,18075.00,18058.75,18065.75,1186
2026-01-05 14:15:00,18065.75,18075.75,18065.50,18068.00,775
2026-01-05 14:16:00,18068.00,18073.50,18059.75,18062.00,1476
2026-01-05 14:17:00,18062.00,18082.50,18056.75,18077.75,942
2026-01-05 14:18:00,18077.75,18081.00,18072.00,18073.50,1356
2026-01-05 14:19:00,18073.50,18080.50,18067.25,18071.75,487
2026-01-05 14:20:00,18071.75,18072.50,18056.25,18062.50,629
2026-01-05 14:21:00,18062.50,18070.50,18060.50,18064.00,712
2026-01-05 14:22:00,18064.00,18068.00,18059.75,18061.50,1125
2026-01-05 14:23:00,18061.50,18067.25,18059.25,18065.75,1024
2026-01-05 14:24:00,18065.75,18074.00,18060.75,18071.25,385
2026-01-05 14:25:00,18071.25,18076.25,18054.25,18063.00,808
2026-01-05 14:26:00,18063.00,18081.00,18055.25,18074.00,1098
2026-01-05 14:27:00,18074.00,18075.25,18065.50,18067.50,442
2026-01-05 14:28:00,18067.50,18073.00,18064.00,18069.50,319
2026-01-05 14:29:00,18069.50,18087.75,18068.50,18077.25,1206
2026-01-05 14:30:00,18077.25,18080.25,18064.00,18070.25,528
2026-01-05 14:31:00,18070.25,18073.25,18058.00,18062.75,1352
2026-01-05 14:32:00,18062.75,18063.75,18057.75,18063.75,354
2026-01-05 14:33:00,18063.75,18074.25,18059.75,18072.25,258
2026-01-05 14:34:00,18072.25,18073.00,18070.75,18073.00,392
2026-01-05 14:35:00,18073.00,18078.50,18040.50,18041.00,495
2026-01-05 14:36:00,18041.00,18084.75,18038.00,18083.00,949
2026-01-05 14:37:00,18083.00,18087.50,18058.50,18065.50,1334
2026-01-05 14:38:00,18065.50,18074.75,18061.00,18071.50,1334
2026-01-05 14:39:00,18071.50,18077.75,18070.25,18074.00,927
2026-01-05 14:40:00,18074.00,18079.00,18070.25,18074.75,1237
2026-01-05 14:41:00,18074.75,18076.50,18068.00,18070.75,1208
2026-01-05 14:42:00,18070.75,18077.00,18069.00,18072.75,1401
2026-01-05 14:43:00,18072.75,18079.25,18072.50,18077.25,282
2026-01-05 14:44:00,18077.25,18080.75,18057.75,18062.75,1016
2026-01-05 14:45:00,18062.75,18077.00,18062.25,18077.00,588
2026-01-05 14:46:00,18077.00,18082.00,18075.00,18075.25,1225
2026-01-05 14:47:00,18075.25,18080.75,18064.75,18068.50,1462
2026-01-05 14:48:00,18068.50,18084.25,18064.75,18078.50,369
2026-01-05 14:49:00,18078.50,18080.25,18049.25,18056.25,1137
2026-01-05 14:50:00,18056.25,18070.00,18051.25,18068.00,1063
2026-01-05 14:51:00,18068.00,18069.75,18047.00,18057.75,227
2026-01-05 14:52:00,18057.75,18068.00,18056.25,18061.50,728
2026-01-05 14:53:00,18061.50,18063.50,18059.25,18061.50,270
2026-01-05 14:54:00,18061.50,18072.75,18054.50,18068.00,311
2026-01-05 14:55:00,18068.00,18073.75,18057.00,18057.25,443
2026-01-05 14:56:00,18057.25,18078.00,18055.50,18073.00,337
2026-01-05 14:57:00,18073.00,18077.75,18063.75,18064.00,1412
2026-01-05 14:58:00,18064.00,18084.00,18059.50,18083.50,1323
2026-01-05 14:59:00,18083.50,18089.00,18079.25,18083.25,634
2026-01-05 15:00:00,18083.25,18087.25,18080.25,18081.00,449
2026-01-05 15:01:00,18081.00,18090.50,18071.75,18072.50,646
2026-01-05 15:02:00,18072.50,18076.75,18065.00,18075.00,696
2026-01-05 15:03:00,18075.00,18082.50,18071.25,18073.50,302
2026-01-05 15:04:00,18073.50,18079.50,18062.50,18063.25,372
2026-01-05 15:05:00,18063.25,18069.75,18057.25,18068.00,1220
2026-01-05 15:06:00,18068.00,18070.75,18054.00,18054.25,265
2026-01-05 15:07:00,18054.25,18093.75,18054.25,18093.00,1466
2026-01-05 15:08:00,18093.00,18095.00,18078.00,18078.50,1196
2026-01-05 15:09:00,18078.50,18081.75,18065.00,18067.75,1377
2026-01-05 15:10:00,18067.75,18076.75,18061.50,18071.25,439
2026-01-05 15:11:00,18071.25,18095.25,18066.00,18090.75,1489
2026-01-05 15:12:00,18090.75,18096.00,18074.75,18075.50,757
2026-01-05 15:13:00,18075.50,18076.75,18058.00,18064.00,798
2026-01-05 15:14:00,18064.00,18077.25,18059.00,18070.75,1428
2026-01-05 15:15:00,18070.75,18074.00,18055.50,18061.25,231
2026-01-05 15:16:00,18061.25,18083.75,18059.50,18078.25,704
2026-01-05 15:17:00,18078.25,18086.00,18073.25,18080.75,1432
2026-01-05 15:18:00,18080.75,18084.25,18066.75,18073.75,858
2026-01-05 15:19:00,18073.75,18077.25,18068.75,18076.75,1401
2026-01-05 15:20:00,18076.75,18089.00,18076.00,18085.00,488
2026-01-05 15:21:00,18085.00,18088.75,18057.75,18066.75,1371
2026-01-05 15:22:00,18066.75,18096.75,18065.00,18086.25,1223
2026-01-05 15:23:00,18086.25,18087.50,18062.00,18063.75,1333
2026-01-05 15:24:00,18063.75,18066.00,18062.00,18065.50,679
2026-01-05 15:25:00,18065.50,18066.00,18059.50,18061.00,1009
2026-01-05 15:26:00,18061.00,18068.75,18060.75,18068.25,988
2026-01-05 15:27:00,18068.25,18088.75,18067.75,18086.75,927
2026-01-05 15:28:00,18086.75,18090.25,18065.50,18074.50,1268
2026-01-05 15:29:00,18074.50,18077.00,18060.25,18065.50,613
2026-01-05 15:30:00,18065.50,18078.50,18062.25,18075.75,943
2026-01-05 15:31:00,18075.75,18089.00,18073.50,18085.00,1259
2026-01-05 15:32:00,18085.00,18087.75,18072.50,18077.50,417
2026-01-05 15:33:00,18077.50,18081.25,18065.75,18069.50,367
2026-01-05 15:34:00,18069.50,18085.25,18066.25,18080.00,242
2026-01-05 15:35:00,18080.00,18084.75,18078.25,18082.00,1358
2026-01-05 15:36:00,18082.00,18082.50,18063.25,18063.75,1072
2026-01-05 15:37:00,18063.75,18092.25,18060.75,18088.00,1414
2026-01-05 15:38:00,18088.00,18099.25,18082.75,18082.75,611
2026-01-05 15:39:00,18082.75,18087.50,18076.25,18076.50,256
2026-01-05 15:40:00,18076.50,18086.00,18072.75,18084.00,331
2026-01-05 15:41:00,18084.00,18088.50,18062.75,18068.00,445
2026-01-05 15:42:00,18068.00,18075.50,18066.50,18073.50,383
2026-01-05 15:43:00,18073.50,18086.75,18071.50,18079.75,1005
2026-01-05 15:44:00,18079.75,18089.50,18077.25,18081.00,654
2026-01-05 15:45:00,18081.00,18086.50,18068.75,18078.75,920
2026-01-05 15:46:00,18078.75,18086.25,18068.25,18084.00,728
2026-01-05 15:47:00,18084.00,18085.75,18070.50,18077.75,1190
2026-01-05 15:48:00,18077.75,18079.75,18077.50,18079.00,811
2026-01-05 15:49:00,18079.00,18083.50,18053.00,18055.75,415
2026-01-05 15:50:00,18055.75,18068.00,18052.25,18067.25,977
2026-01-05 15:51:00,18067.25,18081.50,18064.25,18079.75,493
2026-01-05 15:52:00,18079.75,18094.75,18069.25,18089.50,273
2026-01-05 15:53:00,18089.50,18094.50,18071.00,18078.50,359
2026-01-05 15:54:00,18078.50,18093.75,18076.50,18089.75,1115
2026-01-05 15:55:00,18089.75,18100.25,18069.50,18072.25,988
2026-01-05 15:56:00,18072.25,18087.00,18068.00,18081.25,678
2026-01-05 15:57:00,18081.25,18088.00,18076.50,18077.50,492
2026-01-05 15:58:00,18077.50,18084.25,18066.75,18069.00,496
2026-01-05 15:59:00,18069.00,18085.75,18068.00,18083.25,1056
2026-01-06 08:00:00,18006.75,18008.50,18001.75,18005.00,1188
2026-01-06 08:01:00,18005.00,18014.75,17998.50,18007.25,316
2026-01-06 08:02:00,18007.25,18012.00,17995.75,17999.75,786
2026-01-06 08:03:00,17999.75,18008.00,17995.75,18003.50,946
2026-01-06 08:04:00,18003.50,18004.75,18002.75,18002.75,999
2026-01-06 08:05:00,18002.75,18013.50,17995.25,18011.50,317
2026-01-06 08:06:00,18011.50,18024.25,18008.25,18015.50,1105
2026-01-06 08:07:00,18015.50,18016.75,18011.00,18014.00,487
2026-01-06 08:08:00,18014.00,18016.25,17994.75,17997.50,937
2026-01-06 08:09:00,17997.50,18013.00,17994.25,18005.75,647
2026-01-06 08:10:00,18005.75,18009.25,18003.25,18007.00,671
2026-01-06 08:11:00,18007.00,18007.50,17999.25,18001.50,362
2026-01-06 08:12:00,18001.50,18020.25,18000.75,18013.75,559
2026-01-06 08:13:00,18013.75,18015.00,17993.00,17997.75,1487
2026-01-06 08:14:00,17997.75,18015.25,17997.25,18010.75,1264
2026-01-06 08:15:00,18010.75,18015.50,18007.00,18010.00,313
2026-01-06 08:16:00,18010.00,18010.50,18001.50,18002.50,1209
2026-01-06 08:17:00,18002.50,18019.50,18000.50,18016.50,1176
2026-01-06 08:18:00,18016.50,18020.50,18014.00,18014.00,951
2026-01-06 08:19:00,18014.00,18021.50,18012.75,18016.00,1377
2026-01-06 08:20:00,18016.00,18016.25,18004.00,18007.75,1256
2026-01-06 08:21:00,18007.75,18010.75,18006.00,18007.50,701
2026-01-06 08:22:00,18007.50,18020.00,18005.00,18013.25,981
2026-01-06 08:23:00,18013.25,18024.00,18009.75,18017.00,797
2026-01-06 08:24:00,18017.00,18025.50,18012.75,18019.00,1286
2026-01-06 08:25:00,18019.00,18019.75,18007.00,18009.00,698
2026-01-06 08:26:00,18009.00,18013.50,18008.25,18013.00,712
2026-01-06 08:27:00,18013.00,18021.50,18008.25,18011.50,239
2026-01-06 08:28:00,18011.50,18019.75,18011.25,18016.50,1427
2026-01-06 08:29:00,18016.50,18019.00,18007.00,18010.00,688
2026-01-06 08:30:00,18010.00,18011.50,18004.25,18008.25,292
2026-01-06 08:31:00,18008.25,18008.75,17998.25,18002.25,1399
2026-01-06 08:32:00,18002.25,18004.25,17999.50,18004.25,480
2026-01-06 08:33:00,18004.25,18016.00,18003.50,18013.50,664
2026-01-06 08:34:00,18013.50,18017.75,18013.50,18014.00,237
2026-01-06 08:35:00,18014.00,18017.25,18004.50,18005.75,1061
2026-01-06 08:36:00,18005.75,18008.50,17993.50,18002.75,306
2026-01-06 08:37:00,18002.75,18013.75,17999.50,18013.25,692
2026-01-06 08:38:00,18013.25,18019.50,18010.75,18014.75,856
2026-01-06 08:39:00,18014.75,18017.50,17997.00,18003.25,309
2026-01-06 08:40:00,18003.25,18010.00,18001.75,18008.25,1064
2026-01-06 08:41:00,18008.25,18008.50,18004.25,18004.75,423
2026-01-06 08:42:00,18004.75,18008.00,18000.75,18007.75,242
2026-01-06 08:43:00,18007.75,18013.50,18004.00,18013.00,1013
2026-01-06 08:44:00,18013.00,18021.25,18008.00,18012.50,282
2026-01-06 08:45:00,18012.50,18017.50,18001.00,18002.00,744
2026-01-06 08:46:00,18002.00,18020.00,17997.50,18017.50,273
2026-01-06 08:47:00,18017.50,18019.50,18000.75,18002.50,1265
2026-01-06 08:48:00,18002.50,18015.00,18000.75,18014.75,911
2026-01-06 08:49:00,18014.75,18015.75,18009.75,18011.25,1417
2026-01-06 08:50:00,18011.25,18025.75,18010.00,18023.75,1408
2026-01-06 08:51:00,18023.75,18025.75,18008.75,18009.25,453
2026-01-06 08:52:00,18009.25,18009.75,17994.25,17998.25,761
2026-01-06 08:53:00,17998.25,18007.00,17996.75,18006.75,1318
2026-01-06 08:54:00,18006.75,18013.25,18006.00,18009.25,991
2026-01-06 08:55:00,18009.25,18011.00,18001.50,18007.00,1143
2026-01-06 08:56:00,18007.00,18017.00,18000.50,18015.00,263
2026-01-06 08:57:00,18015.00,18015.00,18010.00,18012.75,1249
2026-01-06 08:58:00,18012.75,18015.50,17989.50,17996.00,532
2026-01-06 08:59:00,17996.00,18021.25,17994.00,18019.50,1340
2026-01-06 09:00:00,18019.50,18022.00,18007.25,18009.25,316
2026-01-06 09:01:00,18009.25,18009.50,18006.50,18008.50,336
2026-01-06 09:02:00,18008.50,18010.50,18004.75,18007.25,1100
2026-01-06 09:03:00,18007.25,18011.00,18000.75,18005.50,1266
2026-01-06 09:04:00,18005.50,18023.00,18005.25,18014.00,890
2026-01-06 09:05:00,18014.00,18015.00,18006.50,18008.25,614
2026-01-06 09:06:00,18008.25,18013.00,18001.25,18003.00,1173
2026-01-06 09:07:00,18003.00,18006.00,17998.00,18005.25,1494
2026-01-06 09:08:00,18005.25,18015.50,18005.00,18014.75,1326
2026-01-06 09:09:00,18014.75,18018.50,18009.50,18011.75,1371
2026-01-06 09:10:00,18011.75,18024.75,18010.75,18019.00,427
2026-01-06 09:11:00,18019.00,18023.25,18016.25,18020.50,1137
2026-01-06 09:12:00,18020.50,18023.75,18008.25,18011.00,1419
2026-01-06 09:13:00,18011.00,18020.50,18009.00,18018.25,1223
2026-01-06 09:14:00,18018.25,18020.25,18002.50,18008.75,1092
2026-01-06 09:15:00,18008.75,18014.25,18006.50,18010.00,380
2026-01-06 09:16:00,18010.00,18017.75,18005.25,18015.00,696
2026-01-06 09:17:00,18015.00,18017.25,18010.50,18011.00,1073
2026-01-06 09:18:00,18011.00,18030.00,18008.25,18024.25,1218
2026-01-06 09:19:00,18024.25,18025.50,18009.25,18013.50,839
2026-01-06 09:20:00,18013.50,18016.50,17987.75,17992.00,1080
2026-01-06 09:21:00,17992.00,18014.75,17989.75,18012.25,1417
2026-01-06 09:22:00,18012.25,18015.75,18008.75,18010.00,669
2026-01-06 09:23:00,18010.00,18016.00,18008.00,18013.25,1021
2026-01-06 09:24:00,18013.25,18020.00,18003.75,18005.00,1062
2026-01-06 09:25:00,18005.00,18020.25,18004.75,18016.50,1479
2026-01-06 09:26:00,18016.50,18022.50,18014.25,18019.75,388
2026-01-06 09:27:00,18019.75,18021.25,18001.25,18004.25,353
2026-01-06 09:28:00,18004.25,18020.75,17998.50,18016.75,903
2026-01-06 09:29:00,18016.75,18030.25,18016.25,18020.25,1061
2026-01-06 09:30:00,18020.25,18024.50,17994.25,17995.50,585
2026-01-06 09:31:00,17995.50,17997.00,17989.00,17990.00,1357
2026-01-06 09:32:00,17990.00,17992.75,17975.00,17981.75,286
2026-01-06 09:33:00,17981.75,17982.00,17979.25,17980.00,205
2026-01-06 09:34:00,17980.00,17987.00,17964.75,17969.00,401
2026-01-06 09:35:00,17969.00,17976.50,17968.25,17976.00,1219
2026-01-06 09:36:00,17976.00,17985.75,17974.25,17984.00,1253
2026-01-06 09:37:00,17984.00,17985.75,17979.00,17979.00,1041
2026-01-06 09:38:00,17979.00,17994.25,17977.50,17993.75,259
2026-01-06 09:39:00,17993.75,18003.50,17993.25,18002.75,1270
2026-01-06 09:40:00,18002.75,18003.00,18000.75,18003.00,225
2026-01-06 09:41:00,18003.00,18023.75,18001.50,18023.00,494
2026-01-06 09:42:00,18023.00,18024.50,18022.50,18023.25,403
2026-01-06 09:43:00,18023.25,18038.50,18021.00,18036.50,329
2026-01-06 09:44:00,18036.50,18037.50,18034.00,18034.25,1010
2026-01-06 09:45:00,18034.25,18037.50,18025.25,18026.25,1470
2026-01-06 09:46:00,18026.25,18028.25,18014.00,18016.25,555
2026-01-06 09:47:00,18016.25,18018.75,18006.50,18012.25,1132
2026-01-06 09:48:00,18012.25,18016.00,17992.00,17995.25,338
2026-01-06 09:49:00,17995.25,17995.50,17984.00,17987.00,1397
2026-01-06 09:50:00,17987.00,17989.50,17977.50,17980.00,698
2026-01-06 09:51:00,17980.00,17982.75,17973.00,17978.00,215
2026-01-06 09:52:00,17978.00,18001.25,17975.25,18000.50,1293
2026-01-06 09:53:00,18000.50,18004.25,17992.75,17996.50,334
2026-01-06 09:54:00,17996.50,18016.25,17990.00,18014.75,993
2026-01-06 09:55:00,18014.75,18016.50,17999.50,18004.25,685
2026-01-06 09:56:00,18004.25,18011.25,17993.50,18009.50,695
2026-01-06 09:57:00,18009.50,18026.75,18007.00,18026.00,752
2026-01-06 09:58:00,18026.00,18029.00,18006.00,18012.25,691
2026-01-06 09:59:00,18012.25,18034.50,18007.50,18031.50,1029
2026-01-06 10:00:00,18031.50,18042.00,18019.50,18023.50,1233
2026-01-06 10:01:00,18023.50,18074.75,18012.00,18071.25,468
2026-01-06 10:02:00,18071.25,18094.25,18066.00,18086.75,953
2026-01-06 10:03:00,18086.75,18092.75,18052.50,18053.75,1244
2026-01-06 10:04:00,18053.75,18082.75,18048.50,18070.75,1311
2026-01-06 10:05:00,18070.75,18086.50,18063.00,18080.50,988
2026-01-06 10:06:00,18080.50,18095.75,18079.75,18094.00,376
2026-01-06 10:07:00,18094.00,18097.50,18076.25,18086.00,674
2026-01-06 10:08:00,18086.00,18094.00,18078.25,18084.25,940
2026-01-06 10:09:00,18084.25,18108.50,18074.75,18105.00,594
2026-01-06 10:10:00,18105.00,18113.00,18104.50,18111.00,1017
2026-01-06 10:11:00,18111.00,18115.50,18105.00,18114.25,1151
2026-01-06 10:12:00,18114.25,18130.75,18112.25,18118.50,766
2026-01-06 10:13:00,18118.50,18121.00,18112.25,18117.25,919
2026-01-06 10:14:00,18117.25,18130.25,18115.25,18129.50,1020
2026-01-06 10:15:00,18129.50,18134.50,18116.25,18123.00,572
2026-01-06 10:16:00,18123.00,18129.50,18120.25,18121.50,1028
2026-01-06 10:17:00,18121.50,18137.50,18120.75,18134.75,605
2026-01-06 10:18:00,18134.75,18137.50,18122.75,18123.25,1489
2026-01-06 10:19:00,18123.25,18125.25,18110.75,18113.00,666
2026-01-06 10:20:00,18113.00,18116.25,18111.50,18111.50,1378
2026-01-06 10:21:00,18111.50,18131.75,18111.25,18131.75,786
2026-01-06 10:22:00,18131.75,18142.00,18125.50,18136.50,700
2026-01-06 10:23:00,18136.50,18137.00,18115.75,18116.75,852
2026-01-06 10:24:00,18116.75,18137.75,18116.75,18127.50,1006
2026-01-06 10:25:00,18127.50,18134.25,18119.75,18119.75,652
2026-01-06 10:26:00,18119.75,18124.50,18115.00,18122.50,896
2026-01-06 10:27:00,18122.50,18125.25,18113.00,18120.50,1486
2026-01-06 10:28:00,18120.50,18124.50,18115.00,18116.50,1248
2026-01-06 10:29:00,18116.50,18123.00,18109.75,18118.25,1202
2026-01-06 10:30:00,18118.25,18124.75,18115.75,18123.50,734
2026-01-06 10:31:00,18123.50,18124.75,18106.75,18109.50,683
2026-01-06 10:32:00,18109.50,18118.50,18105.25,18117.50,1043
2026-01-06 10:33:00,18117.50,18131.75,18113.75,18126.00,480
2026-01-06 10:34:00,18126.00,18137.25,18124.25,18131.50,695
2026-01-06 10:35:00,18131.50,18138.75,18118.00,18118.25,472
2026-01-06 10:36:00,18118.25,18132.00,18115.25,18130.25,490
2026-01-06 10:37:00,18130.25,18142.25,18128.50,18139.25,1489
2026-01-06 10:38:00,18139.25,18144.75,18127.25,18127.50,517
2026-01-06 10:39:00,18127.50,18131.75,18115.50,18118.50,1031
2026-01-06 10:40:00,18118.50,18127.50,18117.50,18125.25,622
2026-01-06 10:41:00,18125.25,18140.50,18122.50,18130.75,822
2026-01-06 10:42:00,18130.75,18137.75,18125.25,18127.50,864
2026-01-06 10:43:00,18127.50,18133.25,18122.50,18124.75,792
2026-01-06 10:44:00,18124.75,18126.50,18109.75,18125.00,1194
2026-01-06 10:45:00,18125.00,18131.75,18121.25,18125.25,1354
2026-01-06 10:46:00,18125.25,18132.25,18117.25,18122.50,1312
2026-01-06 10:47:00,18122.50,18124.50,18117.00,18121.00,386
2026-01-06 10:48:00,18121.00,18126.25,18110.25,18116.75,714
2026-01-06 10:49:00,18116.75,18120.00,18115.25,18119.00,256
2026-01-06 10:50:00,18119.00,18132.25,18116.25,18131.50,1276
2026-01-06 10:51:00,18131.50,18137.75,18120.50,18129.75,545
2026-01-06 10:52:00,18129.75,18138.50,18127.25,18133.75,976
2026-01-06 10:53:00,18133.75,18137.50,18125.50,18134.00,855
2026-01-06 10:54:00,18134.00,18136.50,18116.25,18124.25,719
2026-01-06 10:55:00,18124.25,18124.25,18115.00,18116.25,1360
2026-01-06 10:56:00,18116.25,18139.75,18111.25,18129.50,303
2026-01-06 10:57:00,18129.50,18134.75,18121.75,18123.75,1223
2026-01-06 10:58:00,18123.75,18139.50,18115.25,18120.50,490
2026-01-06 10:59:00,18120.50,18121.50,18114.25,18117.00,1107
2026-01-06 11:00:00,18117.00,18122.25,18107.75,18118.50,1181
2026-01-06 11:01:00,18118.50,18124.50,18111.25,18121.75,205
2026-01-06 11:02:00,18121.75,18136.00,18118.75,18134.50,493
2026-01-06 11:03:00,18134.50,18136.00,18108.50,18115.50,1253
2026-01-06 11:04:00,18115.50,18129.50,18115.00,18119.75,561
2026-01-06 11:05:00,18119.75,18126.75,18118.00,18124.25,805
2026-01-06 11:06:00,18124.25,18138.50,18121.50,18138.25,1160
2026-01-06 11:07:00,18138.25,18142.00,18112.50,18114.75,1143
2026-01-06 11:08:00,18114.75,18117.50,18112.75,18115.00,1021
2026-01-06 11:09:00,18115.00,18127.00,18113.50,18120.50,322
2026-01-06 11:10:00,18120.50,18127.00,18117.25,18122.75,1062
2026-01-06 11:11:00,18122.75,18128.00,18113.75,18115.25,480
2026-01-06 11:12:00,18115.25,18126.00,18114.50,18121.75,586
2026-01-06 11:13:00,18121.75,18124.00,18114.00,18122.75,374
2026-01-06 11:14:00,18122.75,18135.50,18112.00,18130.25,937
2026-01-06 11:15:00,18130.25,18136.25,18116.50,18117.50,1011
2026-01-06 11:16:00,18117.50,18127.00,18114.25,18123.75,429
2026-01-06 11:17:00,18123.75,18125.50,18114.00,18123.00,394
2026-01-06 11:18:00,18123.00,18135.25,18122.00,18128.75,1138
2026-01-06 11:19:00,18128.75,18129.75,18112.25,18118.50,431
2026-01-06 11:20:00,18118.50,18133.00,18110.00,18122.50,350
2026-01-06 11:21:00,18122.50,18123.25,18115.25,18117.75,1230
2026-01-06 11:22:00,18117.75,18120.00,18112.00,18112.00,1255
2026-01-06 11:23:00,18112.00,18127.50,18106.50,18120.25,1002
2026-01-06 11:24:00,18120.25,18123.75,18102.00,18104.00,390
2026-01-06 11:25:00,18104.00,18138.00,18097.75,18132.75,317
2026-01-06 11:26:00,18132.75,18133.50,18115.00,18122.25,636
2026-01-06 11:27:00,18122.25,18129.75,18121.75,18127.50,477
2026-01-06 11:28:00,18127.50,18132.00,18102.25,18109.25,1352
2026-01-06 11:29:00,18109.25,18119.00,18104.25,18113.00,926
2026-01-06 11:30:00,18113.00,18137.75,18108.50,18130.75,223
2026-01-06 11:31:00,18130.75,18136.75,18128.50,18135.75,963
2026-01-06 11:32:00,18135.75,18136.25,18111.00,18114.50,1436
2026-01-06 11:33:00,18114.50,18134.25,18111.00,18131.50,870
2026-01-06 11:34:00,18131.50,18133.75,18119.25,18125.50,721
2026-01-06 11:35:00,18125.50,18130.00,18113.00,18119.00,243
2026-01-06 11:36:00,18119.00,18135.25,18118.25,18130.00,426
2026-01-06 11:37:00,18130.00,18133.25,18123.75,18125.50,507
2026-01-06 11:38:00,18125.50,18126.75,18116.25,18118.25,495
2026-01-06 11:39:00,18118.25,18121.25,18115.25,18117.25,750
2026-01-06 11:40:00,18117.25,18126.00,18115.75,18125.75,1227
2026-01-06 11:41:00,18125.75,18129.50,18125.75,18128.25,272
2026-01-06 11:42:00,18128.25,18137.50,18124.25,18134.50,1174
2026-01-06 11:43:00,18134.50,18141.75,18114.50,18116.00,1118
2026-01-06 11:44:00,18116.00,18122.00,18110.25,18111.75,874
2026-01-06 11:45:00,18111.75,18126.50,18111.00,18122.50,468
2026-01-06 11:46:00,18122.50,18123.25,18120.25,18122.50,1157
2026-01-06 11:47:00,18122.50,18133.75,18117.75,18131.25,924
2026-01-06 11:48:00,18131.25,18135.25,18118.25,18121.75,709
2026-01-06 11:49:00,18121.75,18138.75,18118.25,18125.25,292
2026-01-06 11:50:00,18125.25,18131.00,18113.00,18115.75,330
2026-01-06 11:51:00,18115.75,18134.50,18115.75,18130.75,1365
2026-01-06 11:52:00,18130.75,18133.50,18110.50,18115.25,1348
2026-01-06 11:53:00,18115.25,18136.00,18114.00,18134.25,608
2026-01-06 11:54:00,18134.25,18141.00,18123.50,18126.50,776
2026-01-06 11:55:00,18126.50,18127.50,18115.50,18119.00,489
2026-01-06 11:56:00,18119.00,18125.50,18118.25,18121.75,1242
2026-01-06 11:57:00,18121.75,18124.00,18108.75,18111.75,1327
2026-01-06 11:58:00,18111.75,18127.50,18109.75,18123.25,1186
2026-01-06 11:59:00,18123.25,18133.50,18113.00,18113.25,680
2026-01-06 12:00:00,18113.25,18129.50,18110.50,18129.25,1128
2026-01-06 12:01:00,18129.25,18145.00,18126.50,18141.00,819
2026-01-06 12:02:00,18141.00,18143.75,18129.75,18134.50,716
2026-01-06 12:03:00,18134.50,18135.75,18128.50,18134.75,897
2026-01-06 12:04:00,18134.75,18136.25,18123.75,18129.50,823
2026-01-06 12:05:00,18129.50,18142.00,18113.25,18120.00,931
2026-01-06 12:06:00,18120.00,18138.25,18118.00,18137.00,1192
2026-01-06 12:07:00,18137.00,18138.25,18104.50,18107.00,727
2026-01-06 12:08:00,18107.00,18114.25,18104.50,18112.00,241
2026-01-06 12:09:00,18112.00,18121.75,18107.25,18120.75,610
2026-01-06 12:10:00,18120.75,18132.50,18118.50,18130.00,695
2026-01-06 12:11:00,18130.00,18131.25,18112.75,18125.00,1430
2026-01-06 12:12:00,18125.00,18128.50,18122.50,18128.00,479
2026-01-06 12:13:00,18128.00,18131.75,18115.25,18115.50,230
2026-01-06 12:14:00,18115.50,18123.75,18112.50,18113.50,255
2026-01-06 12:15:00,18113.50,18134.75,18109.50,18132.00,891
2026-01-06 12:16:00,18132.00,18140.75,18131.50,18132.25,1454
2026-01-06 12:17:00,18132.25,18135.00,18117.00,18121.75,1424
2026-01-06 12:18:00,18121.75,18128.50,18109.00,18109.75,848
2026-01-06 12:19:00,18109.75,18136.75,18104.25,18123.75,314
2026-01-06 12:20:00,18123.75,18127.50,18112.75,18114.25,238
2026-01-06 12:21:00,18114.25,18122.50,18112.00,18121.00,384
2026-01-06 12:22:00,18121.00,18124.50,18116.25,18120.50,1336
2026-01-06 12:23:00,18120.50,18143.00,18109.25,18135.25,1377
2026-01-06 12:24:00,18135.25,18142.25,18118.50,18118.75,264
2026-01-06 12:25:00,18118.75,18138.50,18114.75,18137.75,1325
2026-01-06 12:26:00,18137.75,18138.50,18133.00,18134.00,761
2026-01-06 12:27:00,18134.00,18135.25,18133.50,18134.75,1174
2026-01-06 12:28:00,18134.75,18142.25,18132.00,18137.00,1487
2026-01-06 12:29:00,18137.00,18138.00,18116.50,18124.50,384
2026-01-06 12:30:00,18124.50,18138.25,18120.25,18135.50,619
2026-01-06 12:31:00,18135.50,18138.25,18131.25,18132.25,1441
2026-01-06 12:32:00,18132.25,18134.25,18118.75,18122.25,531
2026-01-06 12:33:00,18122.25,18141.50,18121.50,18137.00,696
2026-01-06 12:34:00,18137.00,18140.50,18108.00,18110.50,996
2026-01-06 12:35:00,18110.50,18146.75,18109.50,18142.50,254
2026-01-06 12:36:00,18142.50,18147.50,18129.25,18135.50,1022
2026-01-06 12:37:00,18135.50,18137.50,18126.00,18130.00,667
2026-01-06 12:38:00,18130.00,18132.00,18107.75,18117.75,1484
2026-01-06 12:39:00,18117.75,18118.50,18115.25,18116.00,242
2026-01-06 12:40:00,18116.00,18130.00,18115.50,18124.75,1071
2026-01-06 12:41:00,18124.75,18133.25,18121.50,18130.75,1221
2026-01-06 12:42:00,18130.75,18136.75,18122.25,18127.75,747
2026-01-06 12:43:00,18127.75,18141.25,18127.00,18138.75,814
2026-01-06 12:44:00,18138.75,18143.00,18114.00,18124.00,530
2026-01-06 12:45:00,18124.00,18129.75,18118.00,18127.00,1127
2026-01-06 12:46:00,18127.00,18128.50,18124.25,18126.25,938
2026-01-06 12:47:00,18126.25,18134.25,18108.00,18110.25,1099
2026-01-06 12:48:00,18110.25,18141.00,18106.25,18132.25,250
2026-01-06 12:49:00,18132.25,18133.25,18122.75,18125.50,219
2026-01-06 12:50:00,18125.50,18133.25,18121.00,18130.25,545
2026-01-06 12:51:00,18130.25,18135.00,18124.50,18125.50,1048
2026-01-06 12:52:00,18125.50,18134.50,18114.00,18116.00,267
2026-01-06 12:53:00,18116.00,18118.75,18107.75,18109.50,1484
2026-01-06 12:54:00,18109.50,18126.00,18106.00,18124.75,1081
2026-01-06 12:55:00,18124.75,18128.00,18117.50,18125.50,298
2026-01-06 12:56:00,18125.50,18133.00,18123.75,18132.75,1198
2026-01-06 12:57:00,18132.75,18138.50,18121.75,18123.00,205
2026-01-06 12:58:00,18123.00,18137.50,18118.25,18131.00,1225
2026-01-06 12:59:00,18131.00,18142.25,18130.75,18136.25,1216
2026-01-06 13:00:00,18136.25,18136.75,18119.75,18129.00,658
2026-01-06 13:01:00,18129.00,18129.50,18119.00,18123.00,562
2026-01-06 13:02:00,18123.00,18132.50,18120.00,18132.25,298
2026-01-06 13:03:00,18132.25,18137.50,18121.50,18124.75,942
2026-01-06 13:04:00,18124.75,18129.25,18119.75,18125.00,777
2026-01-06 13:05:00,18125.00,18135.25,18122.75,18128.25,750
2026-01-06 13:06:00,18128.25,18130.75,18109.00,18120.25,992
2026-01-06 13:07:00,18120.25,18137.00,18110.25,18136.25,492
2026-01-06 13:08:00,18136.25,18140.25,18134.75,18135.00,721
2026-01-06 13:09:00,18135.00,18138.00,18127.75,18135.25,693
2026-01-06 13:10:00,18135.25,18141.50,18125.75,18131.25,268
2026-01-06 13:11:00,18131.25,18133.00,18130.50,18131.75,1343
2026-01-06 13:12:00,18131.75,18138.00,18116.75,18120.75,1383
2026-01-06 13:13:00,18120.75,18131.75,18120.75,18124.00,1163
2026-01-06 13:14:00,18124.00,18124.50,18111.75,18115.25,1489
2026-01-06 13:15:00,18115.25,18128.25,18106.00,18125.75,927
2026-01-06 13:16:00,18125.75,18130.50,18117.75,18124.25,859
2026-01-06 13:17:00,18124.25,18132.00,18120.50,18124.25,657
2026-01-06 13:18:00,18124.25,18142.00,18123.50,18138.25,912
2026-01-06 13:19:00,18138.25,18146.75,18137.50,18141.50,653
2026-01-06 13:20:00,18141.50,18141.50,18129.00,18129.00,619
2026-01-06 13:21:00,18129.00,18137.75,18117.00,18118.50,688
2026-01-06 13:22:00,18118.50,18126.50,18117.00,18124.00,288
2026-01-06 13:23:00,18124.00,18126.00,18117.75,18122.00,1076
2026-01-06 13:24:00,18122.00,18131.50,18122.00,18129.50,930
2026-01-06 13:25:00,18129.50,18133.00,18124.50,18130.00,819
2026-01-06 13:26:00,18130.00,18130.50,18110.00,18123.00,428
2026-01-06 13:27:00,18123.00,18148.00,18121.25,18142.75,557
2026-01-06 13:28:00,18142.75,18145.50,18124.50,18126.50,1266
2026-01-06 13:29:00,18126.50,18130.00,18113.75,18119.25,1271
2026-01-06 13:30:00,18119.25,18126.00,18116.00,18122.00,1368
2026-01-06 13:31:00,18122.00,18127.25,18115.50,18127.00,827
2026-01-06 13:32:00,18127.00,18130.75,18123.50,18125.00,1097
2026-01-06 13:33:00,18125.00,18137.50,18121.25,18131.75,381
2026-01-06 13:34:00,18131.75,18136.50,18127.25,18129.00,961
2026-01-06 13:35:00,18129.00,18135.75,18112.00,18115.75,969
2026-01-06 13:36:00,18115.75,18123.50,18114.25,18118.00,1444
2026-01-06 13:37:00,18118.00,18136.00,18113.75,18134.25,989
2026-01-06 13:38:00,18134.25,18136.25,18119.25,18129.00,1388
2026-01-06 13:39:00,18129.00,18134.00,18106.50,18111.50,874
2026-01-06 13:40:00,18111.50,18130.00,18107.00,18128.50,1049
2026-01-06 13:41:00,18128.50,18139.50,18128.25,18129.25,252
2026-01-06 13:42:00,18129.25,18138.50,18122.50,18134.50,1093
2026-01-06 13:43:00,18134.50,18139.25,18118.75,18121.50,333
2026-01-06 13:44:00,18121.50,18123.50,18109.00,18118.00,675
2026-01-06 13:45:00,18118.00,18125.75,18113.25,18125.50,283
2026-01-06 13:46:00,18125.50,18134.25,18123.25,18132.50,1141
2026-01-06 13:47:00,18132.50,18136.00,18130.25,18133.50,357
2026-01-06 13:48:00,18133.50,18133.75,18116.00,18125.25,641
2026-01-06 13:49:00,18125.25,18128.50,18124.50,18127.00,609
2026-01-06 13:50:00,18127.00,18132.25,18117.50,18124.50,1055
2026-01-06 13:51:00,18124.50,18132.25,18122.25,18130.75,1033
2026-01-06 13:52:00,18130.75,18142.25,18128.00,18133.25,1261
2026-01-06 13:53:00,18133.25,18136.25,18132.00,18132.50,1303
2026-01-06 13:54:00,18132.50,18136.25,18124.25,18125.75,811
2026-01-06 13:55:00,18125.75,18137.75,18123.75,18132.50,1060
2026-01-06 13:56:00,18132.50,18136.25,18123.75,18123.75,1093
2026-01-06 13:57:00,18123.75,18137.00,18120.75,18134.50,613
2026-01-06 13:58:00,18134.50,18137.00,18124.00,18130.50,1201
2026-01-06 13:59:00,18130.50,18131.25,18109.00,18111.50,899
2026-01-06 14:00:00,18111.50,18142.50,18110.00,18132.25,843
2026-01-06 14:01:00,18132.25,18134.00,18125.75,18126.00,1356
2026-01-06 14:02:00,18126.00,18129.00,18125.00,18127.75,610
2026-01-06 14:03:00,18127.75,18137.50,18119.25,18135.25,1412
2026-01-06 14:04:00,18135.25,18138.50,18120.25,18120.50,616
2026-01-06 14:05:00,18120.50,18126.25,18118.75,18121.50,454
2026-01-06 14:06:00,18121.50,18145.00,18115.75,18142.00,568
2026-01-06 14:07:00,18142.00,18149.75,18131.00,18131.75,536
2026-01-06 14:08:00,18131.75,18131.75,18113.25,18115.00,632
2026-01-06 14:09:00,18115.00,18123.75,18114.50,18121.00,623
2026-01-06 14:10:00,18121.00,18121.50,18117.50,18118.00,303
2026-01-06 14:11:00,18118.00,18136.50,18114.50,18130.25,727
2026-01-06 14:12:00,18130.25,18135.25,18116.00,18124.75,473
2026-01-06 14:13:00,18124.75,18143.25,18122.50,18134.50,801
2026-01-06 14:14:00,18134.50,18144.25,18125.75,18128.00,515
2026-01-06 14:15:00,18128.00,18129.25,18111.75,18115.00,1323
2026-01-06 14:16:00,18115.00,18132.00,18111.00,18129.50,1001
2026-01-06 14:17:00,18129.50,18133.75,18105.00,18105.75,519
2026-01-06 14:18:00,18105.75,18126.25,18103.75,18123.50,1151
2026-01-06 14:19:00,18123.50,18128.00,18121.00,18126.25,882
2026-01-06 14:20:00,18126.25,18128.50,18124.25,18125.50,631
2026-01-06 14:21:00,18125.50,18136.75,18123.25,18123.50,1277
2026-01-06 14:22:00,18123.50,18138.00,18115.25,18135.50,390
2026-01-06 14:23:00,18135.50,18136.75,18125.00,18128.75,820
2026-01-06 14:24:00,18128.75,18132.25,18116.75,18119.00,755
2026-01-06 14:25:00,18119.00,18130.50,18111.00,18129.50,665
2026-01-06 14:26:00,18129.50,18131.50,18119.25,18121.25,202
2026-01-06 14:27:00,18121.25,18132.00,18111.75,18125.50,814
2026-01-06 14:28:00,18125.50,18135.50,18122.00,18134.25,945
2026-01-06 14:29:00,18134.25,18138.00,18121.50,18129.25,810
2026-01-06 14:30:00,18129.25,18139.25,18121.50,18132.00,431
2026-01-06 14:31:00,18132.00,18133.50,18124.75,18131.00,1144
2026-01-06 14:32:00,18131.00,18131.25,18125.25,18129.50,470
2026-01-06 14:33:00,18129.50,18137.50,18118.75,18123.50,356
2026-01-06 14:34:00,18123.50,18128.50,18117.50,18119.00,384
2026-01-06 14:35:00,18119.00,18136.00,18111.00,18131.50,1183
2026-01-06 14:36:00,18131.50,18135.00,18122.50,18125.25,513
2026-01-06 14:37:00,18125.25,18137.00,18125.00,18131.00,440
2026-01-06 14:38:00,18131.00,18134.25,18123.50,18124.75,724
2026-01-06 14:39:00,18124.75,18128.75,18122.50,18126.50,1026
2026-01-06 14:40:00,18126.50,18131.25,18098.75,18105.00,1295
2026-01-06 14:41:00,18105.00,18130.50,18105.00,18120.50,230
2026-01-06 14:42:00,18120.50,18130.50,18118.50,18129.50,631
2026-01-06 14:43:00,18129.50,18130.75,18112.25,18115.50,550
2026-01-06 14:44:00,18115.50,18134.25,18110.75,18131.00,1261
2026-01-06 14:45:00,18131.00,18135.75,18125.25,18129.00,447
2026-01-06 14:46:00,18129.00,18139.75,18128.25,18136.75,1250
2026-01-06 14:47:00,18136.75,18138.75,18135.00,18138.25,703
2026-01-06 14:48:00,18138.25,18140.25,18131.50,18134.25,557
2026-01-06 14:49:00,18134.25,18136.00,18126.75,18130.75,1145
2026-01-06 14:50:00,18130.75,18132.50,18118.75,18123.50,1033
2026-01-06 14:51:00,18123.50,18152.75,18121.75,18144.50,503
2026-01-06 14:52:00,18144.50,18151.75,18124.00,18126.50,487
2026-01-06 14:53:00,18126.50,18136.75,18116.00,18133.75,878
2026-01-06 14:54:00,18133.75,18135.50,18117.00,18127.00,277
2026-01-06 14:55:00,18127.00,18136.50,18126.75,18128.00,341
2026-01-06 14:56:00,18128.00,18134.75,18125.75,18127.75,948
2026-01-06 14:57:00,18127.75,18139.00,18125.75,18138.50,915
2026-01-06 14:58:00,18138.50,18142.75,18107.00,18115.25,1216
2026-01-06 14:59:00,18115.25,18134.50,18108.50,18128.50,820
2026-01-06 15:00:00,18128.50,18143.25,18124.25,18138.75,1409
2026-01-06 15:01:00,18138.75,18141.25,18111.25,18115.25,1250
2026-01-06 15:02:00,18115.25,18133.25,18104.00,18121.75,437
2026-01-06 15:03:00,18121.75,18131.75,18118.25,18124.00,716
2026-01-06 15:04:00,18124.00,18137.25,18123.50,18128.00,1350
2026-01-06 15:05:00,18128.00,18139.00,18122.50,18138.50,302
2026-01-06 15:06:00,18138.50,18143.75,18115.00,18117.00,901
2026-01-06 15:07:00,18117.00,18119.25,18112.00,18116.25,378
2026-01-06 15:08:00,18116.25,18136.75,18114.50,18129.50,1073
2026-01-06 15:09:00,18129.50,18129.50,18116.25,18116.50,1201
2026-01-06 15:10:00,18116.50,18123.75,18108.50,18112.50,1041
2026-01-06 15:11:00,18112.50,18126.00,18109.25,18121.75,886
2026-01-06 15:12:00,18121.75,18125.50,18117.50,18124.75,266
2026-01-06 15:13:00,18124.75,18134.25,18122.75,18133.50,755
2026-01-06 15:14:00,18133.50,18143.75,18128.50,18134.50,695
2026-01-06 15:15:00,18134.50,18139.75,18128.50,18133.50,285
2026-01-06 15:16:00,18133.50,18140.75,18112.75,18116.00,509
2026-01-06 15:17:00,18116.00,18135.00,18113.50,18132.75,1449
2026-01-06 15:18:00,18132.75,18151.25,18131.25,18143.25,1237
2026-01-06 15:19:00,18143.25,18145.00,18128.25,18134.75,532
2026-01-06 15:20:00,18134.75,18135.25,18126.00,18127.25,703
2026-01-06 15:21:00,18127.25,18135.75,18122.75,18125.25,713
2026-01-06 15:22:00,18125.25,18134.25,18117.50,18127.25,1252
2026-01-06 15:23:00,18127.25,18128.50,18124.75,18127.00,718
2026-01-06 15:24:00,18127.00,18128.75,18123.00,18126.75,805
2026-01-06 15:25:00,18126.75,18131.25,18116.75,18122.25,1494
2026-01-06 15:26:00,18122.25,18132.75,18120.25,18121.00,1220
2026-01-06 15:27:00,18121.00,18133.00,18120.75,18125.75,236
2026-01-06 15:28:00,18125.75,18145.75,18123.25,18142.50,1116
2026-01-06 15:29:00,18142.50,18144.75,18113.75,18119.00,511
2026-01-06 15:30:00,18119.00,18134.50,18114.75,18126.50,480
2026-01-06 15:31:00,18126.50,18141.25,18126.00,18130.00,755
2026-01-06 15:32:00,18130.00,18140.00,18128.75,18135.00,1003
2026-01-06 15:33:00,18135.00,18138.00,18121.50,18127.25,775
2026-01-06 15:34:00,18127.25,18129.75,18124.00,18124.25,1322
2026-01-06 15:35:00,18124.25,18133.50,18123.25,18126.50,979
2026-01-06 15:36:00,18126.50,18127.00,18100.25,18106.75,863
2026-01-06 15:37:00,18106.75,18145.00,18101.50,18141.75,298
2026-01-06 15:38:00,18141.75,18146.00,18126.75,18130.50,326
2026-01-06 15:39:00,18130.50,18140.00,18123.75,18136.00,549
2026-01-06 15:40:00,18136.00,18145.50,18110.25,18121.25,937
2026-01-06 15:41:00,18121.25,18124.25,18116.75,18117.50,833
2026-01-06 15:42:00,18117.50,18139.00,18109.50,18135.50,1025
2026-01-06 15:43:00,18135.50,18138.50,18113.50,18116.00,1006
2026-01-06 15:44:00,18116.00,18130.25,18113.75,18122.50,1475
2026-01-06 15:45:00,18122.50,18138.00,18119.75,18129.25,527
2026-01-06 15:46:00,18129.25,18134.00,18124.50,18129.75,1163
2026-01-06 15:47:00,18129.75,18144.50,18121.75,18139.50,1043
2026-01-06 15:48:00,18139.50,18143.25,18121.75,18128.75,1284
2026-01-06 15:49:00,18128.75,18145.75,18120.00,18142.25,448
2026-01-06 15:50:00,18142.25,18150.50,18119.25,18127.75,1360
2026-01-06 15:51:00,18127.75,18134.75,18121.75,18132.50,936
2026-01-06 15:52:00,18132.50,18136.00,18122.75,18128.25,1434
2026-01-06 15:53:00,18128.25,18135.25,18123.75,18133.00,427
2026-01-06 15:54:00,18133.00,18134.25,18129.50,18133.00,441
2026-01-06 15:55:00,18133.00,18141.00,18128.25,18140.25,899
2026-01-06 15:56:00,18140.25,18143.50,18116.25,18121.25,493
2026-01-06 15:57:00,18121.25,18148.25,18120.00,18142.50,791
2026-01-06 15:58:00,18142.50,18145.75,18129.25,18133.75,1228
2026-01-06 15:59:00,18133.75,18140.00,18132.00,18132.25,682
2026-01-07 08:00:00,18044.00,18055.25,18043.00,18050.00,688
2026-01-07 08:01:00,18050.00,18057.75,18041.00,18041.00,268
2026-01-07 08:02:00,18041.00,18050.00,18036.50,18043.50,468
2026-01-07 08:03:00,18043.50,18048.00,18028.00,18034.00,987
2026-01-07 08:04:00,18034.00,18042.00,18029.50,18040.25,1242
2026-01-07 08:05:00,18040.25,18047.50,18037.75,18047.00,658
2026-01-07 08:06:00,18047.00,18050.25,18034.75,18041.75,361
2026-01-07 08:07:00,18041.75,18045.25,18034.00,18038.50,347
2026-01-07 08:08:00,18038.50,18060.50,18037.75,18054.25,484
2026-01-07 08:09:00,18054.25,18058.25,18048.75,18050.00,1112
2026-01-07 08:10:00,18050.00,18052.50,18032.25,18036.75,1157
2026-01-07 08:11:00,18036.75,18047.00,18035.00,18045.00,1489
2026-01-07 08:12:00,18045.00,18061.25,18042.50,18057.75,1339
2026-01-07 08:13:00,18057.75,18058.50,18040.25,18042.50,1382
2026-01-07 08:14:00,18042.50,18042.75,18041.75,18041.75,1233
2026-01-07 08:15:00,18041.75,18042.25,18038.25,18041.75,1490
2026-01-07 08:16:00,18041.75,18044.25,18039.00,18042.75,1405
2026-01-07 08:17:00,18042.75,18051.50,18039.75,18047.00,312
2026-01-07 08:18:00,18047.00,18056.75,18042.00,18048.25,346
2026-01-07 08:19:00,18048.25,18061.50,18044.50,18058.50,1083
2026-01-07 08:20:00,18058.50,18060.00,18033.25,18034.25,899
2026-01-07 08:21:00,18034.25,18037.75,18033.00,18036.50,539
2026-01-07 08:22:00,18036.50,18044.50,18036.00,18042.00,1098
2026-01-07 08:23:00,18042.00,18043.00,18029.25,18035.75,602
2026-01-07 08:24:00,18035.75,18045.75,18035.50,18043.50,806
2026-01-07 08:25:00,18043.50,18043.75,18022.50,18031.25,1455
2026-01-07 08:26:00,18031.25,18043.50,18031.00,18042.25,1490
2026-01-07 08:27:00,18042.25,18048.00,18041.25,18043.50,1485
2026-01-07 08:28:00,18043.50,18051.25,18040.50,18047.00,290
2026-01-07 08:29:00,18047.00,18047.25,18036.75,18042.25,1062
2026-01-07 08:30:00,18042.25,18055.00,18040.75,18051.25,418
2026-01-07 08:31:00,18051.25,18053.50,18040.50,18043.25,1165
2026-01-07 08:32:00,18043.25,18043.50,18038.25,18040.00,462
2026-01-07 08:33:00,18040.00,18049.50,18036.50,18046.75,714
2026-01-07 08:34:00,18046.75,18046.75,18038.25,18038.25,595
2026-01-07 08:35:00,18038.25,18045.50,18029.75,18043.50,1262
2026-01-07 08:36:00,18043.50,18045.75,18028.25,18033.25,1094
2026-01-07 08:37:00,18033.25,18049.75,18032.75,18049.50,638
2026-01-07 08:38:00,18049.50,18054.00,18034.50,18041.00,376
2026-01-07 08:39:00,18041.00,18045.00,18040.75,18044.00,1373
2026-01-07 08:40:00,18044.00,18044.25,18037.50,18039.75,1145
2026-01-07 08:41:00,18039.75,18054.50,18039.25,18049.50,621
2026-01-07 08:42:00,18049.50,18049.50,18041.50,18046.00,400
2026-01-07 08:43:00,18046.00,18053.25,18045.00,18051.50,609
2026-01-07 08:44:00,18051.50,18053.25,18029.75,18034.50,1100
2026-01-07 08:45:00,18034.50,18037.75,18029.75,18037.25,310
2026-01-07 08:46:00,18037.25,18045.75,18033.00,18044.00,691
2026-01-07 08:47:00,18044.00,18044.75,18028.00,18032.00,1166
2026-01-07 08:48:00,18032.00,18040.25,18028.50,18039.25,688
2026-01-07 08:49:00,18039.25,18044.00,18032.00,18041.50,210
2026-01-07 08:50:00,18041.50,18045.50,18031.00,18033.25,278
2026-01-07 08:51:00,18033.25,18034.25,18025.50,18033.75,609
2026-01-07 08:52:00,18033.75,18042.75,18031.25,18042.00,649
2026-01-07 08:53:00,18042.00,18042.75,18041.00,18042.75,1339
2026-01-07 08:54:00,18042.75,18049.00,18032.50,18032.50,237
2026-01-07 08:55:00,18032.50,18053.50,18031.25,18044.75,397
2026-01-07 08:56:00,18044.75,18051.50,18042.50,18045.25,416
2026-01-07 08:57:00,18045.25,18056.25,18044.75,18047.25,981
2026-01-07 08:58:00,18047.25,18047.25,18038.75,18041.50,375
2026-01-07 08:59:00,18041.50,18046.50,18034.75,18034.75,1417
2026-01-07 09:00:00,18034.75,18047.25,18033.25,18043.00,1459
2026-01-07 09:01:00,18043.00,18044.00,18029.00,18032.50,215
2026-01-07 09:02:00,18032.50,18038.00,18030.75,18037.00,1137
2026-01-07 09:03:00,18037.00,18048.75,18031.50,18047.50,624
2026-01-07 09:04:00,18047.50,18056.50,18031.50,18032.75,1264
2026-01-07 09:05:00,18032.75,18040.00,18031.50,18039.00,689
2026-01-07 09:06:00,18039.00,18053.25,18036.25,18047.50,819
2026-01-07 09:07:00,18047.50,18048.50,18041.25,18044.00,1211
2026-01-07 09:08:00,18044.00,18050.25,18027.50,18027.50,353
2026-01-07 09:09:00,18027.50,18045.00,18026.00,18039.75,1426
2026-01-07 09:10:00,18039.75,18045.25,18031.50,18041.75,1376
2026-01-07 09:11:00,18041.75,18046.50,18032.50,18039.00,363
2026-01-07 09:12:00,18039.00,18053.75,18038.75,18050.00,476
2026-01-07 09:13:00,18050.00,18052.25,18035.75,18038.75,312
2026-01-07 09:14:00,18038.75,18054.25,18033.50,18046.50,717
2026-01-07 09:15:00,18046.50,18048.25,18036.75,18043.50,258
2026-01-07 09:16:00,18043.50,18045.00,18029.50,18039.00,1169
2026-01-07 09:17:00,18039.00,18046.50,18032.25,18046.00,867
2026-01-07 09:18:00,18046.00,18048.75,18038.75,18039.25,672
2026-01-07 09:19:00,18039.25,18044.00,18038.25,18040.75,873
2026-01-07 09:20:00,18040.75,18050.25,18040.50,18050.25,362
2026-01-07 09:21:00,18050.25,18052.00,18045.00,18045.50,842
2026-01-07 09:22:00,18045.50,18047.00,18033.25,18035.00,1138
2026-01-07 09:23:00,18035.00,18043.25,18031.25,18041.00,1302
2026-01-07 09:24:00,18041.00,18049.00,18036.25,18040.25,1493
2026-01-07 09:25:00,18040.25,18042.25,18035.25,18036.75,788
2026-01-07 09:26:00,18036.75,18047.50,18036.00,18040.00,442
2026-01-07 09:27:00,18040.00,18042.25,18033.25,18033.50,1097
2026-01-07 09:28:00,18033.50,18038.25,18030.75,18036.75,1000
2026-01-07 09:29:00,18036.75,18036.75,18029.50,18030.50,628
2026-01-07 09:30:00,18030.50,18035.75,18017.25,18021.75,490
2026-01-07 09:31:00,18021.75,18025.25,18008.25,18013.75,1001
2026-01-07 09:32:00,18013.75,18021.25,18013.00,18019.75,940
2026-01-07 09:33:00,18019.75,18025.25,18014.25,18017.00,1211
2026-01-07 09:34:00,18017.00,18021.50,17999.00,18006.75,1121
2026-01-07 09:35:00,18006.75,18007.50,18001.00,18001.75,1037
2026-01-07 09:36:00,18001.75,18018.00,17999.25,18017.25,1143
2026-01-07 09:37:00,18017.25,18025.00,18015.25,18023.50,262
2026-01-07 09:38:00,18023.50,18025.00,18020.50,18021.25,918
2026-01-07 09:39:00,18021.25,18040.00,18020.25,18039.50,220
2026-01-07 09:40:00,18039.50,18044.25,18037.75,18044.00,1402
2026-01-07 09:41:00,18044.00,18055.25,18043.00,18055.00,293
2026-01-07 09:42:00,18055.00,18056.75,18053.75,18056.25,382
2026-01-07 09:43:00,18056.25,18060.25,18055.75,18059.50,332
2026-01-07 09:44:00,18059.50,18065.50,18056.75,18064.50,927
2026-01-07 09:45:00,18064.50,18064.75,18050.25,18052.00,715
2026-01-07 09:46:00,18052.00,18053.25,18044.00,18047.00,539
2026-01-07 09:47:00,18047.00,18047.75,18030.00,18032.75,261
2026-01-07 09:48:00,18032.75,18036.25,18032.25,18034.50,948
2026-01-07 09:49:00,18034.50,18034.75,18024.75,18031.00,738
2026-01-07 09:50:00,18031.00,18031.75,18016.75,18019.50,680
2026-01-07 09:51:00,18019.50,18026.25,18009.00,18010.25,425
2026-01-07 09:52:00,18010.25,18020.50,18007.75,18018.25,1182
2026-01-07 09:53:00,18018.25,18055.00,18012.25,18043.25,1072
2026-01-07 09:54:00,18043.25,18044.25,18037.50,18042.75,1160
2026-01-07 09:55:00,18042.75,18058.75,18037.25,18058.25,317
2026-01-07 09:56:00,18058.25,18069.50,18058.00,18067.75,970
2026-01-07 09:57:00,18067.75,18078.75,18046.25,18055.50,1274
2026-01-07 09:58:00,18055.50,18089.25,18050.25,18086.75,407
2026-01-07 09:59:00,18086.75,18090.75,18079.50,18081.75,1143
2026-01-07 10:00:00,18081.75,18093.50,18078.75,18090.50,400
2026-01-07 10:01:00,18090.50,18093.00,18074.50,18083.00,939
2026-01-07 10:02:00,18083.00,18121.25,18078.50,18117.50,1243
2026-01-07 10:03:00,18117.50,18126.25,18110.75,18111.50,1254
2026-01-07 10:04:00,18111.50,18134.00,18111.00,18129.00,679
2026-01-07 10:05:00,18129.00,18130.25,18113.00,18121.75,485
2026-01-07 10:06:00,18121.75,18130.75,18117.00,18128.00,285
2026-01-07 10:07:00,18128.00,18131.50,18111.00,18115.50,572
2026-01-07 10:08:00,18115.50,18145.50,18106.25,18144.50,1120
2026-01-07 10:09:00,18144.50,18156.50,18143.00,18156.25,1099
2026-01-07 10:10:00,18156.25,18179.75,18154.50,18178.00,608
2026-01-07 10:11:00,18178.00,18183.75,18172.00,18174.25,538
2026-01-07 10:12:00,18174.25,18198.50,18173.50,18197.25,1247
2026-01-07 10:13:00,18197.25,18203.25,18183.50,18191.50,634
2026-01-07 10:14:00,18191.50,18194.50,18180.00,18182.00,1135
2026-01-07 10:15:00,18182.00,18190.25,18165.75,18188.25,859
2026-01-07 10:16:00,18188.25,18196.25,18186.75,18192.00,531
2026-01-07 10:17:00,18192.00,18192.75,18169.00,18178.25,517
2026-01-07 10:18:00,18178.25,18185.75,18172.25,18183.50,991
2026-01-07 10:19:00,18183.50,18193.50,18180.75,18191.25,446
2026-01-07 10:20:00,18191.25,18196.25,18172.50,18187.00,477
2026-01-07 10:21:00,18187.00,18195.75,18168.00,18173.00,316
2026-01-07 10:22:00,18173.00,18196.75,18165.25,18192.50,1037
2026-01-07 10:23:00,18192.50,18195.50,18186.25,18195.50,656
2026-01-07 10:24:00,18195.50,18210.25,18194.25,18201.00,1035
2026-01-07 10:25:00,18201.00,18211.50,18198.00,18207.25,413
2026-01-07 10:26:00,18207.25,18209.25,18198.00,18205.25,558
2026-01-07 10:27:00,18205.25,18208.75,18190.25,18194.00,1284
2026-01-07 10:28:00,18194.00,18196.75,18179.50,18183.50,1394
2026-01-07 10:29:00,18183.50,18186.25,18175.25,18177.50,1286
2026-01-07 10:30:00,18177.50,18182.00,18166.00,18176.00,594
2026-01-07 10:31:00,18176.00,18182.00,18173.50,18176.00,718
2026-01-07 10:32:00,18176.00,18185.00,18174.75,18183.75,684
2026-01-07 10:33:00,18183.75,18194.00,18176.25,18182.50,727
2026-01-07 10:34:00,18182.50,18188.50,18182.25,18187.00,1166
2026-01-07 10:35:00,18187.00,18188.00,18173.00,18177.00,219
2026-01-07 10:36:00,18177.00,18183.00,18176.25,18181.50,569
2026-01-07 10:37:00,18181.50,18185.75,18167.50,18168.25,676
2026-01-07 10:38:00,18168.25,18192.00,18162.25,18191.75,1021
2026-01-07 10:39:00,18191.75,18201.75,18184.00,18186.50,676
2026-01-07 10:40:00,18186.50,18192.00,18175.50,18179.75,947
2026-01-07 10:41:00,18179.75,18197.00,18177.25,18194.75,640
2026-01-07 10:42:00,18194.75,18196.25,18181.25,18191.25,1461
2026-01-07 10:43:00,18191.25,18193.00,18186.25,18187.25,1392
2026-01-07 10:44:00,18187.25,18188.50,18177.25,18181.50,1095
2026-01-07 10:45:00,18181.50,18189.75,18173.50,18186.25,236
2026-01-07 10:46:00,18186.25,18193.75,18180.25,18182.00,1488
2026-01-07 10:47:00,18182.00,18191.75,18173.00,18190.75,617
2026-01-07 10:48:00,18190.75,18196.25,18177.00,18180.00,816
2026-01-07 10:49:00,18180.00,18189.00,18177.75,18187.25,332
2026-01-07 10:50:00,18187.25,18192.75,18171.25,18175.75,606
2026-01-07 10:51:00,18175.75,18186.00,18171.75,18180.75,1044
2026-01-07 10:52:00,18180.75,18191.25,18180.25,18187.25,554
2026-01-07 10:53:00,18187.25,18191.75,18185.50,18188.75,555
2026-01-07 10:54:00,18188.75,18192.75,18185.25,18189.00,239
2026-01-07 10:55:00,18189.00,18191.00,18165.00,18165.50,381
2026-01-07 10:56:00,18165.50,18193.25,18162.50,18192.75,855
2026-01-07 10:57:00,18192.75,18198.75,18185.00,18196.75,729
2026-01-07 10:58:00,18196.75,18206.25,18178.75,18179.25,329
2026-01-07 10:59:00,18179.25,18199.75,18174.00,18194.50,738
2026-01-07 11:00:00,18194.50,18206.25,18191.75,18199.25,488
2026-01-07 11:01:00,18199.25,18203.50,18186.50,18196.75,1347
2026-01-07 11:02:00,18196.75,18204.25,18190.25,18192.75,804
2026-01-07 11:03:00,18192.75,18193.50,18177.75,18181.25,347
2026-01-07 11:04:00,18181.25,18191.50,18178.50,18189.50,1126
2026-01-07 11:05:00,18189.50,18192.25,18177.75,18185.75,673
2026-01-07 11:06:00,18185.75,18192.00,18172.50,18177.50,226
2026-01-07 11:07:00,18177.50,18192.00,18171.50,18189.75,420
2026-01-07 11:08:00,18189.75,18197.50,18189.75,18193.00,1268
2026-01-07 11:09:00,18193.00,18200.50,18177.25,18179.00,263
2026-01-07 11:10:00,18179.00,18189.50,18175.75,18188.50,1130
2026-01-07 11:11:00,18188.50,18196.25,18181.00,18188.00,619
2026-01-07 11:12:00,18188.00,18215.75,18186.00,18214.50,327
2026-01-07 11:13:00,18214.50,18215.75,18177.75,18185.75,834
2026-01-07 11:14:00,18185.75,18189.25,18177.75,18180.50,846
2026-01-07 11:15:00,18180.50,18202.50,18179.75,18201.25,1252
2026-01-07 11:16:00,18201.25,18204.25,18186.25,18188.75,261
2026-01-07 11:17:00,18188.75,18189.50,18181.75,18184.00,1237
2026-01-07 11:18:00,18184.00,18194.75,18181.75,18185.25,836
2026-01-07 11:19:00,18185.25,18185.50,18177.75,18180.00,343
2026-01-07 11:20:00,18180.00,18185.75,18172.00,18182.25,1251
2026-01-07 11:21:00,18182.25,18195.00,18178.00,18194.25,1176
2026-01-07 11:22:00,18194.25,18198.00,18192.50,18196.00,844
2026-01-07 11:23:00,18196.00,18197.75,18177.25,18178.75,1133
2026-01-07 11:24:00,18178.75,18209.50,18172.50,18203.75,1341
2026-01-07 11:25:00,18203.75,18207.50,18196.25,18200.00,1468
2026-01-07 11:26:00,18200.00,18201.50,18195.50,18199.75,897
2026-01-07 11:27:00,18199.75,18201.75,18178.25,18179.00,1006
2026-01-07 11:28:00,18179.00,18191.50,18179.00,18184.25,476
2026-01-07 11:29:00,18184.25,18193.75,18182.75,18186.25,847
2026-01-07 11:30:00,18186.25,18198.50,18184.75,18193.50,555
2026-01-07 11:31:00,18193.50,18200.00,18178.50,18184.25,892
2026-01-07 11:32:00,18184.25,18192.00,18171.50,18177.50,387
2026-01-07 11:33:00,18177.50,18191.50,18169.75,18191.00,991
2026-01-07 11:34:00,18191.00,18193.00,18165.50,18168.75,1152
2026-01-07 11:35:00,18168.75,18187.00,18166.75,18184.50,465
2026-01-07 11:36:00,18184.50,18199.00,18174.75,18188.25,1250
2026-01-07 11:37:00,18188.25,18191.25,18185.25,18189.25,722
2026-01-07 11:38:00,18189.25,18190.00,18169.25,18173.75,1460
2026-01-07 11:39:00,18173.75,18175.00,18165.25,18167.75,899
2026-01-07 11:40:00,18167.75,18190.00,18167.75,18183.50,674
2026-01-07 11:41:00,18183.50,18189.00,18183.25,18188.50,720
2026-01-07 11:42:00,18188.50,18195.00,18171.00,18175.00,850
2026-01-07 11:43:00,18175.00,18188.00,18171.50,18186.25,949
2026-01-07 11:44:00,18186.25,18192.50,18181.75,18185.00,665
2026-01-07 11:45:00,18185.00,18199.50,18184.50,18192.50,1361
2026-01-07 11:46:00,18192.50,18196.00,18181.00,18188.75,551
2026-01-07 11:47:00,18188.75,18189.00,18172.75,18181.50,718
2026-01-07 11:48:00,18181.50,18181.50,18177.50,18181.25,691
2026-01-07 11:49:00,18181.25,18195.25,18180.25,18191.00,312
2026-01-07 11:50:00,18191.00,18198.75,18174.00,18179.75,484
2026-01-07 11:51:00,18179.75,18187.25,18165.75,18175.00,1311
2026-01-07 11:52:00,18175.00,18188.25,18170.75,18187.00,1133
2026-01-07 11:53:00,18187.00,18192.00,18179.25,18181.00,1145
2026-01-07 11:54:00,18181.00,18201.25,18180.00,18191.75,710
2026-01-07 11:55:00,18191.75,18197.75,18190.75,18195.50,253
2026-01-07 11:56:00,18195.50,18196.25,18185.50,18190.00,1219
2026-01-07 11:57:00,18190.00,18196.75,18186.75,18196.50,1146
2026-01-07 11:58:00,18196.50,18199.75,18179.50,18184.00,1494
2026-01-07 11:59:00,18184.00,18194.25,18180.00,18189.50,852
2026-01-07 12:00:00,18189.50,18203.50,18185.75,18199.00,1374
2026-01-07 12:01:00,18199.00,18209.00,18195.75,18203.50,1261
2026-01-07 12:02:00,18203.50,18205.75,18184.50,18196.25,665
2026-01-07 12:03:00,18196.25,18197.50,18185.50,18190.00,943
2026-01-07 12:04:00,18190.00,18202.00,18185.50,18199.00,1364
2026-01-07 12:05:00,18199.00,18205.25,18178.25,18179.50,1085
2026-01-07 12:06:00,18179.50,18193.00,18176.50,18192.75,795
2026-01-07 12:07:00,18192.75,18196.25,18180.75,18188.50,930
2026-01-07 12:08:00,18188.50,18205.00,18187.25,18200.00,951
2026-01-07 12:09:00,18200.00,18211.25,18176.75,18186.75,1087
2026-01-07 12:10:00,18186.75,18200.50,18182.25,18194.75,870
2026-01-07 12:11:00,18194.75,18196.00,18188.25,18192.25,582
2026-01-07 12:12:00,18192.25,18192.75,18165.50,18175.00,1438
2026-01-07 12:13:00,18175.00,18210.50,18169.25,18189.50,1349
2026-01-07 12:14:00,18189.50,18194.00,18182.50,18192.25,431
2026-01-07 12:15:00,18192.25,18195.25,18186.50,18189.75,313
2026-01-07 12:16:00,18189.75,18190.75,18178.75,18189.00,640
2026-01-07 12:17:00,18189.00,18200.00,18187.50,18188.25,1346
2026-01-07 12:18:00,18188.25,18192.25,18187.25,18189.50,479
2026-01-07 12:19:00,18189.50,18192.50,18187.00,18189.25,765
2026-01-07 12:20:00,18189.25,18192.50,18188.00,18189.00,211
2026-01-07 12:21:00,18189.00,18192.25,18176.75,18186.50,538
2026-01-07 12:22:00,18186.50,18192.00,18186.25,18188.50,559
2026-01-07 12:23:00,18188.50,18198.50,18185.50,18198.25,613
2026-01-07 12:24:00,18198.25,18202.25,18194.25,18201.25,1416
2026-01-07 12:25:00,18201.25,18202.25,18190.50,18194.25,1069
2026-01-07 12:26:00,18194.25,18195.00,18186.00,18190.75,376
2026-01-07 12:27:00,18190.75,18197.75,18178.00,18185.50,1345
2026-01-07 12:28:00,18185.50,18189.00,18178.75,18186.50,1312
2026-01-07 12:29:00,18186.50,18195.50,18179.50,18191.25,702
2026-01-07 12:30:00,18191.25,18194.25,18188.25,18194.25,1092
2026-01-07 12:31:00,18194.25,18195.25,18180.25,18183.00,647
2026-01-07 12:32:00,18183.00,18185.25,18181.00,18184.25,806
2026-01-07 12:33:00,18184.25,18188.50,18179.25,18186.25,1100
2026-01-07 12:34:00,18186.25,18196.25,18182.50,18189.75,1261
2026-01-07 12:35:00,18189.75,18191.75,18183.50,18189.50,496
2026-01-07 12:36:00,18189.50,18189.50,18179.75,18182.75,342
2026-01-07 12:37:00,18182.75,18198.50,18180.25,18194.75,1070
2026-01-07 12:38:00,18194.75,18201.25,18178.50,18182.00,1152
2026-01-07 12:39:00,18182.00,18186.00,18174.00,18178.75,213
2026-01-07 12:40:00,18178.75,18204.25,18173.00,18202.00,1022
2026-01-07 12:41:00,18202.00,18208.25,18188.00,18190.00,520
2026-01-07 12:42:00,18190.00,18192.25,18176.25,18177.50,497
2026-01-07 12:43:00,18177.50,18182.50,18164.00,18169.00,1016
2026-01-07 12:44:00,18169.00,18197.50,18167.00,18191.25,520
2026-01-07 12:45:00,18191.25,18196.00,18180.50,18182.00,573
2026-01-07 12:46:00,18182.00,18190.00,18171.25,18187.50,1462
2026-01-07 12:47:00,18187.50,18190.00,18171.25,18176.25,1215
2026-01-07 12:48:00,18176.25,18192.75,18170.25,18187.00,865
2026-01-07 12:49:00,18187.00,18193.25,18182.75,18189.75,881
2026-01-07 12:50:00,18189.75,18196.25,18179.50,18188.25,234
2026-01-07 12:51:00,18188.25,18191.50,18178.75,18182.25,943
2026-01-07 12:52:00,18182.25,18199.00,18172.25,18192.75,789
2026-01-07 12:53:00,18192.75,18194.00,18187.25,18189.75,972
2026-01-07 12:54:00,18189.75,18194.25,18181.75,18193.75,500
2026-01-07 12:55:00,18193.75,18195.00,18190.50,18193.75,1094
2026-01-07 12:56:00,18193.75,18201.50,18185.50,18187.50,494
2026-01-07 12:57:00,18187.50,18197.75,18168.00,18171.25,383
2026-01-07 12:58:00,18171.25,18192.00,18170.50,18189.25,1217
2026-01-07 12:59:00,18189.25,18192.25,18183.00,18186.50,390
2026-01-07 13:00:00,18186.50,18192.00,18178.75,18180.00,817
2026-01-07 13:01:00,18180.00,18194.00,18179.50,18192.25,454
2026-01-07 13:02:00,18192.25,18196.50,18191.25,18195.50,1148
2026-01-07 13:03:00,18195.50,18197.00,18181.50,18184.00,1447
2026-01-07 13:04:00,18184.00,18193.00,18175.75,18176.50,1089
2026-01-07 13:05:00,18176.50,18194.75,18172.00,18192.50,1113
2026-01-07 13:06:00,18192.50,18205.50,18183.50,18191.00,558
2026-01-07 13:07:00,18191.00,18196.25,18179.50,18188.25,918
2026-01-07 13:08:00,18188.25,18193.25,18174.00,18180.25,268
2026-01-07 13:09:00,18180.25,18193.50,18174.25,18192.25,1379
2026-01-07 13:10:00,18192.25,18197.50,18185.50,18197.25,1010
2026-01-07 13:11:00,18197.25,18200.00,18190.00,18190.25,298
2026-01-07 13:12:00,18190.25,18200.50,18188.50,18197.50,985
2026-01-07 13:13:00,18197.50,18201.25,18186.75,18192.50,1224
2026-01-07 13:14:00,18192.50,18201.00,18192.00,18193.00,941
2026-01-07 13:15:00,18193.00,18199.25,18184.75,18188.50,1367
2026-01-07 13:16:00,18188.50,18193.25,18177.25,18180.00,1387
2026-01-07 13:17:00,18180.00,18202.50,18177.25,18196.50,847
2026-01-07 13:18:00,18196.50,18198.50,18189.50,18192.75,1458
2026-01-07 13:19:00,18192.75,18199.00,18175.00,18188.25,868
2026-01-07 13:20:00,18188.25,18195.50,18182.50,18183.00,524
2026-01-07 13:21:00,18183.00,18205.00,18180.25,18199.50,763
2026-01-07 13:22:00,18199.50,18214.75,18190.50,18203.75,295
2026-01-07 13:23:00,18203.75,18208.50,18182.75,18189.25,1374
2026-01-07 13:24:00,18189.25,18191.25,18175.25,18182.75,208
2026-01-07 13:25:00,18182.75,18195.00,18178.50,18188.00,410
2026-01-07 13:26:00,18188.00,18195.00,18173.00,18177.00,725
2026-01-07 13:27:00,18177.00,18188.00,18174.50,18183.25,954
2026-01-07 13:28:00,18183.25,18199.50,18182.75,18196.25,728
2026-01-07 13:29:00,18196.25,18197.00,18178.50,18183.25,1240
2026-01-07 13:30:00,18183.25,18220.75,18177.75,18215.00,768
2026-01-07 13:31:00,18215.00,18224.25,18190.75,18193.25,1021
2026-01-07 13:32:00,18193.25,18200.00,18182.25,18183.50,496
2026-01-07 13:33:00,18183.50,18189.50,18179.75,18188.00,1432
2026-01-07 13:34:00,18188.00,18199.00,18187.75,18198.50,971
2026-01-07 13:35:00,18198.50,18200.75,18181.50,18184.50,1237
2026-01-07 13:36:00,18184.50,18198.75,18176.50,18197.50,270
2026-01-07 13:37:00,18197.50,18199.00,18190.50,18196.75,364
2026-01-07 13:38:00,18196.75,18201.00,18184.75,18187.75,479
2026-01-07 13:39:00,18187.75,18192.75,18180.25,18186.50,580
2026-01-07 13:40:00,18186.50,18195.00,18181.25,18192.00,656
2026-01-07 13:41:00,18192.00,18212.00,18190.50,18203.50,712
2026-01-07 13:42:00,18203.50,18205.25,18179.75,18188.50,818
2026-01-07 13:43:00,18188.50,18219.75,18187.00,18211.50,1491
2026-01-07 13:44:00,18211.50,18216.00,18177.00,18180.25,1052
2026-01-07 13:45:00,18180.25,18195.00,18175.75,18187.50,323
2026-01-07 13:46:00,18187.50,18192.00,18178.75,18188.50,601
2026-01-07 13:47:00,18188.50,18194.50,18187.25,18192.00,445
2026-01-07 13:48:00,18192.00,18193.75,18179.75,18181.00,1163
2026-01-07 13:49:00,18181.00,18203.50,18179.00,18192.50,1353
2026-01-07 13:50:00,18192.50,18197.00,18181.25,18181.75,532
2026-01-07 13:51:00,18181.75,18183.00,18176.25,18178.00,977
2026-01-07 13:52:00,18178.00,18214.00,18174.00,18210.50,876
2026-01-07 13:53:00,18210.50,18215.00,18192.75,18196.75,842
2026-01-07 13:54:00,18196.75,18201.00,18178.00,18189.50,1132
2026-01-07 13:55:00,18189.50,18198.00,18185.00,18193.75,942
2026-01-07 13:56:00,18193.75,18195.00,18166.50,18170.25,558
2026-01-07 13:57:00,18170.25,18212.00,18165.25,18207.75,814
2026-01-07 13:58:00,18207.75,18215.00,18183.75,18185.25,1061
2026-01-07 13:59:00,18185.25,18191.25,18178.00,18178.50,621
2026-01-07 14:00:00,18178.50,18179.25,18176.75,18177.00,426
2026-01-07 14:01:00,18177.00,18187.25,18167.00,18182.75,595
2026-01-07 14:02:00,18182.75,18190.00,18181.25,18183.25,1073
2026-01-07 14:03:00,18183.25,18192.00,18181.25,18188.75,1364
2026-01-07 14:04:00,18188.75,18194.25,18180.75,18185.25,1291
2026-01-07 14:05:00,18185.25,18199.25,18184.50,18198.75,615
2026-01-07 14:06:00,18198.75,18206.75,18198.25,18206.00,449
2026-01-07 14:07:00,18206.00,18207.00,18184.25,18194.00,1255
2026-01-07 14:08:00,18194.00,18202.25,18182.75,18200.25,255
2026-01-07 14:09:00,18200.25,18213.50,18196.50,18205.25,1069
2026-01-07 14:10:00,18205.25,18210.25,18198.50,18198.75,945
2026-01-07 14:11:00,18198.75,18199.50,18192.50,18193.25,255
2026-01-07 14:12:00,18193.25,18214.75,18188.25,18214.00,529
2026-01-07 14:13:00,18214.00,18217.25,18177.25,18180.50,473
2026-01-07 14:14:00,18180.50,18188.50,18177.75,18177.75,523
2026-01-07 14:15:00,18177.75,18194.50,18175.75,18193.00,455
2026-01-07 14:16:00,18193.00,18198.50,18187.50,18193.75,1045
2026-01-07 14:17:00,18193.75,18201.50,18182.25,18184.00,318
2026-01-07 14:18:00,18184.00,18191.75,18183.50,18189.00,931
2026-01-07 14:19:00,18189.00,18189.00,18186.25,18188.25,1177
2026-01-07 14:20:00,18188.25,18191.00,18180.25,18181.50,300
2026-01-07 14:21:00,18181.50,18194.50,18179.75,18189.00,277
2026-01-07 14:22:00,18189.00,18190.75,18183.00,18184.75,879
2026-01-07 14:23:00,18184.75,18190.25,18180.50,18190.00,361
2026-01-07 14:24:00,18190.00,18192.00,18171.25,18182.50,700
2026-01-07 14:25:00,18182.50,18188.50,18179.75,18187.25,1084
2026-01-07 14:26:00,18187.25,18196.75,18179.50,18180.75,539
2026-01-07 14:27:00,18180.75,18185.50,18177.75,18180.50,520
2026-01-07 14:28:00,18180.50,18202.25,18180.25,18194.75,297
2026-01-07 14:29:00,18194.75,18201.00,18186.25,18191.00,591
2026-01-07 14:30:00,18191.00,18191.25,18181.50,18184.00,1129
2026-01-07 14:31:00,18184.00,18192.75,18175.75,18181.25,207
2026-01-07 14:32:00,18181.25,18192.00,18177.25,18185.25,1298
2026-01-07 14:33:00,18185.25,18199.50,18171.00,18193.50,886
2026-01-07 14:34:00,18193.50,18200.50,18188.25,18188.75,1053
2026-01-07 14:35:00,18188.75,18192.50,18184.00,18190.75,518
2026-01-07 14:36:00,18190.75,18192.00,18189.50,18191.00,1487
2026-01-07 14:37:00,18191.00,18199.25,18187.75,18194.50,1200
2026-01-07 14:38:00,18194.50,18196.75,18183.25,18188.75,1117
2026-01-07 14:39:00,18188.75,18191.75,18173.25,18184.00,1169
2026-01-07 14:40:00,18184.00,18192.00,18177.50,18190.75,251
2026-01-07 14:41:00,18190.75,18195.25,18184.75,18193.25,292
2026-01-07 14:42:00,18193.25,18201.50,18184.50,18192.25,691
2026-01-07 14:43:00,18192.25,18201.25,18190.25,18195.25,749
2026-01-07 14:44:00,18195.25,18201.25,18176.50,18181.50,767
2026-01-07 14:45:00,18181.50,18200.75,18177.00,18198.25,567
2026-01-07 14:46:00,18198.25,18198.25,18190.75,18192.25,518
2026-01-07 14:47:00,18192.25,18194.25,18169.75,18173.00,439
2026-01-07 14:48:00,18173.00,18197.75,18172.75,18194.50,286
2026-01-07 14:49:00,18194.50,18196.00,18186.75,18188.25,826
2026-01-07 14:50:00,18188.25,18195.75,18181.25,18195.75,1404
2026-01-07 14:51:00,18195.75,18207.00,18177.00,18181.25,1358
2026-01-07 14:52:00,18181.25,18182.75,18179.00,18182.00,458
2026-01-07 14:53:00,18182.00,18205.25,18178.00,18201.25,1404
2026-01-07 14:54:00,18201.25,18201.75,18198.50,18199.75,245
2026-01-07 14:55:00,18199.75,18206.00,18181.75,18185.25,579
2026-01-07 14:56:00,18185.25,18196.25,18180.25,18195.25,1113
2026-01-07 14:57:00,18195.25,18197.50,18189.50,18196.50,709
2026-01-07 14:58:00,18196.50,18205.75,18178.50,18184.25,800
2026-01-07 14:59:00,18184.25,18192.25,18180.00,18186.25,725
2026-01-07 15:00:00,18186.25,18187.00,18174.75,18176.00,933
2026-01-07 15:01:00,18176.00,18198.75,18171.00,18197.25,376
2026-01-07 15:02:00,18197.25,18205.00,18188.25,18189.25,1085
2026-01-07 15:03:00,18189.25,18198.50,18183.25,18194.50,1500
2026-01-07 15:04:00,18194.50,18195.25,18183.50,18187.75,1038
2026-01-07 15:05:00,18187.75,18199.75,18184.00,18186.50,1274
2026-01-07 15:06:00,18186.50,18207.25,18183.50,18201.25,897
2026-01-07 15:07:00,18201.25,18203.25,18199.25,18202.25,580
2026-01-07 15:08:00,18202.25,18202.50,18180.50,18181.25,468
2026-01-07 15:09:00,18181.25,18205.25,18175.50,18198.00,1099
2026-01-07 15:10:00,18198.00,18200.75,18183.75,18187.75,523
2026-01-07 15:11:00,18187.75,18199.25,18186.50,18198.25,702
2026-01-07 15:12:00,18198.25,18206.50,18177.25,18181.25,593
2026-01-07 15:13:00,18181.25,18188.25,18174.50,18183.50,1242
2026-01-07 15:14:00,18183.50,18208.50,18179.00,18201.50,1419
2026-01-07 15:15:00,18201.50,18215.50,18190.75,18191.75,1002
2026-01-07 15:16:00,18191.75,18194.75,18178.25,18182.75,857
2026-01-07 15:17:00,18182.75,18193.00,18176.50,18189.25,1479
2026-01-07 15:18:00,18189.25,18192.50,18182.25,18187.75,674
2026-01-07 15:19:00,18187.75,18188.50,18180.75,18183.75,692
2026-01-07 15:20:00,18183.75,18196.25,18180.00,18190.00,274
2026-01-07 15:21:00,18190.00,18195.25,18183.00,18185.75,1432
2026-01-07 15:22:00,18185.75,18199.25,18185.25,18196.25,1052
2026-01-07 15:23:00,18196.25,18198.25,18195.75,18197.50,667
2026-01-07 15:24:00,18197.50,18215.75,18197.00,18206.25,698
2026-01-07 15:25:00,18206.25,18208.00,18201.50,18204.50,1497
2026-01-07 15:26:00,18204.50,18206.50,18201.25,18202.75,1181
2026-01-07 15:27:00,18202.75,18203.50,18182.75,18183.00,978
2026-01-07 15:28:00,18183.00,18184.50,18175.50,18178.25,1161
2026-01-07 15:29:00,18178.25,18203.00,18176.75,18198.50,414
2026-01-07 15:30:00,18198.50,18203.25,18198.25,18202.25,386
2026-01-07 15:31:00,18202.25,18205.75,18161.00,18170.00,204
2026-01-07 15:32:00,18170.00,18209.00,18169.75,18204.75,1040
2026-01-07 15:33:00,18204.75,18208.75,18189.25,18189.50,912
2026-01-07 15:34:00,18189.50,18190.75,18163.50,18166.25,1211
2026-01-07 15:35:00,18166.25,18200.25,18163.75,18197.25,1308
2026-01-07 15:36:00,18197.25,18206.75,18190.25,18193.00,1459
2026-01-07 15:37:00,18193.00,18198.00,18191.50,18194.50,372
2026-01-07 15:38:00,18194.50,18199.75,18177.00,18179.50,1289
2026-01-07 15:39:00,18179.50,18184.25,18177.50,18182.50,433
2026-01-07 15:40:00,18182.50,18188.75,18178.00,18184.50,1023
2026-01-07 15:41:00,18184.50,18204.00,18184.00,18186.75,604
2026-01-07 15:42:00,18186.75,18191.25,18181.50,18184.50,1136
2026-01-07 15:43:00,18184.50,18197.50,18175.25,18192.00,319
2026-01-07 15:44:00,18192.00,18195.00,18185.00,18194.50,286
2026-01-07 15:45:00,18194.50,18200.00,18185.75,18186.00,604
2026-01-07 15:46:00,18186.00,18186.50,18184.50,18186.00,1227
2026-01-07 15:47:00,18186.00,18197.75,18181.00,18193.50,551
2026-01-07 15:48:00,18193.50,18201.75,18178.50,18180.00,1189
2026-01-07 15:49:00,18180.00,18198.75,18177.75,18198.50,760
2026-01-07 15:50:00,18198.50,18205.25,18178.25,18184.50,1370
2026-01-07 15:51:00,18184.50,18189.25,18178.25,18185.75,854
2026-01-07 15:52:00,18185.75,18189.00,18173.25,18176.75,536
2026-01-07 15:53:00,18176.75,18198.50,18170.50,18195.50,418
2026-01-07 15:54:00,18195.50,18202.00,18189.25,18198.75,1248
2026-01-07 15:55:00,18198.75,18199.25,18178.50,18182.25,343
2026-01-07 15:56:00,18182.25,18203.50,18181.50,18195.50,670
2026-01-07 15:57:00,18195.50,18204.00,18185.25,18188.75,1129
2026-01-07 15:58:00,18188.75,18190.75,18170.25,18173.25,893
2026-01-07 15:59:00,18173.25,18207.25,18171.75,18205.25,963
2026-01-08 08:00:00,18113.00,18118.25,18111.50,18115.75,378
2026-01-08 08:01:00,18115.75,18133.50,18107.75,18126.25,1101
2026-01-08 08:02:00,18126.25,18132.00,18099.75,18100.00,320
2026-01-08 08:03:00,18100.00,18112.75,18097.50,18112.50,387
2026-01-08 08:04:00,18112.50,18122.75,18107.75,18121.00,493
2026-01-08 08:05:00,18121.00,18124.25,18110.25,18113.25,971
2026-01-08 08:06:00,18113.25,18117.75,18110.25,18114.00,775
2026-01-08 08:07:00,18114.00,18127.75,18105.25,18126.50,1245
2026-01-08 08:08:00,18126.50,18132.00,18110.25,18112.50,644
2026-01-08 08:09:00,18112.50,18120.75,18110.25,18114.75,1145
2026-01-08 08:10:00,18114.75,18115.00,18099.00,18105.00,931
2026-01-08 08:11:00,18105.00,18115.50,18103.75,18113.75,1216
2026-01-08 08:12:00,18113.75,18119.00,18107.25,18111.00,515
2026-01-08 08:13:00,18111.00,18118.00,18110.00,18116.00,1237
2026-01-08 08:14:00,18116.00,18124.50,18113.75,18115.50,1369
2026-01-08 08:15:00,18115.50,18116.00,18106.50,18108.00,765
2026-01-08 08:16:00,18108.00,18111.25,18107.00,18109.75,645
2026-01-08 08:17:00,18109.75,18122.00,18103.75,18119.50,819
2026-01-08 08:18:00,18119.50,18126.25,18106.50,18111.25,1482
2026-01-08 08:19:00,18111.25,18115.75,18105.25,18108.75,548
2026-01-08 08:20:00,18108.75,18115.75,18107.00,18108.25,1156
2026-01-08 08:21:00,18108.25,18113.25,18100.25,18102.25,1094
2026-01-08 08:22:00,18102.25,18113.75,18098.50,18112.00,505
2026-01-08 08:23:00,18112.00,18117.00,18107.25,18114.75,1088
2026-01-08 08:24:00,18114.75,18116.00,18106.50,18108.25,589
2026-01-08 08:25:00,18108.25,18120.50,18104.25,18118.00,595
2026-01-08 08:26:00,18118.00,18119.50,18103.75,18104.25,608
2026-01-08 08:27:00,18104.25,18116.75,18101.75,18109.75,1367
2026-01-08 08:28:00,18109.75,18118.00,18103.50,18115.75,1491
2026-01-08 08:29:00,18115.75,18116.00,18093.75,18096.25,1373
2026-01-08 08:30:00,18096.25,18116.00,18091.00,18113.00,522
2026-01-08 08:31:00,18113.00,18117.75,18111.00,18117.00,1327
2026-01-08 08:32:00,18117.00,18123.00,18110.00,18114.25,303
2026-01-08 08:33:00,18114.25,18115.00,18110.75,18113.00,723
2026-01-08 08:34:00,18113.00,18114.50,18107.25,18110.00,814
2026-01-08 08:35:00,18110.00,18112.50,18108.75,18110.25,696
2026-01-08 08:36:00,18110.25,18117.75,18108.25,18112.25,216
2026-01-08 08:37:00,18112.25,18117.00,18108.25,18112.50,1126
2026-01-08 08:38:00,18112.50,18118.50,18103.75,18106.25,275
2026-01-08 08:39:00,18106.25,18111.00,18103.00,18109.50,1292
2026-01-08 08:40:00,18109.50,18111.50,18097.75,18105.50,1248
2026-01-08 08:41:00,18105.50,18116.00,18100.00,18116.00,1397
2026-01-08 08:42:00,18116.00,18122.75,18108.50,18110.75,1032
2026-01-08 08:43:00,18110.75,18116.25,18106.25,18109.75,632
2026-01-08 08:44:00,18109.75,18113.75,18100.50,18105.25,701
2026-01-08 08:45:00,18105.25,18115.25,18105.00,18111.00,442
2026-01-08 08:46:00,18111.00,18115.75,18103.75,18114.00,227
2026-01-08 08:47:00,18114.00,18114.25,18093.50,18097.75,523
2026-01-08 08:48:00,18097.75,18116.00,18095.75,18112.50,618
2026-01-08 08:49:00,18112.50,18114.75,18109.75,18112.50,205
2026-01-08 08:50:00,18112.50,18113.25,18105.00,18108.00,1423
2026-01-08 08:51:00,18108.00,18110.75,18106.75,18110.50,299
2026-01-08 08:52:00,18110.50,18113.00,18105.50,18106.25,1317
2026-01-08 08:53:00,18106.25,18107.00,18101.50,18103.50,387
2026-01-08 08:54:00,18103.50,18109.50,18102.75,18108.00,955
2026-01-08 08:55:00,18108.00,18109.50,18103.00,18107.75,1226
2026-01-08 08:56:00,18107.75,18115.50,18104.50,18107.50,1197
2026-01-08 08:57:00,18107.50,18116.00,18106.75,18112.50,1091
2026-01-08 08:58:00,18112.50,18114.75,18111.25,18113.25,975
2026-01-08 08:59:00,18113.25,18119.25,18109.50,18114.50,770
2026-01-08 09:00:00,18114.50,18118.75,18110.25,18111.75,615
2026-01-08 09:01:00,18111.75,18113.75,18101.00,18104.00,1448
2026-01-08 09:02:00,18104.00,18109.25,18100.25,18107.00,758
2026-01-08 09:03:00,18107.00,18109.00,18105.25,18106.75,1348
2026-01-08 09:04:00,18106.75,18110.00,18102.75,18110.00,820
2026-01-08 09:05:00,18110.00,18113.25,18099.50,18101.50,329
2026-01-08 09:06:00,18101.50,18119.75,18098.00,18116.00,239
2026-01-08 09:07:00,18116.00,18117.25,18108.00,18111.25,1169
2026-01-08 09:08:00,18111.25,18111.75,18103.25,18108.25,385
2026-01-08 09:09:00,18108.25,18113.00,18105.25,18107.00,344
2026-01-08 09:10:00,18107.00,18119.25,18104.50,18114.25,693
2026-01-08 09:11:00,18114.25,18117.75,18100.50,18109.25,1353
2026-01-08 09:12:00,18109.25,18111.00,18103.25,18106.75,1423
2026-01-08 09:13:00,18106.75,18108.50,18104.00,18104.75,1076
2026-01-08 09:14:00,18104.75,18117.25,18099.75,18115.25,768
2026-01-08 09:15:00,18115.25,18116.50,18099.00,18101.50,1376
2026-01-08 09:16:00,18101.50,18103.00,18099.00,18102.00,762
2026-01-08 09:17:00,18102.00,18106.50,18098.75,18103.75,392
2026-01-08 09:18:00,18103.75,18112.50,18103.50,18108.50,1241
2026-01-08 09:19:00,18108.50,18110.75,18106.00,18109.25,830
2026-01-08 09:20:00,18109.25,18112.00,18099.50,18101.75,1425
2026-01-08 09:21:00,18101.75,18111.50,18095.00,18103.00,1152
2026-01-08 09:22:00,18103.00,18112.00,18101.25,18105.50,1321
2026-01-08 09:23:00,18105.50,18109.50,18098.00,18103.25,1342
2026-01-08 09:24:00,18109.25,18112.00,18097.25,18102.00,785
2026-01-08 09:25:00,18102.00,18105.25,18088.00,18090.75,488
2026-01-08 09:26:00,18090.75,18099.25,18089.25,18092.00,1339
2026-01-08 09:27:00,18092.00,18093.75,18073.50,18074.00,1343
2026-01-08 09:28:00,18074.00,18100.25,18071.00,18093.00,748
2026-01-08 09:29:00,18093.00,18095.00,18090.00,18094.75,576
2026-01-08 09:30:00,18094.75,18097.50,18093.25,18096.50,548
2026-01-08 09:31:00,18096.50,18130.25,18095.00,18128.75,409
2026-01-08 09:32:00,18128.75,18129.50,18122.25,18122.50,1328
2026-01-08 09:33:00,18122.50,18136.25,18121.25,18134.00,819
2026-01-08 09:34:00,18134.00,18152.00,18133.50,18151.25,224
2026-01-08 09:35:00,18151.25,18152.00,18150.00,18151.75,1492
2026-01-08 09:36:00,18151.75,18156.50,18151.75,18156.50,667
2026-01-08 09:37:00,18156.50,18158.75,18155.25,18158.25,1059
2026-01-08 09:38:00,18158.25,18167.25,18157.50,18166.00,704
2026-01-08 09:39:00,18166.00,18167.00,18156.00,18156.75,455
2026-01-08 09:40:00,18156.75,18157.00,18142.25,18146.00,1487
2026-01-08 09:41:00,18146.00,18151.25,18133.50,18134.75,1016
2026-01-08 09:42:00,18134.75,18136.75,18118.25,18121.50,744
2026-01-08 09:43:00,18121.50,18123.00,18108.75,18116.00,1486
2026-01-08 09:44:00,18116.00,18117.75,18113.00,18115.75,596
2026-01-08 09:45:00,18115.75,18118.00,18109.25,18114.50,409
2026-01-08 09:46:00,18114.50,18129.75,18113.50,18125.25,732
2026-01-08 09:47:00,18125.25,18137.25,18122.75,18124.00,1145
2026-01-08 09:48:00,18124.00,18140.00,18122.50,18132.50,424
2026-01-08 09:49:00,18132.50,18151.00,18125.00,18147.50,461
2026-01-08 09:50:00,18147.50,18168.50,18143.50,18167.50,884
2026-01-08 09:51:00,18167.50,18172.50,18166.00,18167.00,295
2026-01-08 09:52:00,18167.00,18169.50,18156.50,18159.00,318
2026-01-08 09:53:00,18159.00,18181.25,18158.00,18179.25,1184
2026-01-08 09:54:00,18179.25,18185.00,18172.25,18184.75,376
2026-01-08 09:55:00,18184.75,18190.75,18172.75,18174.25,687
2026-01-08 09:56:00,18174.25,18189.25,18167.00,18184.75,1051
2026-01-08 09:57:00,18184.75,18198.50,18179.50,18193.25,1442
2026-01-08 09:58:00,18193.25,18212.75,18187.00,18211.25,653
2026-01-08 09:59:00,18211.25,18218.25,18209.50,18217.50,1066
2026-01-08 10:00:00,18217.50,18231.50,18212.00,18227.00,1209
2026-01-08 10:01:00,18227.00,18253.00,18220.25,18250.75,225
2026-01-08 10:02:00,18250.75,18259.00,18230.00,18232.00,1038
2026-01-08 10:03:00,18232.00,18244.50,18226.50,18243.00,1207
2026-01-08 10:04:00,18243.00,18257.25,18238.00,18250.00,1219
2026-01-08 10:05:00,18250.00,18268.00,18247.50,18257.25,1427
2026-01-08 10:06:00,18257.25,18273.50,18255.25,18263.25,822
2026-01-08 10:07:00,18263.25,18296.25,18260.75,18292.75,205
2026-01-08 10:08:00,18292.75,18298.50,18261.75,18273.00,706
2026-01-08 10:09:00,18273.00,18285.50,18266.25,18280.00,1435
2026-01-08 10:10:00,18280.00,18289.75,18274.75,18286.75,1360
2026-01-08 10:11:00,18286.75,18292.75,18264.50,18266.50,1081
2026-01-08 10:12:00,18266.50,18274.75,18265.00,18269.00,1388
2026-01-08 10:13:00,18269.00,18292.50,18262.25,18291.00,1292
2026-01-08 10:14:00,18291.00,18294.75,18280.75,18281.75,228
2026-01-08 10:15:00,18281.75,18293.75,18279.25,18287.75,700
2026-01-08 10:16:00,18287.75,18294.50,18266.00,18267.25,737
2026-01-08 10:17:00,18267.25,18285.50,18266.25,18280.75,1282
2026-01-08 10:18:00,18280.75,18300.75,18279.75,18292.75,1458
2026-01-08 10:19:00,18292.75,18299.00,18261.25,18263.25,706
2026-01-08 10:20:00,18263.25,18272.50,18257.25,18261.00,908
2026-01-08 10:21:00,18261.00,18289.75,18254.25,18285.50,791
2026-01-08 10:22:00,18285.50,18286.25,18263.00,18263.50,754
2026-01-08 10:23:00,18263.50,18282.75,18257.00,18281.25,201
2026-01-08 10:24:00,18281.25,18296.00,18277.50,18291.25,331
2026-01-08 10:25:00,18291.25,18293.00,18271.00,18279.25,1309
2026-01-08 10:26:00,18279.25,18295.25,18273.25,18293.25,449
2026-01-08 10:27:00,18293.25,18297.50,18286.00,18286.00,447
2026-01-08 10:28:00,18286.00,18288.25,18260.25,18271.50,829
2026-01-08 10:29:00,18271.50,18281.00,18265.50,18280.75,399
2026-01-08 10:30:00,18280.75,18283.25,18267.75,18269.75,1097
2026-01-08 10:31:00,18269.75,18277.50,18265.50,18270.75,464
2026-01-08 10:32:00,18270.75,18283.75,18268.75,18280.25,1004
2026-01-08 10:33:00,18280.25,18288.75,18271.00,18274.50,715
2026-01-08 10:34:00,18274.50,18280.75,18272.75,18278.25,1458
2026-01-08 10:35:00,18278.25,18299.25,18278.00,18291.50,449
2026-01-08 10:36:00,18291.50,18294.50,18287.50,18293.25,212
2026-01-08 10:37:00,18293.25,18295.25,18278.00,18279.75,1155
2026-01-08 10:38:00,18279.75,18296.50,18274.25,18294.50,1106
2026-01-08 10:39:00,18294.50,18297.25,18284.75,18286.75,350
2026-01-08 10:40:00,18286.75,18287.25,18277.50,18277.75,1021
2026-01-08 10:41:00,18277.75,18288.25,18272.75,18286.25,1038
2026-01-08 10:42:00,18286.25,18288.00,18265.50,18267.25,1012
2026-01-08 10:43:00,18267.25,18281.00,18265.50,18278.00,1129
2026-01-08 10:44:00,18278.00,18285.25,18267.50,18269.00,460
2026-01-08 10:45:00,18269.00,18284.75,18265.50,18283.50,440
2026-01-08 10:46:00,18283.50,18285.50,18279.25,18284.50,778
2026-01-08 10:47:00,18284.50,18296.75,18283.25,18287.50,1474
2026-01-08 10:48:00,18287.50,18297.50,18269.50,18274.75,1120
2026-01-08 10:49:00,18274.75,18291.50,18269.75,18289.50,1009
2026-01-08 10:50:00,18289.50,18294.00,18282.25,18285.50,520
2026-01-08 10:51:00,18285.50,18285.75,18266.50,18276.25,902
2026-01-08 10:52:00,18276.25,18284.00,18274.50,18282.25,372
2026-01-08 10:53:00,18282.25,18295.25,18280.25,18292.00,789
2026-01-08 10:54:00,18292.00,18296.00,18282.50,18290.50,789
2026-01-08 10:55:00,18290.50,18302.00,18285.50,18296.50,1472
2026-01-08 10:56:00,18296.50,18303.50,18269.25,18277.50,1224
2026-01-08 10:57:00,18277.50,18291.00,18276.50,18287.50,1298
2026-01-08 10:58:00,18287.50,18289.50,18277.50,18281.50,637
2026-01-08 10:59:00,18281.50,18282.00,18272.50,18280.25,389
2026-01-08 11:00:00,18280.25,18292.75,18273.25,18281.50,653
2026-01-08 11:01:00,18281.50,18284.50,18275.00,18279.75,1130
2026-01-08 11:02:00,18279.75,18293.50,18276.25,18290.50,420
2026-01-08 11:03:00,18290.50,18294.50,18277.00,18283.00,1047
2026-01-08 11:04:00,18283.00,18294.00,18277.75,18290.75,1495
2026-01-08 11:05:00,18290.75,18301.00,18285.75,18291.00,1072
2026-01-08 11:06:00,18291.00,18293.25,18272.50,18276.50,1210
2026-01-08 11:07:00,18276.50,18283.00,18270.75,18281.75,309
2026-01-08 11:08:00,18281.75,18282.75,18280.25,18282.00,810
2026-01-08 11:09:00,18282.00,18295.25,18281.25,18285.50,1104
2026-01-08 11:10:00,18285.50,18300.00,18282.50,18296.00,357
2026-01-08 11:11:00,18296.00,18296.50,18281.50,18285.00,978
2026-01-08 11:12:00,18285.00,18288.25,18266.75,18271.50,818
2026-01-08 11:13:00,18271.50,18281.50,18269.25,18279.50,454
2026-01-08 11:14:00,18279.50,18295.25,18278.00,18289.75,270
2026-01-08 11:15:00,18289.75,18293.50,18287.00,18287.50,677
2026-01-08 11:16:00,18287.50,18288.00,18269.25,18274.75,526
2026-01-08 11:17:00,18274.75,18290.75,18273.75,18286.00,474
2026-01-08 11:18:00,18286.00,18291.75,18271.25,18275.25,1004
2026-01-08 11:19:00,18275.25,18284.50,18273.75,18282.75,760
2026-01-08 11:20:00,18282.75,18296.25,18281.25,18289.75,405
2026-01-08 11:21:00,18289.75,18291.25,18272.00,18275.25,219
2026-01-08 11:22:00,18275.25,18287.00,18272.00,18277.75,1495
2026-01-08 11:23:00,18277.75,18285.25,18277.00,18281.25,811
2026-01-08 11:24:00,18281.25,18296.75,18274.75,18295.00,1349
2026-01-08 11:25:00,18295.00,18301.25,18277.75,18283.25,975
2026-01-08 11:26:00,18283.25,18291.50,18256.50,18261.25,1378
2026-01-08 11:27:00,18261.25,18285.00,18256.75,18284.25,845
2026-01-08 11:28:00,18284.25,18289.50,18280.50,18280.50,1327
2026-01-08 11:29:00,18280.50,18282.50,18273.00,18278.25,646
2026-01-08 11:30:00,18278.25,18285.75,18270.75,18281.75,730
2026-01-08 11:31:00,18281.75,18288.75,18274.50,18279.75,1478
2026-01-08 11:32:00,18279.75,18294.75,18277.00,18293.25,1295
2026-01-08 11:33:00,18293.25,18293.50,18266.00,18277.75,1015
2026-01-08 11:34:00,18277.75,18279.00,18268.25,18270.00,913
2026-01-08 11:35:00,18270.00,18289.25,18267.00,18287.50,784
2026-01-08 11:36:00,18287.50,18295.50,18282.25,18289.75,502
2026-01-08 11:37:00,18289.75,18290.75,18289.50,18289.75,1131
2026-01-08 11:38:00,18289.75,18293.50,18273.50,18275.00,1349
2026-01-08 11:39:00,18275.00,18282.50,18267.25,18276.75,655
2026-01-08 11:40:00,18276.75,18283.00,18273.00,18281.00,606
2026-01-08 11:41:00,18281.00,18288.75,18276.75,18285.00,832
2026-01-08 11:42:00,18285.00,18295.25,18279.25,18294.00,757
2026-01-08 11:43:00,18294.00,18297.50,18285.50,18288.25,1240
2026-01-08 11:44:00,18288.25,18289.75,18274.50,18277.75,1384
2026-01-08 11:45:00,18277.75,18294.25,18274.00,18291.75,287
2026-01-08 11:46:00,18291.75,18297.75,18281.75,18290.50,736
2026-01-08 11:47:00,18290.50,18292.50,18273.75,18275.00,728
2026-01-08 11:48:00,18275.00,18289.00,18273.50,18287.25,707
2026-01-08 11:49:00,18287.25,18288.00,18284.00,18285.00,1296
2026-01-08 11:50:00,18285.00,18287.25,18272.75,18278.00,1220
2026-01-08 11:51:00,18278.00,18282.75,18276.25,18281.75,1260
2026-01-08 11:52:00,18281.75,18284.75,18278.25,18278.75,903
2026-01-08 11:53:00,18278.75,18290.75,18276.75,18289.75,1281
2026-01-08 11:54:00,18289.75,18298.75,18279.00,18286.75,1493
2026-01-08 11:55:00,18286.75,18296.75,18285.25,18293.00,645
2026-01-08 11:56:00,18293.00,18296.75,18278.50,18280.50,361
2026-01-08 11:57:00,18280.50,18292.25,18270.75,18290.50,904
2026-01-08 11:58:00,18290.50,18301.50,18289.75,18295.75,1200
2026-01-08 11:59:00,18295.75,18301.50,18284.75,18287.00,1142
2026-01-08 12:00:00,18287.00,18288.25,18274.50,18282.50,1430
2026-01-08 12:01:00,18282.50,18289.00,18280.75,18284.50,1344
2026-01-08 12:02:00,18284.50,18289.00,18280.25,18288.25,360
2026-01-08 12:03:00,18288.25,18292.50,18262.00,18272.75,987
2026-01-08 12:04:00,18272.75,18291.00,18267.75,18289.00,753
2026-01-08 12:05:00,18289.00,18292.75,18285.75,18286.75,1202
2026-01-08 12:06:00,18286.75,18288.25,18280.75,18283.50,905
2026-01-08 12:07:00,18283.50,18288.00,18269.00,18280.50,368
2026-01-08 12:08:00,18280.50,18290.25,18278.75,18281.00,289
2026-01-08 12:09:00,18281.00,18283.75,18276.50,18283.00,1418
2026-01-08 12:10:00,18283.00,18285.00,18277.25,18280.25,259
2026-01-08 12:11:00,18280.25,18283.50,18271.75,18275.50,1144
2026-01-08 12:12:00,18275.50,18291.00,18275.25,18283.25,629
2026-01-08 12:13:00,18283.25,18285.50,18278.50,18284.50,752
2026-01-08 12:14:00,18284.50,18287.75,18271.75,18275.25,206
2026-01-08 12:15:00,18275.25,18278.25,18259.00,18273.00,1220
2026-01-08 12:16:00,18273.00,18292.50,18270.25,18283.50,286
2026-01-08 12:17:00,18283.50,18285.00,18280.50,18281.00,1249
2026-01-08 12:18:00,18281.00,18289.00,18274.00,18279.75,1231
2026-01-08 12:19:00,18279.75,18294.00,18279.50,18290.50,1141
2026-01-08 12:20:00,18290.50,18294.50,18288.50,18290.50,400
2026-01-08 12:21:00,18290.50,18295.75,18276.25,18292.00,640
2026-01-08 12:22:00,18292.00,18293.25,18281.25,18282.75,673
2026-01-08 12:23:00,18282.75,18285.50,18281.75,18283.25,1178
2026-01-08 12:24:00,18283.25,18295.50,18282.25,18285.75,632
2026-01-08 12:25:00,18285.75,18289.75,18284.75,18285.25,1336
2026-01-08 12:26:00,18285.25,18287.50,18274.50,18279.50,1163
2026-01-08 12:27:00,18279.50,18292.25,18275.50,18288.50,442
2026-01-08 12:28:00,18288.50,18289.00,18266.75,18272.00,440
2026-01-08 12:29:00,18272.00,18290.50,18267.00,18282.75,1256
2026-01-08 12:30:00,18282.75,18285.25,18272.50,18273.75,297
2026-01-08 12:31:00,18273.75,18284.50,18265.75,18279.00,1372
2026-01-08 12:32:00,18279.00,18289.50,18277.50,18285.50,1486
2026-01-08 12:33:00,18285.50,18288.00,18273.25,18277.50,1001
2026-01-08 12:34:00,18277.50,18284.50,18274.50,18282.25,809
2026-01-08 12:35:00,18282.25,18289.00,18274.50,18288.50,1009
2026-01-08 12:36:00,18288.50,18291.50,18286.50,18286.50,445
2026-01-08 12:37:00,18286.50,18289.25,18271.50,18281.25,785
2026-01-08 12:38:00,18281.25,18291.75,18276.00,18286.75,319
2026-01-08 12:39:00,18286.75,18292.00,18284.25,18290.25,1161
2026-01-08 12:40:00,18290.25,18292.50,18276.75,18277.75,581
2026-01-08 12:41:00,18277.75,18299.25,18276.25,18290.00,1415
2026-01-08 12:42:00,18290.00,18293.00,18275.50,18282.25,1140
2026-01-08 12:43:00,18282.25,18310.00,18279.25,18303.50,1111
2026-01-08 12:44:00,18303.50,18306.25,18283.25,18288.00,1462
2026-01-08 12:45:00,18288.00,18299.25,18283.00,18294.00,1230
2026-01-08 12:46:00,18294.00,18301.00,18282.50,18286.00,449
2026-01-08 12:47:00,18286.00,18288.75,18276.25,18278.25,384
2026-01-08 12:48:00,18278.25,18310.25,18275.00,18302.25,572
2026-01-08 12:49:00,18302.25,18308.00,18276.75,18284.25,333
2026-01-08 12:50:00,18284.25,18287.25,18277.25,18283.00,426
2026-01-08 12:51:00,18283.00,18297.00,18280.50,18285.75,269
2026-01-08 12:52:00,18285.75,18298.25,18284.50,18294.25,620
2026-01-08 12:53:00,18294.25,18297.75,18281.50,18289.00,1255
2026-01-08 12:54:00,18289.00,18290.25,18263.75,18274.25,764
2026-01-08 12:55:00,18274.25,18276.75,18271.75,18273.75,635
2026-01-08 12:56:00,18273.75,18300.25,18272.25,18297.75,593
2026-01-08 12:57:00,18297.75,18301.25,18270.00,18270.50,824
2026-01-08 12:58:00,18270.50,18285.50,18267.50,18281.00,1011
2026-01-08 12:59:00,18281.00,18294.00,18272.50,18290.25,713
2026-01-08 13:00:00,18290.25,18295.25,18280.75,18290.50,883
2026-01-08 13:01:00,18290.50,18294.75,18282.50,18282.75,936
2026-01-08 13:02:00,18282.75,18299.25,18282.75,18290.25,1250
2026-01-08 13:03:00,18290.25,18290.75,18278.75,18280.75,1312
2026-01-08 13:04:00,18280.75,18293.25,18273.50,18292.75,1087
2026-01-08 13:05:00,18292.75,18305.50,18290.75,18294.25,807
2026-01-08 13:06:00,18294.25,18298.25,18287.00,18288.25,709
2026-01-08 13:07:00,18288.25,18302.00,18286.50,18301.25,311
2026-01-08 13:08:00,18301.25,18304.50,18265.25,18274.50,432
2026-01-08 13:09:00,18274.50,18285.25,18265.75,18284.75,360
2026-01-08 13:10:00,18284.75,18287.50,18274.25,18280.00,1080
2026-01-08 13:11:00,18280.00,18295.00,18271.75,18289.75,1130
2026-01-08 13:12:00,18289.75,18302.75,18278.50,18282.50,724
2026-01-08 13:13:00,18282.50,18300.50,18275.75,18300.00,1332
2026-01-08 13:14:00,18300.00,18300.75,18292.75,18294.75,607
2026-01-08 13:15:00,18294.75,18304.25,18288.75,18301.50,863
2026-01-08 13:16:00,18301.50,18302.25,18275.00,18278.75,377
2026-01-08 13:17:00,18278.75,18296.25,18274.75,18288.00,1376
2026-01-08 13:18:00,18288.00,18292.75,18283.25,18290.75,751
2026-01-08 13:19:00,18290.75,18293.75,18282.00,18286.75,1245
2026-01-08 13:20:00,18286.75,18288.50,18272.25,18278.25,427
2026-01-08 13:21:00,18278.25,18285.25,18274.25,18285.00,478
2026-01-08 13:22:00,18285.00,18301.25,18282.50,18294.00,1388
2026-01-08 13:23:00,18294.00,18294.25,18284.00,18284.50,851
2026-01-08 13:24:00,18284.50,18286.00,18283.50,18285.50,322
2026-01-08 13:25:00,18285.50,18290.25,18283.00,18287.75,422
2026-01-08 13:26:00,18287.75,18304.75,18287.75,18302.00,1036
2026-01-08 13:27:00,18302.00,18306.75,18280.25,18281.00,1119
2026-01-08 13:28:00,18281.00,18294.25,18276.75,18291.75,459
2026-01-08 13:29:00,18291.75,18294.25,18284.00,18285.75,957
2026-01-08 13:30:00,18285.75,18293.00,18283.75,18292.50,875
2026-01-08 13:31:00,18292.50,18295.75,18280.25,18280.25,1297
2026-01-08 13:32:00,18280.25,18290.00,18278.00,18283.50,440
2026-01-08 13:33:00,18283.50,18286.25,18274.75,18277.25,1034
2026-01-08 13:34:00,18277.25,18295.25,18277.00,18293.00,568
2026-01-08 13:35:00,18293.00,18301.25,18280.50,18283.25,849
2026-01-08 13:36:00,18283.25,18290.75,18268.75,18271.50,760
2026-01-08 13:37:00,18271.50,18289.00,18270.00,18284.75,1135
2026-01-08 13:38:00,18284.75,18299.75,18282.50,18291.25,895
2026-01-08 13:39:00,18291.25,18298.25,18279.75,18283.25,313
2026-01-08 13:40:00,18283.25,18296.00,18277.25,18291.50,1026
2026-01-08 13:41:00,18291.50,18295.50,18278.50,18284.50,1120
2026-01-08 13:42:00,18284.50,18286.00,18274.00,18284.00,824
2026-01-08 13:43:00,18284.00,18289.25,18276.25,18279.00,282
2026-01-08 13:44:00,18279.00,18282.75,18273.50,18280.50,1334
2026-01-08 13:45:00,18280.50,18293.50,18275.50,18292.00,473
2026-01-08 13:46:00,18292.00,18294.00,18281.50,18282.50,484
2026-01-08 13:47:00,18282.50,18297.50,18276.00,18296.00,202
2026-01-08 13:48:00,18296.00,18297.50,18276.50,18277.25,221
2026-01-08 13:49:00,18277.25,18293.50,18273.00,18285.50,505
2026-01-08 13:50:00,18285.50,18288.75,18279.50,18284.50,1379
2026-01-08 13:51:00,18284.50,18287.75,18278.25,18280.50,675
2026-01-08 13:52:00,18280.50,18309.50,18276.75,18308.00,1196
2026-01-08 13:53:00,18308.00,18308.50,18287.50,18289.75,1476
2026-01-08 13:54:00,18289.75,18295.75,18287.75,18289.50,1283
2026-01-08 13:55:00,18289.50,18295.50,18279.25,18282.25,1202
2026-01-08 13:56:00,18282.25,18288.00,18265.50,18267.50,218
2026-01-08 13:57:00,18267.50,18288.00,18265.50,18281.50,256
2026-01-08 13:58:00,18281.50,18282.25,18280.00,18281.25,452
2026-01-08 13:59:00,18281.25,18285.00,18278.50,18284.75,1116
2026-01-08 14:00:00,18284.75,18294.75,18280.50,18291.50,1303
2026-01-08 14:01:00,18291.50,18298.75,18287.75,18293.50,1434
2026-01-08 14:02:00,18293.50,18298.75,18289.25,18290.50,645
2026-01-08 14:03:00,18290.50,18292.25,18286.50,18289.75,458
2026-01-08 14:04:00,18289.75,18303.75,18287.00,18293.50,627
2026-01-08 14:05:00,18293.50,18294.75,18293.25,18293.75,760
2026-01-08 14:06:00,18293.75,18294.00,18289.25,18290.00,1057
2026-01-08 14:07:00,18290.00,18296.75,18278.75,18284.75,814
2026-01-08 14:08:00,18284.75,18285.25,18278.00,18284.50,1492
2026-01-08 14:09:00,18284.50,18291.75,18280.75,18286.50,282
2026-01-08 14:10:00,18286.50,18299.50,18279.75,18290.00,860
2026-01-08 14:11:00,18290.00,18303.50,18283.25,18294.75,1200
2026-01-08 14:12:00,18294.75,18297.00,18275.25,18277.75,956
2026-01-08 14:13:00,18277.75,18300.75,18277.25,18286.75,923
2026-01-08 14:14:00,18286.75,18293.25,18284.25,18289.25,430
2026-01-08 14:15:00,18289.25,18307.75,18285.50,18304.25,825
2026-01-08 14:16:00,18304.25,18309.50,18293.25,18299.75,247
2026-01-08 14:17:00,18299.75,18304.50,18270.50,18276.00,842
2026-01-08 14:18:00,18276.00,18303.75,18274.75,18292.75,412
2026-01-08 14:19:00,18292.75,18294.50,18289.75,18294.50,878
2026-01-08 14:20:00,18294.50,18294.50,18291.00,18292.25,1292
2026-01-08 14:21:00,18292.25,18298.50,18284.00,18288.00,983
2026-01-08 14:22:00,18288.00,18299.75,18285.50,18297.00,237
2026-01-08 14:23:00,18297.00,18298.00,18287.75,18288.00,301
2026-01-08 14:24:00,18288.00,18293.50,18286.25,18290.25,1283
2026-01-08 14:25:00,18290.25,18292.00,18285.25,18287.00,721
2026-01-08 14:26:00,18287.00,18289.00,18284.75,18287.50,359
2026-01-08 14:27:00,18287.50,18296.75,18284.50,18288.50,683
2026-01-08 14:28:00,18288.50,18299.25,18280.00,18282.00,1290
2026-01-08 14:29:00,18282.00,18306.50,18277.25,18296.00,1171
2026-01-08 14:30:00,18296.00,18306.25,18288.00,18301.75,1037
2026-01-08 14:31:00,18301.75,18306.00,18280.75,18281.50,250
2026-01-08 14:32:00,18281.50,18295.25,18279.00,18286.25,317
2026-01-08 14:33:00,18286.25,18309.00,18283.50,18300.25,1042
2026-01-08 14:34:00,18300.25,18302.50,18288.00,18291.25,594
2026-01-08 14:35:00,18291.25,18293.00,18290.75,18293.00,723
2026-01-08 14:36:00,18293.00,18299.00,18283.00,18285.25,557
2026-01-08 14:37:00,18285.25,18298.75,18275.25,18284.25,855
2026-01-08 14:38:00,18284.25,18297.25,18283.75,18292.00,685
2026-01-08 14:39:00,18292.00,18294.25,18279.00,18289.75,670
2026-01-08 14:40:00,18289.75,18297.75,18287.50,18295.25,1099
2026-01-08 14:41:00,18295.25,18296.50,18272.00,18286.25,532
2026-01-08 14:42:00,18286.25,18301.50,18281.00,18300.00,522
2026-01-08 14:43:00,18300.00,18307.75,18282.25,18283.25,1484
2026-01-08 14:44:00,18283.25,18298.25,18279.75,18293.00,1211
2026-01-08 14:45:00,18293.00,18305.00,18290.75,18300.25,462
2026-01-08 14:46:00,18300.25,18306.50,18279.50,18283.00,1044
2026-01-08 14:47:00,18283.00,18284.00,18278.25,18281.00,1066
2026-01-08 14:48:00,18281.00,18292.00,18279.50,18279.75,789
2026-01-08 14:49:00,18279.75,18283.00,18267.50,18273.75,872
2026-01-08 14:50:00,18273.75,18294.00,18269.00,18289.50,684
2026-01-08 14:51:00,18289.50,18297.50,18284.75,18290.00,1212
2026-01-08 14:52:00,18290.00,18296.50,18287.25,18290.00,492
2026-01-08 14:53:00,18290.00,18296.25,18288.25,18292.25,827
2026-01-08 14:54:00,18292.25,18294.50,18287.75,18289.75,1146
2026-01-08 14:55:00,18289.75,18297.75,18277.25,18277.50,346
2026-01-08 14:56:00,18277.50,18294.75,18274.75,18289.75,584
2026-01-08 14:57:00,18289.75,18300.75,18287.50,18299.75,904
2026-01-08 14:58:00,18299.75,18310.25,18280.00,18286.25,932
2026-01-08 14:59:00,18286.25,18289.75,18283.25,18287.25,208
2026-01-08 15:00:00,18287.25,18299.25,18283.00,18288.00,1225
2026-01-08 15:01:00,18288.00,18304.00,18280.50,18301.25,423
2026-01-08 15:02:00,18301.25,18313.25,18289.50,18291.50,1273
2026-01-08 15:03:00,18291.50,18304.00,18285.75,18297.25,233
2026-01-08 15:04:00,18297.25,18309.25,18293.50,18302.50,1124
2026-01-08 15:05:00,18302.50,18303.50,18288.25,18291.75,1491
2026-01-08 15:06:00,18291.75,18297.75,18278.75,18280.00,1289
2026-01-08 15:07:00,18280.00,18284.75,18279.25,18284.00,348
2026-01-08 15:08:00,18284.00,18296.75,18279.00,18289.50,208
2026-01-08 15:09:00,18289.50,18291.00,18273.75,18275.00,386
2026-01-08 15:10:00,18275.00,18282.25,18272.75,18281.75,227
2026-01-08 15:11:00,18281.75,18288.00,18271.50,18278.00,680
2026-01-08 15:12:00,18278.00,18291.25,18276.00,18288.50,865
2026-01-08 15:13:00,18288.50,18293.00,18273.75,18281.25,1363
2026-01-08 15:14:00,18281.25,18301.50,18274.25,18289.25,1498
2026-01-08 15:15:00,18289.25,18314.75,18282.25,18309.25,663
2026-01-08 15:16:00,18309.25,18317.00,18282.50,18297.50,1001
2026-01-08 15:17:00,18297.50,18297.50,18291.25,18293.75,1216
2026-01-08 15:18:00,18293.75,18295.00,18288.75,18292.50,214
2026-01-08 15:19:00,18292.50,18296.75,18285.00,18291.75,675
2026-01-08 15:20:00,18291.75,18301.25,18283.00,18297.75,994
2026-01-08 15:21:00,18297.75,18300.00,18282.00,18283.75,398
2026-01-08 15:22:00,18283.75,18294.50,18280.00,18289.75,1195
2026-01-08 15:23:00,18289.75,18305.50,18289.00,18303.25,621
2026-01-08 15:24:00,18303.25,18305.75,18279.50,18280.00,1468
2026-01-08 15:25:00,18280.00,18281.50,18277.00,18280.25,907
2026-01-08 15:26:00,18280.25,18299.75,18272.50,18294.00,1494
2026-01-08 15:27:00,18294.00,18298.75,18251.50,18263.00,1155
2026-01-08 15:28:00,18263.00,18301.50,18261.50,18297.75,1306
2026-01-08 15:29:00,18297.75,18301.75,18286.25,18292.25,1387
2026-01-08 15:30:00,18292.25,18299.50,18280.25,18284.75,950
2026-01-08 15:31:00,18284.75,18291.00,18276.25,18283.75,350
2026-01-08 15:32:00,18283.75,18290.50,18281.50,18288.00,468
2026-01-08 15:33:00,18288.00,18296.50,18284.75,18294.00,948
2026-01-08 15:34:00,18294.00,18302.25,18291.75,18300.00,205
2026-01-08 15:35:00,18300.00,18306.75,18294.75,18296.25,739
2026-01-08 15:36:00,18296.25,18299.00,18284.75,18288.25,239
2026-01-08 15:37:00,18288.25,18288.50,18278.75,18284.75,677
2026-01-08 15:38:00,18284.75,18289.75,18282.25,18285.00,620
2026-01-08 15:39:00,18285.00,18301.00,18277.50,18296.25,1128
2026-01-08 15:40:00,18296.25,18308.25,18295.25,18306.00,854
2026-01-08 15:41:00,18306.00,18311.50,18293.25,18295.75,974
2026-01-08 15:42:00,18295.75,18308.75,18294.50,18301.75,600
2026-01-08 15:43:00,18301.75,18310.00,18298.50,18300.25,436
2026-01-08 15:44:00,18300.25,18302.25,18286.00,18290.00,610
2026-01-08 15:45:00,18290.00,18295.00,18260.25,18272.25,769
2026-01-08 15:46:00,18272.25,18286.25,18270.75,18282.75,1375
2026-01-08 15:47:00,18282.75,18301.50,18282.75,18298.00,1069
2026-01-08 15:48:00,18298.00,18301.00,18295.00,18300.25,478
2026-01-08 15:49:00,18300.25,18302.25,18293.50,18295.00,629
2026-01-08 15:50:00,18295.00,18306.75,18287.75,18288.25,623
2026-01-08 15:51:00,18288.25,18295.00,18284.25,18292.25,853
2026-01-08 15:52:00,18292.25,18296.75,18290.50,18295.50,648
2026-01-08 15:53:00,18295.50,18313.50,18288.25,18309.00,1376
2026-01-08 15:54:00,18309.00,18315.00,18290.75,18293.50,364
2026-01-08 15:55:00,18293.50,18301.00,18289.00,18298.25,896
2026-01-08 15:56:00,18298.25,18303.75,18283.50,18289.00,1357
2026-01-08 15:57:00,18289.00,18291.75,18275.75,18283.50,1303
2026-01-08 15:58:00,18283.50,18290.75,18267.50,18272.25,291
2026-01-08 15:59:00,18272.25,18307.00,18271.00,18305.50,1100
2026-01-09 08:00:00,18213.50,18227.00,18210.75,18221.25,1045
2026-01-09 08:01:00,18221.25,18226.75,18197.75,18211.00,740
2026-01-09 08:02:00,18211.00,18214.00,18204.00,18212.25,288
2026-01-09 08:03:00,18212.25,18213.25,18204.50,18208.50,1290
2026-01-09 08:04:00,18208.50,18216.50,18206.00,18215.00,1202
2026-01-09 08:05:00,18215.00,18215.25,18209.75,18211.50,912
2026-01-09 08:06:00,18211.50,18222.50,18211.00,18219.75,892
2026-01-09 08:07:00,18219.75,18221.00,18207.00,18211.50,950
2026-01-09 08:08:00,18211.50,18215.50,18208.25,18215.00,854
2026-01-09 08:09:00,18215.00,18218.25,18206.25,18211.50,505
2026-01-09 08:10:00,18211.50,18213.25,18205.50,18207.25,955
2026-01-09 08:11:00,18207.25,18218.25,18204.00,18215.00,1396
2026-01-09 08:12:00,18215.00,18228.00,18210.75,18220.00,1413
2026-01-09 08:13:00,18220.00,18223.75,18204.50,18205.00,492
2026-01-09 08:14:00,18205.00,18220.25,18204.00,18215.75,336
2026-01-09 08:15:00,18215.75,18220.25,18212.25,18218.50,969
2026-01-09 08:16:00,18218.50,18221.50,18216.25,18218.00,764
2026-01-09 08:17:00,18218.00,18218.25,18208.00,18210.25,1321
2026-01-09 08:18:00,18210.25,18216.75,18208.50,18215.00,353
2026-01-09 08:19:00,18215.00,18222.00,18214.00,18221.75,345
2026-01-09 08:20:00,18221.75,18227.25,18205.25,18210.25,931
2026-01-09 08:21:00,18210.25,18210.50,18203.75,18210.50,954
2026-01-09 08:22:00,18210.50,18220.75,18208.50,18220.50,1216
2026-01-09 08:23:00,18220.50,18227.50,18219.75,18222.75,1218
2026-01-09 08:24:00,18222.75,18224.00,18209.50,18211.00,1183
2026-01-09 08:25:00,18211.00,18215.25,18206.50,18214.75,680
2026-01-09 08:26:00,18214.75,18225.75,18214.50,18220.75,417
2026-01-09 08:27:00,18220.75,18224.00,18213.75,18222.75,537
2026-01-09 08:28:00,18222.75,18227.25,18216.25,18218.75,1461
2026-01-09 08:29:00,18218.75,18219.00,18203.25,18207.25,488
2026-01-09 08:30:00,18207.25,18218.50,18201.00,18216.75,905
2026-01-09 08:31:00,18216.75,18223.00,18203.50,18211.00,1149
2026-01-09 08:32:00,18211.00,18214.25,18208.75,18210.25,1121
2026-01-09 08:33:00,18210.25,18226.25,18209.00,18221.25,705
2026-01-09 08:34:00,18221.25,18230.75,18213.00,18213.25,1123
2026-01-09 08:35:00,18213.25,18220.75,18211.75,18218.00,571
2026-01-09 08:36:00,18218.00,18221.75,18215.25,18220.75,1025
2026-01-09 08:37:00,18220.75,18224.25,18215.75,18223.75,1067
2026-01-09 08:38:00,18223.75,18226.00,18221.25,18221.25,414
2026-01-09 08:39:00,18221.25,18222.25,18214.75,18216.00,995
2026-01-09 08:40:00,18216.00,18221.25,18215.00,18217.00,400
2026-01-09 08:41:00,18217.00,18218.00,18211.00,18215.50,400
2026-01-09 08:42:00,18215.50,18221.50,18214.00,18215.00,870
2026-01-09 08:43:00,18215.00,18222.00,18212.00,18220.25,891
2026-01-09 08:44:00,18220.25,18223.00,18218.25,18219.00,1338
2026-01-09 08:45:00,18219.00,18233.25,18217.75,18231.50,1168
2026-01-09 08:46:00,18231.50,18234.00,18213.00,18213.75,1201
2026-01-09 08:47:00,18213.75,18220.75,18210.25,18219.25,1478
2026-01-09 08:48:00,18219.25,18222.75,18213.75,18222.00,220
2026-01-09 08:49:00,18222.00,18223.00,18217.25,18219.50,428
2026-01-09 08:50:00,18219.50,18222.25,18212.50,18214.50,689
2026-01-09 08:51:00,18214.50,18216.50,18203.75,18208.75,1456
2026-01-09 08:52:00,18208.75,18220.50,18206.75,18216.75,275
2026-01-09 08:53:00,18216.75,18221.25,18216.00,18219.50,418
2026-01-09 08:54:00,18219.50,18221.00,18208.75,18214.50,975
2026-01-09 08:55:00,18214.50,18215.50,18206.50,18211.00,688
2026-01-09 08:56:00,18211.00,18218.25,18209.25,18214.75,318
2026-01-09 08:57:00,18214.75,18217.50,18202.75,18212.25,1066
2026-01-09 08:58:00,18212.25,18214.25,18204.00,18208.50,858
2026-01-09 08:59:00,18208.50,18216.25,18204.25,18216.00,734
2026-01-09 09:00:00,18216.00,18228.50,18211.50,18226.50,1156
2026-01-09 09:01:00,18226.50,18227.25,18217.75,18219.00,259
2026-01-09 09:02:00,18219.00,18221.50,18218.50,18219.00,1223
2026-01-09 09:03:00,18219.00,18222.25,18215.25,18217.25,960
2026-01-09 09:04:00,18217.25,18220.75,18215.75,18220.75,1493
2026-01-09 09:05:00,18220.75,18221.25,18213.75,18216.00,1463
2026-01-09 09:06:00,18216.00,18221.00,18211.75,18213.75,528
2026-01-09 09:07:00,18213.75,18215.75,18210.25,18214.00,411
2026-01-09 09:08:00,18214.00,18224.00,18211.00,18220.75,264
2026-01-09 09:09:00,18220.75,18225.75,18210.25,18214.50,1062
2026-01-09 09:10:00,18214.50,18222.00,18213.75,18217.75,776
2026-01-09 09:11:00,18217.75,18219.50,18214.25,18219.25,858
2026-01-09 09:12:00,18219.25,18220.75,18213.50,18215.50,1477
2026-01-09 09:13:00,18215.50,18225.50,18213.75,18225.00,528
2026-01-09 09:14:00,18225.00,18225.75,18220.50,18221.00,980
2026-01-09 09:15:00,18221.00,18224.00,18209.50,18210.50,1125
2026-01-09 09:16:00,18210.50,18218.25,18210.50,18217.50,500
2026-01-09 09:17:00,18217.50,18221.25,18213.75,18220.75,536
2026-01-09 09:18:00,18220.75,18223.25,18207.00,18213.50,379
2026-01-09 09:19:00,18213.50,18225.00,18209.00,18216.00,573
2026-01-09 09:20:00,18216.00,18226.25,18211.75,18222.50,215
2026-01-09 09:21:00,18222.50,18234.00,18219.00,18228.25,1102
2026-01-09 09:22:00,18228.25,18229.50,18208.25,18209.50,1379
2026-01-09 09:23:00,18209.50,18218.50,18203.00,18213.25,294
2026-01-09 09:24:00,18213.25,18218.75,18207.25,18211.50,642
2026-01-09 09:25:00,18211.50,18230.00,18205.00,18226.50,1311
2026-01-09 09:26:00,18226.50,18229.00,18221.25,18223.75,366
2026-01-09 09:27:00,18223.75,18230.75,18211.00,18212.50,493
2026-01-09 09:28:00,18212.50,18215.75,18207.00,18207.25,812
2026-01-09 09:29:00,18207.25,18208.25,18190.50,18197.25,667
2026-01-09 09:30:00,18197.25,18207.75,18193.75,18205.50,944
2026-01-09 09:31:00,18205.50,18207.00,18192.25,18194.00,747
2026-01-09 09:32:00,18194.00,18217.75,18189.25,18213.00,417
2026-01-09 09:33:00,18213.00,18215.75,18190.25,18195.75,298
2026-01-09 09:34:00,18195.75,18207.50,18174.00,18174.00,1077
2026-01-09 09:35:00,18174.00,18177.75,18173.25,18176.25,463
2026-01-09 09:36:00,18176.25,18197.75,18175.25,18197.25,435
2026-01-09 09:37:00,18197.25,18198.00,18186.25,18186.50,986
2026-01-09 09:38:00,18186.50,18194.75,18186.00,18193.00,919
2026-01-09 09:39:00,18193.00,18204.25,18192.50,18203.50,956
2026-01-09 09:40:00,18203.50,18215.50,18201.50,18214.00,779
2026-01-09 09:41:00,18214.00,18218.00,18212.00,18217.75,747
2026-01-09 09:42:00,18217.75,18245.25,18215.50,18244.50,656
2026-01-09 09:43:00,18244.50,18245.75,18233.75,18234.25,1370
2026-01-09 09:44:00,18234.25,18243.75,18233.00,18243.25,1316
2026-01-09 09:45:00,18243.25,18243.50,18231.25,18232.75,326
2026-01-09 09:46:00,18232.75,18235.00,18226.75,18226.75,656
2026-01-09 09:47:00,18226.75,18227.75,18213.00,18217.25,895
2026-01-09 09:48:00,18217.25,18217.75,18205.25,18208.75,413
2026-01-09 09:49:00,18208.75,18210.25,18200.75,18202.25,1149
2026-01-09 09:50:00,18202.25,18202.50,18186.50,18189.50,765
2026-01-09 09:51:00,18189.50,18215.00,18186.00,18207.75,637
2026-01-09 09:52:00,18207.75,18212.50,18196.25,18200.50,1446
2026-01-09 09:53:00,18200.50,18208.25,18195.50,18200.50,632
2026-01-09 09:54:00,18200.50,18240.00,18200.00,18229.50,1390
2026-01-09 09:55:00,18229.50,18232.50,18225.00,18231.50,1168
2026-01-09 09:56:00,18231.50,18232.50,18229.75,18229.75,1381
2026-01-09 09:57:00,18229.75,18242.50,18220.75,18240.75,522
2026-01-09 09:58:00,18240.75,18253.00,18232.00,18244.75,957
2026-01-09 09:59:00,18244.75,18276.00,18235.75,18266.75,1321
2026-01-09 10:00:00,18266.75,18278.75,18258.50,18261.00,1488
2026-01-09 10:01:00,18261.00,18284.50,18259.50,18277.00,1185
2026-01-09 10:02:00,18277.00,18285.25,18269.00,18278.75,795
2026-01-09 10:03:00,18278.75,18279.50,18270.50,18276.75,358
2026-01-09 10:04:00,18276.75,18303.75,18275.00,18300.50,995
2026-01-09 10:05:00,18300.50,18303.75,18297.50,18302.00,1320
2026-01-09 10:06:00,18302.00,18347.00,18298.25,18332.50,767
2026-01-09 10:07:00,18332.50,18340.00,18307.00,18311.25,1284
2026-01-09 10:08:00,18311.25,18338.25,18310.75,18327.50,1084
2026-01-09 10:09:00,18327.50,18346.75,18317.75,18345.00,292
2026-01-09 10:10:00,18345.00,18352.50,18330.75,18331.75,733
2026-01-09 10:11:00,18331.75,18345.75,18322.50,18345.75,869
2026-01-09 10:12:00,18345.75,18367.75,18341.50,18361.75,774
2026-01-09 10:13:00,18361.75,18379.75,18358.75,18377.00,919
2026-01-09 10:14:00,18377.00,18379.00,18351.75,18356.75,910
2026-01-09 10:15:00,18356.75,18382.00,18352.25,18377.00,1086
2026-01-09 10:16:00,18377.00,18379.25,18373.50,18374.00,1207
2026-01-09 10:17:00,18374.00,18378.00,18365.00,18366.25,1340
2026-01-09 10:18:00,18366.25,18389.50,18361.00,18385.50,1078
2026-01-09 10:19:00,18385.50,18387.50,18366.75,18371.25,1455
2026-01-09 10:20:00,18371.25,18380.75,18364.75,18378.00,898
2026-01-09 10:21:00,18378.00,18387.75,18375.25,18378.75,1148
2026-01-09 10:22:00,18378.75,18383.25,18357.00,18362.75,1384
2026-01-09 10:23:00,18362.75,18379.25,18357.75,18377.25,1444
2026-01-09 10:24:00,18377.25,18381.75,18371.25,18381.25,387
2026-01-09 10:25:00,18381.25,18386.75,18379.00,18382.50,351
2026-01-09 10:26:00,18382.50,18389.50,18371.25,18375.50,964
2026-01-09 10:27:00,18375.50,18389.50,18366.75,18367.75,463
2026-01-09 10:28:00,18367.75,18386.25,18363.75,18377.00,686
2026-01-09 10:29:00,18377.00,18400.25,18369.00,18397.00,1086
2026-01-09 10:30:00,18397.00,18399.50,18363.25,18363.50,967
2026-01-09 10:31:00,18363.50,18389.75,18359.75,18385.00,1070
2026-01-09 10:32:00,18385.00,18391.25,18368.00,18371.25,1210
2026-01-09 10:33:00,18371.25,18379.00,18367.00,18376.50,802
2026-01-09 10:34:00,18376.50,18379.75,18363.50,18369.75,285
2026-01-09 10:35:00,18369.75,18382.75,18366.00,18380.00,866
2026-01-09 10:36:00,18380.00,18382.50,18368.25,18369.00,1271
2026-01-09 10:37:00,18369.00,18384.75,18365.00,18378.00,597
2026-01-09 10:38:00,18378.00,18385.25,18374.75,18384.00,1498
2026-01-09 10:39:00,18384.00,18388.50,18377.50,18383.50,934
2026-01-09 10:40:00,18383.50,18387.75,18372.50,18376.00,1001
2026-01-09 10:41:00,18376.00,18378.00,18373.75,18376.75,991
2026-01-09 10:42:00,18376.75,18381.50,18363.75,18367.75,910
2026-01-09 10:43:00,18367.75,18398.75,18366.75,18395.50,975
2026-01-09 10:44:00,18395.50,18397.00,18365.00,18365.75,610
2026-01-09 10:45:00,18365.75,18373.75,18356.75,18373.25,1234
2026-01-09 10:46:00,18373.25,18374.25,18358.50,18358.50,536
2026-01-09 10:47:00,18358.50,18393.25,18353.75,18381.00,1092
2026-01-09 10:48:00,18381.00,18384.75,18381.00,18384.00,1201
2026-01-09 10:49:00,18384.00,18402.75,18381.50,18393.00,369
2026-01-09 10:50:00,18393.00,18397.25,18388.25,18396.25,353
2026-01-09 10:51:00,18396.25,18399.00,18364.75,18369.75,999
2026-01-09 10:52:00,18369.75,18382.25,18363.50,18379.75,1074
2026-01-09 10:53:00,18379.75,18385.00,18377.75,18383.75,1224
2026-01-09 10:54:00,18383.75,18387.50,18363.00,18370.25,1428
2026-01-09 10:55:00,18370.25,18383.75,18368.00,18378.25,499
2026-01-09 10:56:00,18378.25,18383.75,18370.75,18379.00,1194
2026-01-09 10:57:00,18379.00,18392.50,18374.50,18385.25,1085
2026-01-09 10:58:00,18385.25,18388.50,18374.75,18379.75,643
2026-01-09 10:59:00,18379.75,18380.00,18376.75,18378.75,461
2026-01-09 11:00:00,18378.75,18387.25,18373.25,18378.25,660
2026-01-09 11:01:00,18378.25,18386.50,18377.50,18384.00,1421
2026-01-09 11:02:00,18384.00,18388.50,18358.75,18359.50,1239
2026-01-09 11:03:00,18359.50,18387.25,18358.25,18384.00,428
2026-01-09 11:04:00,18384.00,18385.00,18377.25,18382.25,1484
2026-01-09 11:05:00,18382.25,18388.25,18377.00,18378.25,389
2026-01-09 11:06:00,18378.25,18388.50,18377.00,18380.50,1430
2026-01-09 11:07:00,18380.50,18390.25,18378.50,18383.00,1161
2026-01-09 11:08:00,18383.00,18384.75,18365.00,18369.00,1253
2026-01-09 11:09:00,18369.00,18384.00,18361.25,18383.50,1219
2026-01-09 11:10:00,18383.50,18389.25,18380.25,18385.25,657
2026-01-09 11:11:00,18385.25,18388.75,18374.50,18383.75,1210
2026-01-09 11:12:00,18383.75,18384.25,18377.25,18380.75,913
2026-01-09 11:13:00,18380.75,18386.50,18372.25,18375.25,330
2026-01-09 11:14:00,18375.25,18380.00,18372.75,18376.25,385
2026-01-09 11:15:00,18376.25,18376.50,18374.75,18375.50,557
2026-01-09 11:16:00,18375.50,18388.75,18372.75,18387.25,1110
2026-01-09 11:17:00,18387.25,18390.50,18358.25,18363.50,220
2026-01-09 11:18:00,18363.50,18386.50,18361.75,18385.25,1323
2026-01-09 11:19:00,18385.25,18387.25,18366.00,18368.25,1443
2026-01-09 11:20:00,18368.25,18379.50,18367.25,18374.50,374
2026-01-09 11:21:00,18374.50,18383.00,18369.00,18373.75,779
2026-01-09 11:22:00,18373.75,18389.00,18372.75,18381.00,1246
2026-01-09 11:23:00,18381.00,18384.00,18365.25,18365.50,1467
2026-01-09 11:24:00,18365.50,18372.75,18362.00,18371.50,353
2026-01-09 11:25:00,18371.50,18372.75,18361.75,18366.25,529
2026-01-09 11:26:00,18366.25,18399.00,18365.75,18391.25,1499
2026-01-09 11:27:00,18391.25,18400.00,18353.00,18364.75,611
2026-01-09 11:28:00,18364.75,18389.25,18361.50,18382.50,315
2026-01-09 11:29:00,18382.50,18391.75,18380.00,18385.00,932
2026-01-09 11:30:00,18385.00,18387.25,18372.75,18378.00,465
2026-01-09 11:31:00,18378.00,18384.50,18358.00,18370.50,348
2026-01-09 11:32:00,18370.50,18384.00,18361.00,18379.00,681
2026-01-09 11:33:00,18379.00,18381.25,18367.00,18369.00,650
2026-01-09 11:34:00,18369.00,18385.00,18364.75,18384.25,249
2026-01-09 11:35:00,18384.25,18391.50,18363.75,18371.75,379
2026-01-09 11:36:00,18371.75,18374.25,18368.25,18371.25,921
2026-01-09 11:37:00,18371.25,18376.75,18369.50,18374.00,1396
2026-01-09 11:38:00,18374.00,18374.25,18367.00,18370.25,232
2026-01-09 11:39:00,18370.25,18393.75,18370.00,18386.75,213
2026-01-09 11:40:00,18386.75,18392.25,18380.50,18381.25,349
2026-01-09 11:41:00,18381.25,18382.75,18375.00,18382.75,1199
2026-01-09 11:42:00,18382.75,18383.75,18368.00,18371.50,1467
2026-01-09 11:43:00,18371.50,18379.00,18367.00,18367.25,1334
2026-01-09 11:44:00,18367.25,18372.00,18354.50,18371.75,1492
2026-01-09 11:45:00,18371.75,18391.00,18366.50,18384.75,792
2026-01-09 11:46:00,18384.75,18390.75,18375.75,18376.00,1113
2026-01-09 11:47:00,18376.00,18395.25,18373.00,18391.50,427
2026-01-09 11:48:00,18391.50,18397.75,18366.00,18373.75,344
2026-01-09 11:49:00,18373.75,18383.75,18368.00,18380.25,599
2026-01-09 11:50:00,18380.25,18390.25,18378.00,18380.25,863
2026-01-09 11:51:00,18380.25,18383.75,18364.25,18366.50,1221
2026-01-09 11:52:00,18366.50,18377.00,18365.75,18371.00,734
2026-01-09 11:53:00,18371.00,18373.50,18369.00,18373.50,358
2026-01-09 11:54:00,18373.50,18390.00,18373.00,18383.75,1261
2026-01-09 11:55:00,18383.75,18387.25,18380.50,18387.00,1157
2026-01-09 11:56:00,18387.00,18390.75,18375.75,18377.25,1131
2026-01-09 11:57:00,18377.25,18380.25,18374.75,18379.25,461
2026-01-09 11:58:00,18379.25,18379.75,18353.50,18364.75,961
2026-01-09 11:59:00,18364.75,18368.00,18360.25,18366.75,221
2026-01-09 12:00:00,18366.75,18377.75,18366.50,18377.50,741
2026-01-09 12:01:00,18377.50,18378.50,18373.25,18375.50,592
2026-01-09 12:02:00,18375.50,18375.75,18361.25,18368.75,1279
2026-01-09 12:03:00,18368.75,18393.25,18366.75,18388.75,700
2026-01-09 12:04:00,18388.75,18390.25,18375.25,18379.25,461
2026-01-09 12:05:00,18379.25,18394.50,18376.50,18388.00,388
2026-01-09 12:06:00,18388.00,18388.25,18374.75,18380.25,229
2026-01-09 12:07:00,18380.25,18381.00,18372.75,18374.75,463
2026-01-09 12:08:00,18374.75,18379.25,18366.50,18373.00,846
2026-01-09 12:09:00,18373.00,18384.75,18367.25,18378.50,1247
2026-01-09 12:10:00,18378.50,18385.25,18378.00,18381.75,834
2026-01-09 12:11:00,18381.75,18389.50,18359.75,18369.75,445
2026-01-09 12:12:00,18369.75,18381.50,18356.50,18375.50,1406
2026-01-09 12:13:00,18375.50,18375.75,18357.75,18363.00,929
2026-01-09 12:14:00,18363.00,18386.00,18361.50,18385.25,1179
2026-01-09 12:15:00,18385.25,18390.50,18381.25,18386.00,469
2026-01-09 12:16:00,18386.00,18392.25,18375.25,18376.75,1110
2026-01-09 12:17:00,18376.75,18381.00,18375.75,18377.25,257
2026-01-09 12:18:00,18377.25,18384.25,18376.00,18382.00,937
2026-01-09 12:19:00,18382.00,18395.00,18378.00,18394.00,789
2026-01-09 12:20:00,18394.00,18394.50,18375.25,18377.00,711
2026-01-09 12:21:00,18377.00,18397.25,18369.50,18383.50,1355
2026-01-09 12:22:00,18383.50,18384.75,18367.00,18369.50,452
2026-01-09 12:23:00,18369.50,18370.00,18355.75,18360.50,1419
2026-01-09 12:24:00,18360.50,18396.50,18358.25,18388.00,684
2026-01-09 12:25:00,18388.00,18391.25,18373.75,18374.75,295
2026-01-09 12:26:00,18374.75,18379.00,18371.50,18375.75,459
2026-01-09 12:27:00,18375.75,18394.25,18373.75,18390.25,499
2026-01-09 12:28:00,18390.25,18390.25,18375.75,18379.75,1192
2026-01-09 12:29:00,18379.75,18385.25,18377.50,18379.75,1491
2026-01-09 12:30:00,18379.75,18399.50,18372.50,18394.50,552
2026-01-09 12:31:00,18394.50,18398.25,18393.00,18394.25,1409
2026-01-09 12:32:00,18394.25,18400.75,18364.75,18369.25,1329
2026-01-09 12:33:00,18369.25,18373.25,18366.00,18372.50,210
2026-01-09 12:34:00,18372.50,18383.75,18368.00,18378.25,507
2026-01-09 12:35:00,18378.25,18386.75,18372.75,18381.25,1142
2026-01-09 12:36:00,18381.25,18391.25,18366.75,18373.50,1136
2026-01-09 12:37:00,18373.50,18389.75,18372.00,18385.75,444
2026-01-09 12:38:00,18385.75,18386.00,18362.00,18367.00,786
2026-01-09 12:39:00,18367.00,18377.50,18362.25,18373.25,836
2026-01-09 12:40:00,18373.25,18411.00,18367.75,18405.75,848
2026-01-09 12:41:00,18405.75,18411.50,18380.50,18385.00,424
2026-01-09 12:42:00,18385.00,18386.50,18372.75,18376.75,495
2026-01-09 12:43:00,18376.75,18377.75,18364.00,18368.25,1048
2026-01-09 12:44:00,18368.25,18390.25,18361.75,18381.75,937
2026-01-09 12:45:00,18381.75,18386.50,18378.50,18382.25,896
2026-01-09 12:46:00,18382.25,18388.25,18375.50,18379.00,1209
2026-01-09 12:47:00,18379.00,18392.00,18376.00,18386.75,214
2026-01-09 12:48:00,18386.75,18387.25,18381.25,18382.00,628
2026-01-09 12:49:00,18382.00,18391.75,18378.25,18379.25,1029
2026-01-09 12:50:00,18379.25,18392.50,18369.25,18385.00,241
2026-01-09 12:51:00,18385.00,18385.50,18375.50,18376.50,496
2026-01-09 12:52:00,18376.50,18392.25,18371.75,18387.25,666
2026-01-09 12:53:00,18387.25,18396.00,18378.75,18378.75,694
2026-01-09 12:54:00,18378.75,18387.00,18369.75,18374.00,366
2026-01-09 12:55:00,18374.00,18391.75,18359.75,18382.75,379
2026-01-09 12:56:00,18382.75,18387.75,18370.25,18384.75,526
2026-01-09 12:57:00,18384.75,18386.50,18374.25,18377.25,203
2026-01-09 12:58:00,18377.25,18385.50,18372.00,18374.25,889
2026-01-09 12:59:00,18374.25,18380.25,18372.00,18379.00,607
2026-01-09 13:00:00,18379.00,18384.25,18372.75,18377.75,434
2026-01-09 13:01:00,18377.75,18392.75,18372.50,18386.25,726
2026-01-09 13:02:00,18386.25,18389.50,18376.25,18381.25,249
2026-01-09 13:03:00,18381.25,18382.50,18375.25,18379.75,219
2026-01-09 13:04:00,18379.75,18384.25,18362.25,18369.50,1357
2026-01-09 13:05:00,18369.50,18377.25,18363.00,18373.00,1256
2026-01-09 13:06:00,18373.00,18387.50,18360.25,18364.25,267
2026-01-09 13:07:00,18364.25,18388.00,18362.00,18382.75,260
2026-01-09 13:08:00,18382.75,18394.00,18378.75,18393.25,641
2026-01-09 13:09:00,18393.25,18396.75,18384.50,18385.75,1256
2026-01-09 13:10:00,18385.75,18386.25,18373.75,18375.75,993
2026-01-09 13:11:00,18375.75,18379.00,18360.50,18362.25,389
2026-01-09 13:12:00,18362.25,18371.50,18360.25,18370.25,1368
2026-01-09 13:13:00,18370.25,18394.00,18369.25,18385.50,1331
2026-01-09 13:14:00,18385.50,18392.75,18380.00,18383.50,474
2026-01-09 13:15:00,18383.50,18386.00,18378.50,18381.00,386
2026-01-09 13:16:00,18381.00,18381.75,18369.00,18377.50,1426
2026-01-09 13:17:00,18377.50,18384.50,18376.75,18379.00,382
2026-01-09 13:18:00,18379.00,18379.50,18366.25,18368.00,1480
2026-01-09 13:19:00,18368.00,18381.75,18366.50,18372.25,369
2026-01-09 13:20:00,18372.25,18393.25,18370.75,18391.75,1243
2026-01-09 13:21:00,18391.75,18397.50,18359.50,18364.75,1316
2026-01-09 13:22:00,18364.75,18371.00,18362.00,18369.25,497
2026-01-09 13:23:00,18369.25,18395.25,18366.50,18386.50,1343
2026-01-09 13:24:00,18386.50,18388.50,18381.00,18385.25,200
2026-01-09 13:25:00,18385.25,18386.00,18373.50,18381.75,582
2026-01-09 13:26:00,18381.75,18394.75,18379.00,18391.75,1277
2026-01-09 13:27:00,18391.75,18395.00,18373.75,18376.75,596
2026-01-09 13:28:00,18376.75,18380.50,18375.50,18378.75,1180
2026-01-09 13:29:00,18378.75,18387.00,18374.50,18376.25,360
2026-01-09 13:30:00,18376.25,18381.75,18366.25,18369.00,254
2026-01-09 13:31:00,18369.00,18382.50,18364.50,18380.00,716
2026-01-09 13:32:00,18380.00,18381.75,18371.25,18377.50,725
2026-01-09 13:33:00,18377.50,18381.50,18376.00,18377.75,1006
2026-01-09 13:34:00,18377.75,18382.75,18375.00,18378.50,416
2026-01-09 13:35:00,18378.50,18382.00,18371.75,18371.75,223
2026-01-09 13:36:00,18371.75,18377.25,18359.75,18365.00,608
2026-01-09 13:37:00,18365.00,18383.25,18353.75,18379.75,833
2026-01-09 13:38:00,18379.75,18384.50,18364.75,18371.25,242
2026-01-09 13:39:00,18371.25,18404.25,18367.75,18395.25,1458
2026-01-09 13:40:00,18395.25,18397.00,18383.50,18384.00,1439
2026-01-09 13:41:00,18384.00,18387.00,18356.50,18364.75,869
2026-01-09 13:42:00,18364.75,18383.00,18362.00,18382.50,370
2026-01-09 13:43:00,18382.50,18388.00,18377.50,18387.50,1362
2026-01-09 13:44:00,18387.50,18389.50,18375.50,18378.25,581
2026-01-09 13:45:00,18378.25,18399.25,18375.75,18388.25,1056
2026-01-09 13:46:00,18388.25,18394.50,18370.00,18372.00,679
2026-01-09 13:47:00,18372.00,18387.25,18367.25,18385.50,941
2026-01-09 13:48:00,18385.50,18400.00,18383.75,18394.75,1118
2026-01-09 13:49:00,18394.75,18394.75,18376.25,18378.75,287
2026-01-09 13:50:00,18378.75,18388.25,18369.50,18376.25,736
2026-01-09 13:51:00,18376.25,18379.25,18355.75,18371.00,931
2026-01-09 13:52:00,18371.00,18382.00,18368.25,18377.00,499
2026-01-09 13:53:00,18377.00,18378.00,18366.75,18369.50,1194
2026-01-09 13:54:00,18369.50,18397.25,18362.50,18393.00,1046
2026-01-09 13:55:00,18393.00,18398.25,18368.50,18371.00,1140
2026-01-09 13:56:00,18371.00,18379.50,18369.25,18378.50,978
2026-01-09 13:57:00,18378.50,18387.75,18370.50,18376.25,727
2026-01-09 13:58:00,18376.25,18391.50,18373.00,18391.00,865
2026-01-09 13:59:00,18391.00,18391.25,18379.50,18381.00,1197
2026-01-09 14:00:00,18381.00,18381.25,18365.25,18369.50,920
2026-01-09 14:01:00,18369.50,18375.25,18366.00,18372.00,571
2026-01-09 14:02:00,18372.00,18398.50,18364.00,18395.25,1207
2026-01-09 14:03:00,18395.25,18405.25,18361.75,18365.75,226
2026-01-09 14:04:00,18365.75,18375.75,18363.50,18374.75,1424
2026-01-09 14:05:00,18374.75,18389.25,18372.50,18387.25,931
2026-01-09 14:06:00,18387.25,18390.25,18379.75,18380.00,287
2026-01-09 14:07:00,18380.00,18381.50,18372.00,18374.00,745
2026-01-09 14:08:00,18374.00,18384.50,18370.00,18383.50,1426
2026-01-09 14:09:00,18383.50,18384.00,18381.00,18381.25,868
2026-01-09 14:10:00,18381.25,18392.50,18377.00,18386.75,704
2026-01-09 14:11:00,18386.75,18388.25,18377.50,18380.75,449
2026-01-09 14:12:00,18380.75,18385.50,18378.75,18380.50,1377
2026-01-09 14:13:00,18380.50,18381.50,18371.75,18377.00,1167
2026-01-09 14:14:00,18377.00,18392.25,18376.50,18389.50,1117
2026-01-09 14:15:00,18389.50,18393.00,18379.25,18381.75,1418
2026-01-09 14:16:00,18381.75,18399.25,18378.50,18390.50,605
2026-01-09 14:17:00,18390.50,18391.25,18367.50,18373.25,302
2026-01-09 14:18:00,18373.25,18375.00,18361.50,18363.00,1465
2026-01-09 14:19:00,18363.00,18385.00,18359.25,18380.00,599
2026-01-09 14:20:00,18380.00,18385.75,18366.75,18370.00,892
2026-01-09 14:21:00,18370.00,18379.50,18366.75,18376.50,323
2026-01-09 14:22:00,18376.50,18394.50,18366.50,18388.50,1443
2026-01-09 14:23:00,18388.50,18390.25,18378.50,18380.25,1359
2026-01-09 14:24:00,18380.25,18384.00,18375.00,18383.75,455
2026-01-09 14:25:00,18383.75,18384.25,18379.50,18384.00,932
2026-01-09 14:26:00,18384.00,18389.75,18377.00,18382.25,1325
2026-01-09 14:27:00,18382.25,18384.25,18368.00,18372.00,326
2026-01-09 14:28:00,18372.00,18386.25,18369.25,18383.25,641
2026-01-09 14:29:00,18383.25,18386.00,18381.25,18381.75,1142
2026-01-09 14:30:00,18381.75,18392.50,18381.50,18384.75,857
2026-01-09 14:31:00,18384.75,18391.00,18367.25,18372.50,466
2026-01-09 14:32:00,18372.50,18381.25,18371.00,18377.50,973
2026-01-09 14:33:00,18377.50,18380.00,18375.25,18377.75,1492
2026-01-09 14:34:00,18377.75,18389.75,18374.00,18379.75,390
2026-01-09 14:35:00,18379.75,18385.50,18365.25,18367.75,237
2026-01-09 14:36:00,18367.75,18380.75,18364.00,18380.75,546
2026-01-09 14:37:00,18380.75,18387.50,18379.50,18381.75,1446
2026-01-09 14:38:00,18381.75,18383.00,18379.25,18380.25,1334
2026-01-09 14:39:00,18380.25,18380.50,18366.75,18370.25,493
2026-01-09 14:40:00,18370.25,18375.00,18360.50,18370.75,438
2026-01-09 14:41:00,18370.75,18384.50,18370.25,18382.50,1000
2026-01-09 14:42:00,18382.50,18391.75,18381.25,18388.50,1497
2026-01-09 14:43:00,18388.50,18391.75,18381.50,18389.75,900
2026-01-09 14:44:00,18389.75,18396.50,18371.75,18375.00,850
2026-01-09 14:45:00,18375.00,18380.00,18367.75,18371.50,1277
2026-01-09 14:46:00,18371.50,18379.00,18368.00,18376.00,752
2026-01-09 14:47:00,18376.00,18385.25,18372.00,18380.50,902
2026-01-09 14:48:00,18380.50,18386.00,18373.50,18374.25,510
2026-01-09 14:49:00,18374.25,18379.50,18369.50,18378.75,385
2026-01-09 14:50:00,18378.75,18388.00,18375.50,18387.25,1140
2026-01-09 14:51:00,18387.25,18389.00,18374.75,18379.25,503
2026-01-09 14:52:00,18379.25,18381.75,18357.75,18362.75,754
2026-01-09 14:53:00,18362.75,18388.75,18361.75,18386.50,766
2026-01-09 14:54:00,18386.50,18388.00,18383.00,18384.50,1190
2026-01-09 14:55:00,18384.50,18385.50,18368.50,18373.75,242
2026-01-09 14:56:00,18373.75,18389.00,18366.75,18388.00,211
2026-01-09 14:57:00,18388.00,18388.00,18369.25,18375.75,962
2026-01-09 14:58:00,18375.75,18379.75,18370.50,18373.75,637
2026-01-09 14:59:00,18373.75,18379.75,18372.25,18378.75,779
2026-01-09 15:00:00,18378.75,18400.75,18378.50,18399.00,293
2026-01-09 15:01:00,18399.00,18407.25,18364.50,18367.00,660
2026-01-09 15:02:00,18367.00,18384.25,18363.00,18380.25,781
2026-01-09 15:03:00,18380.25,18383.25,18365.00,18372.25,239
2026-01-09 15:04:00,18372.25,18383.50,18369.50,18380.25,474
2026-01-09 15:05:00,18380.25,18387.00,18373.00,18384.25,344
2026-01-09 15:06:00,18384.25,18390.25,18380.25,18383.50,470
2026-01-09 15:07:00,18383.50,18384.00,18372.25,18376.25,540
2026-01-09 15:08:00,18376.25,18391.25,18362.50,18381.50,285
2026-01-09 15:09:00,18381.50,18383.25,18380.25,18381.00,814
2026-01-09 15:10:00,18381.00,18382.25,18375.50,18379.50,205
2026-01-09 15:11:00,18379.50,18381.75,18378.25,18379.75,1402
2026-01-09 15:12:00,18379.75,18384.00,18366.50,18374.25,1004
2026-01-09 15:13:00,18374.25,18379.50,18369.25,18377.00,1106
2026-01-09 15:14:00,18377.00,18389.00,18375.50,18380.50,508
2026-01-09 15:15:00,18380.50,18390.25,18377.50,18389.75,1064
2026-01-09 15:16:00,18389.75,18391.50,18365.50,18374.25,937
2026-01-09 15:17:00,18374.25,18388.75,18369.25,18381.25,1288
2026-01-09 15:18:00,18381.25,18384.25,18364.25,18365.00,901
2026-01-09 15:19:00,18365.00,18374.25,18349.75,18373.50,829
2026-01-09 15:20:00,18373.50,18384.75,18372.50,18380.75,936
2026-01-09 15:21:00,18380.75,18381.75,18379.50,18381.00,387
2026-01-09 15:22:00,18381.00,18384.50,18368.75,18373.75,1178
2026-01-09 15:23:00,18373.75,18383.75,18370.00,18381.00,1366
2026-01-09 15:24:00,18381.00,18391.75,18380.25,18384.00,1180
2026-01-09 15:25:00,18384.00,18391.25,18368.75,18373.75,972
2026-01-09 15:26:00,18373.75,18396.75,18373.50,18389.25,419
2026-01-09 15:27:00,18389.25,18392.25,18369.50,18375.50,269
2026-01-09 15:28:00,18375.50,18385.50,18371.50,18385.25,1260
2026-01-09 15:29:00,18385.25,18400.50,18370.25,18396.50,1028
2026-01-09 15:30:00,18396.50,18398.00,18360.75,18368.75,1062
2026-01-09 15:31:00,18368.75,18379.25,18366.00,18377.00,645
2026-01-09 15:32:00,18377.00,18383.75,18373.75,18379.75,945
2026-01-09 15:33:00,18379.75,18392.75,18374.75,18384.25,686
2026-01-09 15:34:00,18384.25,18395.25,18382.75,18385.00,563
2026-01-09 15:35:00,18385.00,18386.50,18375.00,18381.25,869
2026-01-09 15:36:00,18381.25,18383.50,18365.00,18372.00,956
2026-01-09 15:37:00,18372.00,18397.00,18365.25,18389.00,414
2026-01-09 15:38:00,18389.00,18389.00,18373.75,18374.25,243
2026-01-09 15:39:00,18374.25,18375.25,18364.75,18369.75,990
2026-01-09 15:40:00,18369.75,18374.50,18366.00,18366.25,1115
2026-01-09 15:41:00,18366.25,18387.75,18363.00,18378.75,950
2026-01-09 15:42:00,18378.75,18389.75,18377.50,18387.50,619
2026-01-09 15:43:00,18387.50,18389.00,18374.25,18382.75,1345
2026-01-09 15:44:00,18382.75,18388.75,18379.75,18380.25,476
2026-01-09 15:45:00,18380.25,18390.00,18377.00,18386.75,713
2026-01-09 15:46:00,18386.75,18391.00,18377.00,18381.25,1225
2026-01-09 15:47:00,18381.25,18383.50,18370.25,18370.25,931
2026-01-09 15:48:00,18370.25,18383.00,18366.50,18381.75,298
2026-01-09 15:49:00,18381.75,18382.75,18373.75,18374.25,938
2026-01-09 15:50:00,18374.25,18397.25,18373.25,18394.25,969
2026-01-09 15:51:00,18394.25,18400.25,18378.25,18384.75,1049
2026-01-09 15:52:00,18384.75,18389.25,18379.25,18387.00,1067
2026-01-09 15:53:00,18387.00,18403.00,18383.25,18402.25,685
2026-01-09 15:54:00,18402.25,18407.25,18371.75,18375.75,219
2026-01-09 15:55:00,18375.75,18386.00,18367.25,18383.50,469
2026-01-09 15:56:00,18383.50,18386.75,18380.50,18380.75,599
2026-01-09 15:57:00,18380.75,18382.50,18377.75,18381.25,1283
2026-01-09 15:58:00,18381.25,18390.00,18375.75,18385.25,1126
2026-01-09 15:59:00,18385.25,18389.75,18376.50,18379.50,1295
2026-01-12 08:00:00,18302.50,18303.25,18297.50,18298.25,887
2026-01-12 08:01:00,18298.25,18318.50,18297.50,18315.25,1038
2026-01-12 08:02:00,18315.25,18317.25,18291.25,18299.25,920
2026-01-12 08:03:00,18299.25,18304.50,18290.50,18303.75,1128
2026-01-12 08:04:00,18303.75,18307.50,18294.25,18296.50,1217
2026-01-12 08:05:00,18296.50,18317.00,18294.50,18316.50,1353
2026-01-12 08:06:00,18316.50,18320.50,18282.25,18290.75,905
2026-01-12 08:07:00,18290.75,18303.00,18289.50,18296.75,584
2026-01-12 08:08:00,18296.75,18303.00,18294.75,18301.50,424
2026-01-12 08:09:00,18301.50,18304.50,18290.75,18294.00,584
2026-01-12 08:10:00,18294.00,18308.00,18289.00,18307.75,653
2026-01-12 08:11:00,18307.75,18308.25,18287.25,18295.50,772
2026-01-12 08:12:00,18295.50,18299.75,18293.00,18296.75,612
2026-01-12 08:13:00,18296.75,18307.00,18290.50,18302.00,1280
2026-01-12 08:14:00,18302.00,18306.25,18295.50,18304.00,817
2026-01-12 08:15:00,18304.00,18304.75,18293.50,18295.50,1015
2026-01-12 08:16:00,18295.50,18313.00,18290.00,18311.25,738
2026-01-12 08:17:00,18311.25,18311.25,18297.75,18298.50,711
2026-01-12 08:18:00,18298.50,18302.00,18287.50,18287.75,358
2026-01-12 08:19:00,18287.75,18317.50,18283.50,18315.25,1162
2026-01-12 08:20:00,18315.25,18315.25,18303.25,18307.25,408
2026-01-12 08:21:00,18307.25,18309.50,18302.50,18307.25,1122
2026-01-12 08:22:00,18307.25,18313.00,18296.00,18301.75,408
2026-01-12 08:23:00,18301.75,18308.25,18297.25,18305.75,1395
2026-01-12 08:24:00,18305.75,18307.25,18301.50,18303.50,586
2026-01-12 08:25:00,18303.50,18304.25,18297.75,18300.50,436
2026-01-12 08:26:00,18300.50,18300.75,18292.75,18297.75,1412
2026-01-12 08:27:00,18297.75,18310.00,18295.00,18309.00,649
2026-01-12 08:28:00,18309.00,18311.25,18307.25,18311.25,557
2026-01-12 08:29:00,18311.25,18311.75,18307.00,18309.25,1281
2026-01-12 08:30:00,18309.25,18310.25,18305.75,18310.00,316
2026-01-12 08:31:00,18310.00,18316.00,18297.25,18315.75,535
2026-01-12 08:32:00,18315.75,18319.00,18294.75,18297.75,862
2026-01-12 08:33:00,18297.75,18303.50,18292.50,18294.50,1189
2026-01-12 08:34:00,18294.50,18313.25,18292.00,18303.25,1428
2026-01-12 08:35:00,18303.25,18311.00,18296.25,18302.00,1093
2026-01-12 08:36:00,18302.00,18306.00,18296.50,18297.25,471
2026-01-12 08:37:00,18297.25,18303.00,18294.75,18301.00,487
2026-01-12 08:38:00,18301.00,18307.25,18300.25,18305.25,629
2026-01-12 08:39:00,18305.25,18313.00,18293.50,18294.75,415
2026-01-12 08:40:00,18294.75,18298.75,18291.75,18298.50,493
2026-01-12 08:41:00,18298.50,18303.00,18290.25,18290.50,806
2026-01-12 08:42:00,18290.50,18312.25,18287.50,18306.50,1419
2026-01-12 08:43:00,18306.50,18311.25,18306.25,18310.00,859
2026-01-12 08:44:00,18310.00,18318.00,18298.75,18301.75,970
2026-01-12 08:45:00,18301.75,18302.75,18294.25,18302.00,1013
2026-01-12 08:46:00,18302.00,18309.25,18299.75,18309.00,394
2026-01-12 08:47:00,18309.00,18310.75,18299.25,18300.75,980
2026-01-12 08:48:00,18300.75,18311.00,18294.50,18300.50,1077
2026-01-12 08:49:00,18300.50,18319.25,18296.50,18318.25,909
2026-01-12 08:50:00,18318.25,18320.75,18299.50,18301.50,247
2026-01-12 08:51:00,18301.50,18310.75,18296.50,18310.00,516
2026-01-12 08:52:00,18310.00,18314.75,18302.50,18307.25,456
2026-01-12 08:53:00,18307.25,18308.25,18295.00,18296.00,387
2026-01-12 08:54:00,18296.00,18303.25,18288.00,18300.50,771
2026-01-12 08:55:00,18300.50,18303.25,18297.50,18298.50,1179
2026-01-12 08:56:00,18298.50,18313.75,18294.75,18306.00,614
2026-01-12 08:57:00,18306.00,18310.50,18303.00,18305.50,1071
2026-01-12 08:58:00,18305.50,18310.50,18302.00,18306.75,910
2026-01-12 08:59:00,18306.75,18307.25,18300.50,18306.00,358
2026-01-12 09:00:00,18306.00,18316.50,18304.50,18312.25,1444
2026-01-12 09:01:00,18312.25,18315.25,18311.00,18311.50,939
2026-01-12 09:02:00,18311.50,18313.50,18290.25,18296.00,428
2026-01-12 09:03:00,18296.00,18319.25,18290.75,18312.50,788
2026-01-12 09:04:00,18312.50,18319.00,18304.50,18305.75,1071
2026-01-12 09:05:00,18305.75,18307.25,18301.00,18305.00,949
2026-01-12 09:06:00,18305.00,18317.25,18302.50,18312.50,488
2026-01-12 09:07:00,18312.50,18314.00,18298.25,18298.75,1093
2026-01-12 09:08:00,18298.75,18309.00,18298.00,18307.50,1492
2026-01-12 09:09:00,18307.50,18308.00,18301.75,18302.25,1000
2026-01-12 09:10:00,18302.25,18304.00,18297.25,18298.75,1176
2026-01-12 09:11:00,18298.75,18303.25,18293.75,18296.50,997
2026-01-12 09:12:00,18296.50,18297.25,18295.50,18296.25,1179
2026-01-12 09:13:00,18296.25,18297.50,18285.25,18293.50,1468
2026-01-12 09:14:00,18293.50,18307.50,18290.25,18305.25,797
2026-01-12 09:15:00,18305.25,18307.75,18294.00,18300.50,1013
2026-01-12 09:16:00,18300.50,18312.50,18298.00,18312.25,850
2026-01-12 09:17:00,18312.25,18314.50,18301.00,18309.25,1272
2026-01-12 09:18:00,18309.25,18333.50,18309.00,18326.50,1362
2026-01-12 09:19:00,18326.50,18331.25,18307.50,18308.75,1002
2026-01-12 09:20:00,18308.75,18309.75,18299.25,18300.00,313
2026-01-12 09:21:00,18300.00,18309.75,18298.25,18307.00,821
2026-01-12 09:22:00,18307.00,18315.75,18304.75,18313.25,955
2026-01-12 09:23:00,18313.25,18314.75,18301.25,18302.00,1145
2026-01-12 09:24:00,18310.75,18311.50,18301.25,18301.50,744
2026-01-12 09:25:00,18301.50,18302.25,18284.50,18291.75,1392
2026-01-12 09:26:00,18291.75,18301.50,18287.75,18298.00,730
2026-01-12 09:27:00,18298.00,18303.50,18271.00,18272.50,1052
2026-01-12 09:28:00,18272.50,18278.00,18265.25,18276.00,549
2026-01-12 09:29:00,18276.00,18290.75,18275.75,18288.50,1470
2026-01-12 09:30:00,18288.50,18288.75,18277.00,18278.00,374
2026-01-12 09:31:00,18278.00,18287.50,18277.50,18284.50,527
2026-01-12 09:32:00,18284.50,18294.00,18284.00,18293.50,905
2026-01-12 09:33:00,18293.50,18309.50,18291.25,18308.25,367
2026-01-12 09:34:00,18308.25,18330.00,18305.25,18329.50,975
2026-01-12 09:35:00,18329.50,18330.25,18328.50,18330.00,1272
2026-01-12 09:36:00,18330.00,18330.25,18317.75,18317.75,422
2026-01-12 09:37:00,18317.75,18340.00,18317.00,18339.00,981
2026-01-12 09:38:00,18339.00,18341.25,18321.50,18322.00,1378
2026-01-12 09:39:00,18322.00,18329.00,18316.50,18317.25,596
2026-01-12 09:40:00,18317.25,18318.00,18307.25,18312.25,667
2026-01-12 09:41:00,18312.25,18316.00,18308.25,18310.00,311
2026-01-12 09:42:00,18310.00,18313.25,18302.50,18303.75,725
2026-01-12 09:43:00,18303.75,18306.75,18303.25,18305.00,1406
2026-01-12 09:44:00,18305.00,18307.25,18285.75,18288.00,685
2026-01-12 09:45:00,18288.00,18305.50,18278.50,18304.75,574
2026-01-12 09:46:00,18304.75,18313.25,18300.75,18311.50,993
2026-01-12 09:47:00,18311.50,18313.00,18306.75,18307.00,444
2026-01-12 09:48:00,18307.00,18337.00,18295.00,18325.75,394
2026-01-12 09:49:00,18325.75,18338.75,18311.75,18333.50,597
2026-01-12 09:50:00,18333.50,18338.00,18316.50,18320.25,323
2026-01-12 09:51:00,18320.25,18334.50,18318.00,18333.75,1426
2026-01-12 09:52:00,18333.75,18346.50,18326.25,18341.75,1363
2026-01-12 09:53:00,18341.75,18357.50,18336.75,18357.00,1017
2026-01-12 09:54:00,18357.00,18364.75,18347.50,18353.00,1128
2026-01-12 09:55:00,18353.00,18369.25,18347.50,18362.75,874
2026-01-12 09:56:00,18362.75,18372.75,18356.50,18372.50,1275
2026-01-12 09:57:00,18372.50,18385.75,18363.25,18384.25,1075
2026-01-12 09:58:00,18384.25,18389.00,18382.50,18387.75,1097
2026-01-12 09:59:00,18387.75,18397.75,18387.25,18391.25,262
2026-01-12 10:00:00,18391.25,18408.25,18387.00,18407.75,1293
2026-01-12 10:01:00,18407.75,18425.50,18407.50,18418.00,827
2026-01-12 10:02:00,18418.00,18422.25,18399.00,18410.50,506
2026-01-12 10:03:00,18410.50,18444.50,18402.75,18434.50,1261
2026-01-12 10:04:00,18434.50,18439.00,18426.00,18427.00,1482
2026-01-12 10:05:00,18427.00,18448.50,18426.00,18448.50,1066
2026-01-12 10:06:00,18448.50,18458.00,18447.50,18455.50,1204
2026-01-12 10:07:00,18455.50,18471.00,18452.25,18466.50,410
2026-01-12 10:08:00,18466.50,18470.25,18451.75,18452.00,1111
2026-01-12 10:09:00,18452.00,18488.25,18445.00,18481.25,403
2026-01-12 10:10:00,18481.25,18490.00,18479.25,18488.00,1000
2026-01-12 10:11:00,18488.00,18488.25,18471.25,18473.50,461
2026-01-12 10:12:00,18473.50,18482.00,18465.25,18479.75,737
2026-01-12 10:13:00,18479.75,18493.50,18478.50,18489.25,1331
2026-01-12 10:14:00,18489.25,18491.75,18474.25,18475.00,1107
2026-01-12 10:15:00,18475.00,18495.25,18470.25,18492.50,948
2026-01-12 10:16:00,18492.50,18493.50,18465.50,18468.75,1079
2026-01-12 10:17:00,18468.75,18474.75,18467.75,18471.00,950
2026-01-12 10:18:00,18471.00,18476.75,18468.75,18476.75,379
2026-01-12 10:19:00,18476.75,18492.00,18473.75,18485.25,656
2026-01-12 10:20:00,18485.25,18488.00,18465.50,18471.50,292
2026-01-12 10:21:00,18471.50,18496.00,18463.75,18493.25,1279
2026-01-12 10:22:00,18493.25,18497.75,18469.00,18479.50,449
2026-01-12 10:23:00,18479.50,18485.00,18473.25,18481.00,987
2026-01-12 10:24:00,18481.00,18481.75,18475.00,18481.00,1425
2026-01-12 10:25:00,18481.00,18489.75,18481.00,18488.25,622
2026-01-12 10:26:00,18488.25,18494.00,18478.50,18487.00,243
2026-01-12 10:27:00,18487.00,18500.00,18482.75,18484.75,1085
2026-01-12 10:28:00,18484.75,18487.50,18468.00,18476.00,1041
2026-01-12 10:29:00,18476.00,18478.50,18471.00,18471.25,1111
2026-01-12 10:30:00,18471.25,18491.00,18470.25,18486.50,411
2026-01-12 10:31:00,18486.50,18487.75,18477.25,18482.50,297
2026-01-12 10:32:00,18482.50,18483.00,18464.00,18469.50,810
2026-01-12 10:33:00,18469.50,18494.25,18458.75,18485.50,391
2026-01-12 10:34:00,18485.50,18495.25,18482.25,18495.25,262
2026-01-12 10:35:00,18495.25,18497.00,18480.75,18484.25,1161
2026-01-12 10:36:00,18484.25,18495.50,18478.00,18487.50,1149
2026-01-12 10:37:00,18487.50,18492.00,18478.75,18483.75,1071
2026-01-12 10:38:00,18483.75,18486.00,18480.00,18484.75,1165
2026-01-12 10:39:00,18484.75,18493.75,18478.75,18485.25,370
2026-01-12 10:40:00,18485.25,18494.00,18480.25,18488.00,1147
2026-01-12 10:41:00,18488.00,18491.75,18478.50,18482.75,1294
2026-01-12 10:42:00,18482.75,18484.00,18476.25,18478.00,1431
2026-01-12 10:43:00,18478.00,18482.00,18477.00,18478.00,1491
2026-01-12 10:44:00,18478.00,18507.00,18478.00,18498.75,577
2026-01-12 10:45:00,18498.75,18502.50,18461.25,18466.00,542
2026-01-12 10:46:00,18466.00,18485.50,18456.25,18478.50,1097
2026-01-12 10:47:00,18478.50,18494.50,18477.00,18492.75,510
2026-01-12 10:48:00,18492.75,18497.25,18480.75,18481.50,743
2026-01-12 10:49:00,18481.50,18486.00,18472.25,18476.75,692
2026-01-12 10:50:00,18476.75,18486.00,18474.50,18483.75,338
2026-01-12 10:51:00,18483.75,18484.75,18469.50,18470.75,1393
2026-01-12 10:52:00,18470.75,18481.50,18470.25,18479.50,322
2026-01-12 10:53:00,18479.50,18493.75,18473.25,18491.00,1239
2026-01-12 10:54:00,18491.00,18497.25,18475.25,18483.00,1495
2026-01-12 10:55:00,18483.00,18487.25,18481.00,18486.50,905
2026-01-12 10:56:00,18486.50,18491.50,18479.00,18489.25,817
2026-01-12 10:57:00,18489.25,18502.75,18488.75,18497.75,518
2026-01-12 10:58:00,18497.75,18500.00,18476.50,18479.50,787
2026-01-12 10:59:00,18479.50,18479.50,18451.50,18464.25,634
2026-01-12 11:00:00,18464.25,18489.75,18461.25,18484.75,760
2026-01-12 11:01:00,18484.75,18489.25,18477.50,18477.75,704
2026-01-12 11:02:00,18477.75,18484.25,18474.50,18477.25,1099
2026-01-12 11:03:00,18477.25,18492.75,18476.50,18487.50,1320
2026-01-12 11:04:00,18487.50,18493.00,18486.00,18486.25,1304
2026-01-12 11:05:00,18486.25,18501.50,18485.25,18500.00,1006
2026-01-12 11:06:00,18500.00,18502.25,18462.75,18476.50,1158
2026-01-12 11:07:00,18476.50,18482.00,18467.00,18471.25,425
2026-01-12 11:08:00,18471.25,18480.25,18468.00,18478.00,1259
2026-01-12 11:09:00,18478.00,18500.00,18474.50,18490.75,808
2026-01-12 11:10:00,18490.75,18508.00,18486.25,18505.00,270
2026-01-12 11:11:00,18505.00,18507.50,18485.50,18489.00,1488
2026-01-12 11:12:00,18489.00,18492.50,18477.50,18478.50,1373
2026-01-12 11:13:00,18478.50,18487.00,18470.75,18475.25,594
2026-01-12 11:14:00,18475.25,18491.25,18475.00,18487.50,1149
2026-01-12 11:15:00,18487.50,18493.00,18483.50,18484.25,242
2026-01-12 11:16:00,18484.25,18488.00,18484.00,18487.00,1116
2026-01-12 11:17:00,18487.00,18499.50,18480.25,18480.75,585
2026-01-12 11:18:00,18480.75,18483.25,18469.50,18477.00,1145
2026-01-12 11:19:00,18477.00,18492.75,18472.75,18488.75,248
2026-01-12 11:20:00,18488.75,18494.50,18482.75,18483.25,1389
2026-01-12 11:21:00,18483.25,18483.75,18468.75,18474.00,1363
2026-01-12 11:22:00,18474.00,18482.75,18473.00,18477.75,696
2026-01-12 11:23:00,18477.75,18478.00,18468.00,18471.50,777
2026-01-12 11:24:00,18471.50,18487.25,18471.50,18481.50,697
2026-01-12 11:25:00,18481.50,18485.25,18481.00,18481.75,829
2026-01-12 11:26:00,18481.75,18488.25,18476.75,18485.50,560
2026-01-12 11:27:00,18485.50,18486.25,18476.25,18483.00,1025
2026-01-12 11:28:00,18483.00,18491.25,18483.00,18489.00,577
2026-01-12 11:29:00,18489.00,18493.00,18466.00,18471.25,815
2026-01-12 11:30:00,18471.25,18491.50,18463.00,18484.50,1321
2026-01-12 11:31:00,18484.50,18503.00,18479.75,18499.75,1186
2026-01-12 11:32:00,18499.75,18507.25,18482.75,18486.50,1337
2026-01-12 11:33:00,18486.50,18488.00,18475.25,18478.50,861
2026-01-12 11:34:00,18478.50,18483.00,18462.50,18466.75,591
2026-01-12 11:35:00,18466.75,18486.25,18466.25,18483.25,1105
2026-01-12 11:36:00,18483.25,18490.00,18483.25,18487.25,1453
2026-01-12 11:37:00,18487.25,18490.50,18468.50,18482.00,1026
2026-01-12 11:38:00,18482.00,18488.75,18481.75,18483.25,862
2026-01-12 11:39:00,18483.25,18487.75,18480.25,18485.00,1075
2026-01-12 11:40:00,18485.00,18489.25,18473.75,18477.00,762
2026-01-12 11:41:00,18477.00,18494.50,18467.25,18490.25,672
2026-01-12 11:42:00,18490.25,18493.50,18479.50,18485.75,1286
2026-01-12 11:43:00,18485.75,18496.75,18480.25,18491.50,650
2026-01-12 11:44:00,18491.50,18492.75,18469.00,18475.25,548
2026-01-12 11:45:00,18475.25,18491.25,18467.25,18487.75,1315
2026-01-12 11:46:00,18487.75,18489.75,18475.00,18475.75,1136
2026-01-12 11:47:00,18475.75,18492.50,18471.25,18488.25,953
2026-01-12 11:48:00,18488.25,18492.75,18484.50,18489.00,512
2026-01-12 11:49:00,18489.00,18498.75,18487.25,18489.75,908
2026-01-12 11:50:00,18489.75,18492.50,18477.00,18484.75,263
2026-01-12 11:51:00,18484.75,18487.75,18472.00,18479.00,1323
2026-01-12 11:52:00,18479.00,18492.50,18477.00,18488.25,737
2026-01-12 11:53:00,18488.25,18490.50,18483.00,18485.50,768
2026-01-12 11:54:00,18485.50,18501.75,18483.25,18496.50,1065
2026-01-12 11:55:00,18496.50,18500.00,18474.75,18482.00,747
2026-01-12 11:56:00,18482.00,18485.25,18476.00,18484.25,633
2026-01-12 11:57:00,18484.25,18491.75,18477.75,18482.00,716
2026-01-12 11:58:00,18482.00,18498.25,18478.50,18490.75,466
2026-01-12 11:59:00,18490.75,18498.25,18477.75,18478.25,415
2026-01-12 12:00:00,18478.25,18498.00,18474.00,18494.50,1051
2026-01-12 12:01:00,18494.50,18498.25,18487.50,18489.75,1398
2026-01-12 12:02:00,18489.75,18499.75,18471.75,18473.00,1438
2026-01-12 12:03:00,18473.00,18490.00,18468.75,18483.75,443
2026-01-12 12:04:00,18483.75,18490.25,18472.00,18473.00,1480
2026-01-12 12:05:00,18473.00,18476.25,18469.00,18475.25,1039
2026-01-12 12:06:00,18475.25,18503.00,18469.50,18496.50,737
2026-01-12 12:07:00,18496.50,18501.25,18478.25,18480.00,528
2026-01-12 12:08:00,18480.00,18482.75,18475.50,18481.50,1395
2026-01-12 12:09:00,18481.50,18493.00,18479.50,18480.75,961
2026-01-12 12:10:00,18480.75,18486.50,18477.00,18480.75,678
2026-01-12 12:11:00,18480.75,18485.75,18479.00,18479.00,1456
2026-01-12 12:12:00,18479.00,18499.00,18476.75,18490.25,1266
2026-01-12 12:13:00,18490.25,18506.00,18479.00,18483.00,1045
2026-01-12 12:14:00,18483.00,18490.00,18477.00,18489.00,1433
2026-01-12 12:15:00,18489.00,18492.50,18470.25,18478.00,294
2026-01-12 12:16:00,18478.00,18485.00,18473.00,18476.75,932
2026-01-12 12:17:00,18476.75,18478.25,18469.00,18476.25,1362
2026-01-12 12:18:00,18476.25,18484.50,18468.00,18473.50,262
2026-01-12 12:19:00,18473.50,18488.00,18466.50,18485.25,231
2026-01-12 12:20:00,18485.25,18487.00,18478.50,18482.25,1327
2026-01-12 12:21:00,18482.25,18489.75,18478.25,18480.75,431
2026-01-12 12:22:00,18480.75,18501.50,18479.25,18499.00,656
2026-01-12 12:23:00,18499.00,18502.50,18478.25,18482.50,340
2026-01-12 12:24:00,18482.50,18493.75,18469.00,18477.75,316
2026-01-12 12:25:00,18477.75,18500.50,18474.00,18494.25,1116
2026-01-12 12:26:00,18494.25,18504.75,18474.75,18482.00,438
2026-01-12 12:27:00,18482.00,18502.25,18473.75,18501.00,637
2026-01-12 12:28:00,18501.00,18501.25,18492.75,18494.00,1087
2026-01-12 12:29:00,18494.00,18496.00,18474.75,18478.00,960
2026-01-12 12:30:00,18478.00,18492.25,18477.25,18482.50,348
2026-01-12 12:31:00,18482.50,18505.75,18480.75,18502.25,203
2026-01-12 12:32:00,18502.25,18503.75,18471.00,18474.75,240
2026-01-12 12:33:00,18474.75,18489.25,18463.75,18487.25,1101
2026-01-12 12:34:00,18487.25,18488.25,18471.25,18473.25,808
2026-01-12 12:35:00,18473.25,18498.75,18471.00,18498.25,574
2026-01-12 12:36:00,18498.25,18502.75,18490.75,18495.25,641
2026-01-12 12:37:00,18495.25,18503.25,18478.00,18483.00,1311
2026-01-12 12:38:00,18483.00,18486.50,18482.00,18486.50,1341
2026-01-12 12:39:00,18486.50,18489.25,18483.25,18484.75,867
2026-01-12 12:40:00,18484.75,18488.75,18476.25,18478.00,534
2026-01-12 12:41:00,18478.00,18504.75,18467.75,18500.25,1163
2026-01-12 12:42:00,18500.25,18504.75,18471.50,18478.75,544
2026-01-12 12:43:00,18478.75,18494.50,18475.00,18492.75,1314
2026-01-12 12:44:00,18492.75,18501.75,18485.00,18491.25,396
2026-01-12 12:45:00,18491.25,18504.50,18488.00,18504.00,747
2026-01-12 12:46:00,18504.00,18509.75,18468.25,18480.50,1357
2026-01-12 12:47:00,18480.50,18488.00,18475.00,18479.25,852
2026-01-12 12:48:00,18479.25,18491.25,18477.00,18484.00,1064
2026-01-12 12:49:00,18484.00,18486.00,18475.75,18478.50,404
2026-01-12 12:50:00,18478.50,18488.25,18476.75,18487.75,330
2026-01-12 12:51:00,18487.75,18494.75,18484.25,18491.25,1222
2026-01-12 12:52:00,18491.25,18492.25,18470.75,18475.75,1270
2026-01-12 12:53:00,18475.75,18495.50,18470.50,18491.75,395
2026-01-12 12:54:00,18491.75,18494.75,18484.75,18488.00,283
2026-01-12 12:55:00,18488.00,18491.25,18487.50,18489.25,434
2026-01-12 12:56:00,18489.25,18495.00,18486.00,18486.25,825
2026-01-12 12:57:00,18486.25,18488.50,18484.00,18487.50,1323
2026-01-12 12:58:00,18487.50,18490.00,18478.75,18486.50,946
2026-01-12 12:59:00,18486.50,18510.75,18483.50,18497.00,443
2026-01-12 13:00:00,18497.00,18504.00,18479.25,18486.25,823
2026-01-12 13:01:00,18486.25,18502.75,18483.25,18496.25,711
2026-01-12 13:02:00,18496.25,18497.00,18490.00,18493.00,210
2026-01-12 13:03:00,18493.00,18499.50,18487.75,18488.75,497
2026-01-12 13:04:00,18488.75,18490.25,18487.50,18489.00,1402
2026-01-12 13:05:00,18489.00,18508.00,18485.75,18502.75,538
2026-01-12 13:06:00,18502.75,18504.00,18490.00,18491.25,1229
2026-01-12 13:07:00,18491.25,18496.75,18480.75,18484.25,784
2026-01-12 13:08:00,18484.25,18489.00,18478.25,18484.25,1195
2026-01-12 13:09:00,18484.25,18488.25,18476.00,18477.75,1482
2026-01-12 13:10:00,18477.75,18493.00,18476.00,18486.25,1181
2026-01-12 13:11:00,18486.25,18489.00,18480.50,18485.25,1208
2026-01-12 13:12:00,18485.25,18501.75,18484.25,18494.75,935
2026-01-12 13:13:00,18494.75,18515.75,18494.25,18502.75,673
2026-01-12 13:14:00,18502.75,18504.00,18477.75,18480.00,1073
2026-01-12 13:15:00,18480.00,18495.00,18477.75,18493.75,1184
2026-01-12 13:16:00,18493.75,18494.50,18474.75,18483.25,599
2026-01-12 13:17:00,18483.25,18486.25,18481.50,18486.00,548
2026-01-12 13:18:00,18486.00,18487.25,18469.25,18474.75,1439
2026-01-12 13:19:00,18474.75,18494.50,18473.75,18492.00,1238
2026-01-12 13:20:00,18492.00,18493.75,18473.00,18479.75,893
2026-01-12 13:21:00,18479.75,18485.75,18474.75,18481.25,1422
2026-01-12 13:22:00,18481.25,18485.25,18480.00,18484.00,210
2026-01-12 13:23:00,18484.00,18507.00,18478.00,18499.00,998
2026-01-12 13:24:00,18499.00,18500.75,18483.75,18488.25,668
2026-01-12 13:25:00,18488.25,18496.25,18486.25,18493.00,1008
2026-01-12 13:26:00,18493.00,18495.75,18489.50,18492.25,968
2026-01-12 13:27:00,18492.25,18492.25,18486.75,18488.00,1369
2026-01-12 13:28:00,18488.00,18495.50,18477.00,18477.50,1245
2026-01-12 13:29:00,18477.50,18478.25,18475.50,18476.75,837
2026-01-12 13:30:00,18476.75,18495.50,18473.50,18488.00,526
2026-01-12 13:31:00,18488.00,18492.75,18476.25,18481.75,812
2026-01-12 13:32:00,18481.75,18494.00,18481.00,18486.50,449
2026-01-12 13:33:00,18486.50,18487.75,18476.25,18486.50,431
2026-01-12 13:34:00,18486.50,18495.75,18482.25,18494.25,919
2026-01-12 13:35:00,18494.25,18499.00,18485.00,18486.50,1245
2026-01-12 13:36:00,18486.50,18497.75,18481.00,18494.75,1082
2026-01-12 13:37:00,18494.75,18497.50,18469.50,18472.25,781
2026-01-12 13:38:00,18472.25,18473.00,18465.25,18468.50,596
2026-01-12 13:39:00,18468.50,18493.25,18465.50,18486.75,801
2026-01-12 13:40:00,18486.75,18502.00,18478.75,18501.75,1103
2026-01-12 13:41:00,18501.75,18507.50,18486.50,18486.75,944
2026-01-12 13:42:00,18486.75,18491.75,18482.25,18487.50,694
2026-01-12 13:43:00,18487.50,18499.00,18483.25,18496.25,1394
2026-01-12 13:44:00,18496.25,18507.25,18490.25,18490.75,1199
2026-01-12 13:45:00,18490.75,18492.25,18480.25,18482.00,328
2026-01-12 13:46:00,18482.00,18494.00,18481.50,18488.50,698
2026-01-12 13:47:00,18488.50,18494.00,18482.75,18486.50,1318
2026-01-12 13:48:00,18486.50,18488.50,18473.00,18477.50,374
2026-01-12 13:49:00,18477.50,18490.75,18476.25,18486.00,816
2026-01-12 13:50:00,18486.00,18489.25,18471.25,18474.75,667
2026-01-12 13:51:00,18474.75,18477.75,18474.50,18476.50,1126
2026-01-12 13:52:00,18476.50,18499.50,18473.50,18497.00,382
2026-01-12 13:53:00,18497.00,18497.00,18468.00,18472.25,694
2026-01-12 13:54:00,18472.25,18485.50,18469.75,18482.75,811
2026-01-12 13:55:00,18482.75,18490.50,18472.75,18476.75,1290
2026-01-12 13:56:00,18476.75,18481.75,18466.25,18476.75,1266
2026-01-12 13:57:00,18476.75,18483.00,18470.50,18472.00,1360
2026-01-12 13:58:00,18472.00,18492.25,18471.75,18490.25,378
2026-01-12 13:59:00,18490.25,18497.50,18476.25,18478.00,1233
2026-01-12 14:00:00,18478.00,18483.00,18475.75,18476.25,203
2026-01-12 14:01:00,18476.25,18482.00,18471.50,18482.00,770
2026-01-12 14:02:00,18482.00,18508.25,18481.50,18501.75,515
2026-01-12 14:03:00,18501.75,18507.00,18487.25,18489.25,238
2026-01-12 14:04:00,18489.25,18497.00,18485.00,18485.50,1420
2026-01-12 14:05:00,18485.50,18486.75,18473.75,18476.00,1397
2026-01-12 14:06:00,18476.00,18478.25,18471.25,18474.25,431
2026-01-12 14:07:00,18474.25,18492.00,18471.25,18488.75,1050
2026-01-12 14:08:00,18488.75,18493.25,18484.75,18490.75,639
2026-01-12 14:09:00,18490.75,18497.25,18474.50,18482.00,1055
2026-01-12 14:10:00,18482.00,18484.75,18478.75,18481.25,631
2026-01-12 14:11:00,18481.25,18492.25,18478.25,18491.50,673
2026-01-12 14:12:00,18491.50,18497.00,18477.75,18494.25,989
2026-01-12 14:13:00,18494.25,18500.50,18490.00,18495.00,1091
2026-01-12 14:14:00,18495.00,18500.25,18483.50,18486.25,512
2026-01-12 14:15:00,18486.25,18494.75,18485.50,18491.50,1245
2026-01-12 14:16:00,18491.50,18498.50,18488.50,18495.25,905
2026-01-12 14:17:00,18495.25,18497.75,18493.25,18497.75,1459
2026-01-12 14:18:00,18497.75,18500.50,18478.75,18481.50,1473
2026-01-12 14:19:00,18481.50,18494.50,18475.75,18490.75,1412
2026-01-12 14:20:00,18490.75,18507.25,18486.75,18505.75,1312
2026-01-12 14:21:00,18505.75,18508.00,18491.50,18495.50,1145
2026-01-12 14:22:00,18495.50,18496.00,18477.50,18479.75,1163
2026-01-12 14:23:00,18479.75,18491.50,18476.00,18486.75,361
2026-01-12 14:24:00,18486.75,18488.00,18470.25,18476.00,1460
2026-01-12 14:25:00,18476.00,18498.75,18469.50,18486.75,638
2026-01-12 14:26:00,18486.75,18497.75,18481.00,18490.25,938
2026-01-12 14:27:00,18490.25,18493.75,18483.50,18486.00,697
2026-01-12 14:28:00,18486.00,18496.75,18481.25,18495.00,1092
2026-01-12 14:29:00,18495.00,18497.50,18489.75,18490.50,1482
2026-01-12 14:30:00,18490.50,18493.50,18455.75,18464.50,736
2026-01-12 14:31:00,18464.50,18481.50,18461.00,18479.25,378
2026-01-12 14:32:00,18479.25,18502.50,18475.75,18498.00,310
2026-01-12 14:33:00,18498.00,18501.75,18498.00,18499.75,821
2026-01-12 14:34:00,18499.75,18500.25,18471.50,18479.75,662
2026-01-12 14:35:00,18479.75,18487.75,18478.00,18486.00,383
2026-01-12 14:36:00,18486.00,18487.00,18481.25,18481.75,758
2026-01-12 14:37:00,18481.75,18499.00,18480.00,18495.25,803
2026-01-12 14:38:00,18495.25,18499.50,18478.50,18481.25,520
2026-01-12 14:39:00,18481.25,18486.75,18476.00,18477.50,1471
2026-01-12 14:40:00,18477.50,18496.00,18474.25,18492.50,263
2026-01-12 14:41:00,18492.50,18499.25,18478.50,18478.75,495
2026-01-12 14:42:00,18478.75,18482.00,18467.75,18470.00,918
2026-01-12 14:43:00,18470.00,18479.75,18461.25,18474.00,205
2026-01-12 14:44:00,18474.00,18494.00,18463.75,18492.00,347
2026-01-12 14:45:00,18492.00,18511.00,18491.75,18506.00,1082
2026-01-12 14:46:00,18506.00,18509.50,18489.00,18489.75,237
2026-01-12 14:47:00,18489.75,18490.50,18475.75,18479.25,765
2026-01-12 14:48:00,18479.25,18496.25,18473.75,18493.25,1121
2026-01-12 14:49:00,18493.25,18498.50,18477.00,18481.75,256
2026-01-12 14:50:00,18481.75,18489.75,18480.00,18480.50,287
2026-01-12 14:51:00,18480.50,18487.75,18480.50,18480.75,783
2026-01-12 14:52:00,18480.75,18493.00,18477.25,18492.25,1385
2026-01-12 14:53:00,18492.25,18492.75,18488.25,18492.25,1255
2026-01-12 14:54:00,18492.25,18495.25,18477.50,18486.75,200
2026-01-12 14:55:00,18486.75,18500.00,18477.75,18497.00,987
2026-01-12 14:56:00,18497.00,18498.00,18480.75,18484.25,671
2026-01-12 14:57:00,18484.25,18493.00,18475.25,18491.25,450
2026-01-12 14:58:00,18491.25,18493.00,18477.00,18479.50,1240
2026-01-12 14:59:00,18479.50,18504.25,18473.50,18494.50,1257
2026-01-12 15:00:00,18494.50,18498.75,18486.00,18489.00,362
2026-01-12 15:01:00,18489.00,18493.25,18485.50,18485.75,1117
2026-01-12 15:02:00,18485.75,18493.50,18477.25,18480.25,1014
2026-01-12 15:03:00,18480.25,18493.75,18479.50,18492.25,1419
2026-01-12 15:04:00,18492.25,18495.75,18487.25,18494.25,1400
2026-01-12 15:05:00,18494.25,18497.00,18486.00,18487.25,1236
2026-01-12 15:06:00,18487.25,18496.75,18485.50,18496.25,462
2026-01-12 15:07:00,18496.25,18497.75,18476.00,18479.25,283
2026-01-12 15:08:00,18479.25,18493.25,18477.50,18492.75,914
2026-01-12 15:09:00,18492.75,18499.00,18477.50,18487.50,1470
2026-01-12 15:10:00,18487.50,18503.75,18486.75,18499.25,1156
2026-01-12 15:11:00,18499.25,18503.50,18481.50,18483.25,648
2026-01-12 15:12:00,18483.25,18486.75,18478.25,18481.25,751
2026-01-12 15:13:00,18481.25,18484.50,18474.00,18479.25,1078
2026-01-12 15:14:00,18479.25,18491.25,18478.25,18489.75,662
2026-01-12 15:15:00,18489.75,18491.00,18472.25,18480.75,351
2026-01-12 15:16:00,18480.75,18494.75,18479.00,18493.50,898
2026-01-12 15:17:00,18493.50,18501.00,18488.50,18493.00,797
2026-01-12 15:18:00,18493.00,18499.25,18493.00,18495.50,1049
2026-01-12 15:19:00,18495.50,18496.00,18490.50,18495.50,1472
2026-01-12 15:20:00,18495.50,18499.00,18482.00,18488.50,960
2026-01-12 15:21:00,18488.50,18496.50,18482.75,18495.25,677
2026-01-12 15:22:00,18495.25,18497.25,18481.00,18494.75,217
2026-01-12 15:23:00,18494.75,18495.75,18491.25,18492.25,623
2026-01-12 15:24:00,18492.25,18495.50,18478.25,18480.75,223
2026-01-12 15:25:00,18480.75,18494.50,18473.25,18487.50,352
2026-01-12 15:26:00,18487.50,18493.50,18485.25,18493.00,1250
2026-01-12 15:27:00,18493.00,18497.50,18462.50,18473.75,799
2026-01-12 15:28:00,18473.75,18477.00,18461.25,18476.50,1294
2026-01-12 15:29:00,18476.50,18484.00,18471.25,18482.25,608
2026-01-12 15:30:00,18482.25,18495.50,18479.00,18489.25,1148
2026-01-12 15:31:00,18489.25,18495.75,18483.50,18485.25,961
2026-01-12 15:32:00,18485.25,18487.50,18475.50,18476.25,328
2026-01-12 15:33:00,18476.25,18502.00,18471.25,18501.50,686
2026-01-12 15:34:00,18501.50,18503.50,18482.00,18485.75,1090
2026-01-12 15:35:00,18485.75,18497.75,18484.25,18490.75,530
2026-01-12 15:36:00,18490.75,18494.25,18487.75,18488.25,1468
2026-01-12 15:37:00,18488.25,18490.00,18459.50,18461.75,763
2026-01-12 15:38:00,18461.75,18492.50,18460.25,18487.25,1137
2026-01-12 15:39:00,18487.25,18496.25,18485.25,18495.25,1274
2026-01-12 15:40:00,18495.25,18500.00,18493.25,18494.75,1381
2026-01-12 15:41:00,18494.75,18499.25,18494.75,18497.00,1227
2026-01-12 15:42:00,18497.00,18500.25,18482.50,18484.75,1217
2026-01-12 15:43:00,18484.75,18487.00,18479.00,18480.25,219
2026-01-12 15:44:00,18480.25,18492.00,18476.00,18487.50,593
2026-01-12 15:45:00,18487.50,18503.75,18481.75,18499.50,1120
2026-01-12 15:46:00,18499.50,18501.25,18487.00,18490.50,359
2026-01-12 15:47:00,18490.50,18501.00,18486.75,18495.00,1185
2026-01-12 15:48:00,18495.00,18502.25,18478.00,18484.75,866
2026-01-12 15:49:00,18484.75,18490.50,18483.75,18489.00,772
2026-01-12 15:50:00,18489.00,18491.25,18479.50,18480.00,586
2026-01-12 15:51:00,18480.00,18487.50,18477.00,18479.25,490
2026-01-12 15:52:00,18479.25,18501.25,18473.75,18494.50,878
2026-01-12 15:53:00,18494.50,18494.75,18488.00,18488.00,1284
2026-01-12 15:54:00,18488.00,18501.50,18487.25,18498.00,1497
2026-01-12 15:55:00,18498.00,18500.75,18496.00,18498.75,1467
2026-01-12 15:56:00,18498.75,18505.25,18493.25,18500.50,271
2026-01-12 15:57:00,18500.50,18500.75,18478.00,18484.75,281
2026-01-12 15:58:00,18484.75,18495.00,18474.25,18493.75,284
2026-01-12 15:59:00,18493.75,18495.00,18480.00,18485.00,963
2026-01-13 08:00:00,18606.25,18613.75,18604.00,18606.25,1050
2026-01-13 08:01:00,18606.25,18611.75,18604.75,18608.25,1412
2026-01-13 08:02:00,18608.25,18613.00,18607.50,18612.50,654
2026-01-13 08:03:00,18612.50,18617.75,18604.75,18607.50,763
2026-01-13 08:04:00,18607.50,18611.00,18589.75,18595.75,510
2026-01-13 08:05:00,18595.75,18604.00,18594.00,18600.00,227
2026-01-13 08:06:00,18600.00,18605.75,18590.25,18593.50,1106
2026-01-13 08:07:00,18593.50,18620.25,18587.75,18618.25,1189
2026-01-13 08:08:00,18618.25,18621.25,18598.00,18600.50,986
2026-01-13 08:09:00,18600.50,18610.25,18593.75,18605.75,814
2026-01-13 08:10:00,18605.75,18615.00,18605.00,18610.50,321
2026-01-13 08:11:00,18610.50,18613.25,18605.00,18609.25,1331
2026-01-13 08:12:00,18609.25,18615.25,18608.00,18609.25,923
2026-01-13 08:13:00,18609.25,18614.00,18608.50,18611.00,690
2026-01-13 08:14:00,18611.00,18618.50,18600.50,18604.00,896
2026-01-13 08:15:00,18604.00,18608.00,18600.75,18607.75,1391
2026-01-13 08:16:00,18607.75,18612.00,18605.50,18610.50,727
2026-01-13 08:17:00,18610.50,18618.00,18605.75,18609.00,1330
2026-01-13 08:18:00,18609.00,18609.75,18601.75,18606.50,323
2026-01-13 08:19:00,18606.50,18610.50,18603.75,18604.00,611
2026-01-13 08:20:00,18604.00,18621.75,18601.75,18620.50,1051
2026-01-13 08:21:00,18620.50,18623.00,18606.50,18607.50,299
2026-01-13 08:22:00,18607.50,18611.00,18605.50,18610.50,716
2026-01-13 08:23:00,18610.50,18611.75,18599.75,18606.25,534
2026-01-13 08:24:00,18606.25,18610.00,18598.25,18602.50,1364
2026-01-13 08:25:00,18602.50,18618.50,18602.00,18616.25,376
2026-01-13 08:26:00,18616.25,18622.00,18604.50,18609.00,1275
2026-01-13 08:27:00,18609.00,18615.25,18608.50,18609.50,898
2026-01-13 08:28:00,18609.50,18610.25,18602.00,18607.25,1082
2026-01-13 08:29:00,18607.25,18609.50,18592.75,18601.25,265
2026-01-13 08:30:00,18601.25,18624.50,18598.25,18621.75,1422
2026-01-13 08:31:00,18621.75,18622.50,18605.75,18606.25,637
2026-01-13 08:32:00,18606.25,18608.50,18597.50,18602.00,464
2026-01-13 08:33:00,18602.00,18605.50,18601.00,18604.00,1125
2026-01-13 08:34:00,18604.00,18629.00,18602.00,18625.00,946
2026-01-13 08:35:00,18625.00,18627.00,18606.75,18607.00,347
2026-01-13 08:36:00,18607.00,18611.25,18603.50,18603.75,780
2026-01-13 08:37:00,18603.75,18618.75,18599.00,18617.75,414
2026-01-13 08:38:00,18617.75,18619.50,18608.75,18609.75,1418
2026-01-13 08:39:00,18609.75,18614.75,18604.75,18612.00,388
2026-01-13 08:40:00,18612.00,18616.25,18605.75,18609.00,1430
2026-01-13 08:41:00,18609.00,18613.50,18605.75,18608.75,882
2026-01-13 08:42:00,18608.75,18613.75,18607.75,18610.00,1388
2026-01-13 08:43:00,18610.00,18611.00,18604.00,18604.75,416
2026-01-13 08:44:00,18604.75,18612.00,18600.25,18610.50,346
2026-01-13 08:45:00,18610.50,18618.75,18605.00,18615.50,1414
2026-01-13 08:46:00,18615.50,18618.00,18601.25,18602.75,375
2026-01-13 08:47:00,18602.75,18616.75,18601.00,18612.50,1364
2026-01-13 08:48:00,18612.50,18617.00,18605.50,18606.75,1498
2026-01-13 08:49:00,18606.75,18608.00,18602.75,18604.75,1407
2026-01-13 08:50:00,18604.75,18616.00,18603.75,18615.75,215
2026-01-13 08:51:00,18615.75,18624.50,18615.75,18619.75,932
2026-01-13 08:52:00,18619.75,18625.25,18616.25,18617.00,623
2026-01-13 08:53:00,18617.00,18619.25,18607.25,18609.75,638
2026-01-13 08:54:00,18609.75,18610.25,18602.75,18604.00,703
2026-01-13 08:55:00,18604.00,18612.50,18603.50,18611.75,657
2026-01-13 08:56:00,18611.75,18614.00,18602.25,18605.25,1124
2026-01-13 08:57:00,18605.25,18611.00,18603.50,18611.00,1058
2026-01-13 08:58:00,18611.00,18625.75,18606.75,18616.50,1368
2026-01-13 08:59:00,18616.50,18616.75,18606.25,18607.25,781
2026-01-13 09:00:00,18607.25,18625.50,18606.00,18613.50,1122
2026-01-13 09:01:00,18613.50,18619.25,18613.00,18616.00,1428
2026-01-13 09:02:00,18616.00,18617.25,18600.25,18602.75,468
2026-01-13 09:03:00,18602.75,18614.00,18599.75,18606.00,396
2026-01-13 09:04:00,18606.00,18611.25,18604.75,18607.75,1267
2026-01-13 09:05:00,18607.75,18617.75,18603.00,18615.25,453
2026-01-13 09:06:00,18615.25,18617.00,18604.00,18604.50,259
2026-01-13 09:07:00,18604.50,18608.25,18597.25,18597.75,1278
2026-01-13 09:08:00,18597.75,18607.50,18594.75,18606.25,727
2026-01-13 09:09:00,18606.25,18612.25,18601.75,18610.75,663
2026-01-13 09:10:00,18610.75,18613.00,18601.75,18606.50,389
2026-01-13 09:11:00,18606.50,18618.25,18601.75,18617.00,556
2026-01-13 09:12:00,18617.00,18617.50,18606.50,18610.25,1492
2026-01-13 09:13:00,18610.25,18625.50,18609.75,18621.50,512
2026-01-13 09:14:00,18621.50,18622.00,18610.75,18611.00,716
2026-01-13 09:15:00,18611.00,18622.00,18604.75,18616.50,756
2026-01-13 09:16:00,18616.50,18621.00,18605.25,18606.50,228
2026-01-13 09:17:00,18606.50,18616.50,18605.25,18612.00,1205
2026-01-13 09:18:00,18612.00,18616.00,18611.25,18612.75,619
2026-01-13 09:19:00,18612.75,18615.00,18610.00,18614.50,867
2026-01-13 09:20:00,18614.50,18615.25,18600.75,18605.75,662
2026-01-13 09:21:00,18605.75,18608.75,18605.25,18606.50,1018
2026-01-13 09:22:00,18606.50,18626.25,18603.25,18622.75,261
2026-01-13 09:23:00,18622.75,18626.50,18601.50,18605.75,1351
2026-01-13 09:24:00,18604.25,18624.50,18597.50,18618.50,1287
2026-01-13 09:25:00,18618.50,18620.50,18608.50,18613.00,1270
2026-01-13 09:26:00,18613.00,18621.50,18610.75,18617.75,700
2026-01-13 09:27:00,18617.75,18640.50,18615.75,18629.50,860
2026-01-13 09:28:00,18629.50,18646.25,18622.00,18641.75,1091
2026-01-13 09:29:00,18641.75,18644.25,18636.00,18636.50,724
2026-01-13 09:30:00,18636.50,18637.00,18632.50,18633.75,984
2026-01-13 09:31:00,18633.75,18636.50,18629.50,18630.00,443
2026-01-13 09:32:00,18630.00,18631.25,18611.25,18611.75,1098
2026-01-13 09:33:00,18611.75,18614.25,18600.50,18601.50,243
2026-01-13 09:34:00,18601.50,18603.50,18598.75,18598.75,945
2026-01-13 09:35:00,18598.75,18603.25,18597.25,18602.25,1303
2026-01-13 09:36:00,18602.25,18602.25,18599.25,18601.50,1442
2026-01-13 09:37:00,18601.50,18602.00,18577.50,18578.00,355
2026-01-13 09:38:00,18578.00,18580.25,18565.75,18566.00,1051
2026-01-13 09:39:00,18566.00,18581.50,18561.00,18579.75,376
2026-01-13 09:40:00,18579.75,18590.50,18579.25,18590.25,304
2026-01-13 09:41:00,18590.25,18597.00,18586.50,18596.50,1313
2026-01-13 09:42:00,18596.50,18604.25,18592.50,18602.50,255
2026-01-13 09:43:00,18602.50,18628.75,18601.75,18627.50,502
2026-01-13 09:44:00,18627.50,18635.00,18625.25,18632.00,808
2026-01-13 09:45:00,18632.00,18635.50,18617.50,18618.25,1293
2026-01-13 09:46:00,18618.25,18622.00,18597.25,18612.25,1286
2026-01-13 09:47:00,18612.25,18621.25,18612.00,18619.50,626
2026-01-13 09:48:00,18619.50,18620.25,18600.00,18612.75,273
2026-01-13 09:49:00,18612.75,18621.50,18602.00,18602.25,1057
2026-01-13 09:50:00,18602.25,18604.00,18596.75,18602.75,859
2026-01-13 09:51:00,18602.75,18603.00,18588.75,18589.50,1182
2026-01-13 09:52:00,18589.50,18592.75,18570.25,18579.75,827
2026-01-13 09:53:00,18579.75,18587.25,18573.75,18580.00,910
2026-01-13 09:54:00,18580.00,18581.75,18560.75,18563.50,625
2026-01-13 09:55:00,18563.50,18566.50,18552.00,18555.50,387
2026-01-13 09:56:00,18555.50,18566.75,18555.00,18557.75,1218
2026-01-13 09:57:00,18557.75,18565.00,18545.25,18546.00,753
2026-01-13 09:58:00,18546.00,18563.25,18543.50,18554.25,952
2026-01-13 09:59:00,18554.25,18558.75,18534.75,18537.50,713
2026-01-13 10:00:00,18537.50,18557.50,18535.50,18546.00,1102
2026-01-13 10:01:00,18546.00,18550.25,18523.75,18527.00,1425
2026-01-13 10:02:00,18527.00,18531.00,18502.75,18516.00,757
2026-01-13 10:03:00,18516.00,18522.75,18483.25,18492.25,774
2026-01-13 10:04:00,18492.25,18492.50,18489.25,18491.25,244
2026-01-13 10:05:00,18491.25,18512.75,18488.75,18505.50,686
2026-01-13 10:06:00,18505.50,18508.25,18487.00,18492.50,566
2026-01-13 10:07:00,18492.50,18495.00,18483.00,18483.75,1187
2026-01-13 10:08:00,18483.75,18487.25,18456.25,18457.75,1190
2026-01-13 10:09:00,18457.75,18488.50,18457.00,18485.25,562
2026-01-13 10:10:00,18485.25,18497.00,18483.00,18494.75,1238
2026-01-13 10:11:00,18494.75,18498.00,18483.50,18486.25,818
2026-01-13 10:12:00,18486.25,18498.00,18483.75,18491.25,1199
2026-01-13 10:13:00,18491.25,18493.50,18472.50,18476.00,714
2026-01-13 10:14:00,18476.00,18480.75,18464.50,18469.75,1328
2026-01-13 10:15:00,18469.75,18499.25,18466.25,18495.25,619
2026-01-13 10:16:00,18495.25,18497.75,18483.00,18490.00,213
2026-01-13 10:17:00,18490.00,18498.25,18482.50,18484.00,904
2026-01-13 10:18:00,18484.00,18485.00,18474.75,18479.25,1025
2026-01-13 10:19:00,18479.25,18482.50,18478.00,18478.50,675
2026-01-13 10:20:00,18478.50,18493.00,18471.25,18492.25,1019
2026-01-13 10:21:00,18492.25,18498.25,18482.00,18482.50,216
2026-01-13 10:22:00,18482.50,18498.25,18474.50,18491.25,515
2026-01-13 10:23:00,18491.25,18495.25,18484.50,18485.00,1200
2026-01-13 10:24:00,18485.00,18488.00,18483.50,18485.75,970
2026-01-13 10:25:00,18485.75,18504.25,18477.50,18494.75,552
2026-01-13 10:26:00,18494.75,18498.25,18481.50,18487.75,1491
2026-01-13 10:27:00,18487.75,18492.50,18485.75,18492.50,885
2026-01-13 10:28:00,18492.50,18499.50,18482.75,18483.25,654
2026-01-13 10:29:00,18483.25,18487.00,18482.50,18486.50,1064
2026-01-13 10:30:00,18486.50,18493.75,18475.00,18479.50,770
2026-01-13 10:31:00,18479.50,18488.75,18475.00,18481.50,1011
2026-01-13 10:32:00,18481.50,18487.00,18477.50,18479.75,1288
2026-01-13 10:33:00,18479.75,18490.00,18475.00,18477.25,712
2026-01-13 10:34:00,18477.25,18477.25,18462.25,18464.75,440
2026-01-13 10:35:00,18464.75,18479.75,18464.50,18479.00,563
2026-01-13 10:36:00,18479.00,18494.00,18478.00,18486.00,922
2026-01-13 10:37:00,18486.00,18500.25,18482.00,18490.00,885
2026-01-13 10:38:00,18490.00,18496.00,18473.50,18483.25,1114
2026-01-13 10:39:00,18483.25,18496.50,18480.75,18492.50,786
2026-01-13 10:40:00,18492.50,18497.50,18480.00,18481.50,1431
2026-01-13 10:41:00,18481.50,18488.25,18473.00,18487.50,515
2026-01-13 10:42:00,18487.50,18493.50,18479.75,18489.50,372
2026-01-13 10:43:00,18489.50,18490.75,18469.50,18478.25,816
2026-01-13 10:44:00,18478.25,18482.00,18470.00,18479.50,565
2026-01-13 10:45:00,18479.50,18497.75,18476.25,18489.00,1329
2026-01-13 10:46:00,18489.00,18494.00,18482.50,18491.25,550
2026-01-13 10:47:00,18491.25,18496.75,18480.00,18481.50,981
2026-01-13 10:48:00,18481.50,18497.00,18479.00,18488.00,207
2026-01-13 10:49:00,18488.00,18497.25,18476.50,18479.00,878
2026-01-13 10:50:00,18479.00,18495.50,18475.50,18485.00,1440
2026-01-13 10:51:00,18485.00,18487.75,18463.75,18471.00,399
2026-01-13 10:52:00,18471.00,18507.25,18468.25,18505.50,918
2026-01-13 10:53:00,18505.50,18507.75,18484.75,18486.50,619
2026-01-13 10:54:00,18486.50,18493.00,18485.75,18492.50,252
2026-01-13 10:55:00,18492.50,18494.00,18478.00,18479.00,1162
2026-01-13 10:56:00,18479.00,18488.75,18476.25,18487.00,882
2026-01-13 10:57:00,18487.00,18492.25,18482.00,18487.00,500
2026-01-13 10:58:00,18487.00,18489.25,18473.25,18473.50,470
2026-01-13 10:59:00,18473.50,18490.25,18471.25,18488.00,598
2026-01-13 11:00:00,18488.00,18496.50,18486.00,18491.75,1384
2026-01-13 11:01:00,18491.75,18501.25,18481.75,18483.25,992
2026-01-13 11:02:00,18483.25,18483.50,18470.25,18477.75,372
2026-01-13 11:03:00,18477.75,18479.50,18474.25,18475.75,1403
2026-01-13 11:04:00,18475.75,18491.00,18471.50,18488.75,580
2026-01-13 11:05:00,18488.75,18489.00,18472.25,18476.50,1028
2026-01-13 11:06:00,18476.50,18488.75,18471.25,18487.50,654
2026-01-13 11:07:00,18487.50,18494.25,18462.75,18469.00,1299
2026-01-13 11:08:00,18469.00,18488.50,18467.75,18483.50,229
2026-01-13 11:09:00,18483.50,18487.00,18483.25,18484.25,282
2026-01-13 11:10:00,18484.25,18488.25,18470.00,18471.50,912
2026-01-13 11:11:00,18471.50,18487.75,18469.25,18486.00,758
2026-01-13 11:12:00,18486.00,18487.00,18485.25,18486.75,1219
2026-01-13 11:13:00,18486.75,18494.25,18464.50,18471.50,688
2026-01-13 11:14:00,18471.50,18493.50,18468.50,18491.50,1154
2026-01-13 11:15:00,18491.50,18497.00,18482.00,18483.25,635
2026-01-13 11:16:00,18483.25,18487.00,18477.00,18481.75,1345
2026-01-13 11:17:00,18481.75,18492.50,18480.50,18487.50,1398
2026-01-13 11:18:00,18487.50,18488.50,18478.00,18483.00,446
2026-01-13 11:19:00,18483.00,18502.00,18482.25,18495.50,1223
2026-01-13 11:20:00,18495.50,18499.00,18475.50,18476.50,1407
2026-01-13 11:21:00,18476.50,18485.50,18472.25,18480.75,1257
2026-01-13 11:22:00,18480.75,18481.75,18472.75,18473.00,541
2026-01-13 11:23:00,18473.00,18489.75,18459.00,18484.50,860
2026-01-13 11:24:00,18484.50,18494.75,18482.75,18489.75,1369
2026-01-13 11:25:00,18489.75,18494.25,18478.00,18482.75,846
2026-01-13 11:26:00,18482.75,18484.00,18473.00,18478.00,916
2026-01-13 11:27:00,18478.00,18483.25,18475.25,18480.50,993
2026-01-13 11:28:00,18480.50,18487.00,18477.00,18477.25,708
2026-01-13 11:29:00,18477.25,18489.25,18472.00,18482.25,438
2026-01-13 11:30:00,18482.25,18492.50,18481.00,18483.25,1071
2026-01-13 11:31:00,18483.25,18487.75,18467.75,18475.75,1375
2026-01-13 11:32:00,18475.75,18495.75,18475.50,18495.50,1226
2026-01-13 11:33:00,18495.50,18499.00,18483.25,18486.25,1215
2026-01-13 11:34:00,18486.25,18490.75,18472.00,18483.50,882
2026-01-13 11:35:00,18483.50,18488.25,18476.25,18485.75,843
2026-01-13 11:36:00,18485.75,18485.75,18476.25,18480.50,885
2026-01-13 11:37:00,18480.50,18484.00,18476.00,18477.00,897
2026-01-13 11:38:00,18477.00,18479.00,18473.00,18476.50,1169
2026-01-13 11:39:00,18476.50,18506.00,18473.00,18503.00,780
2026-01-13 11:40:00,18503.00,18509.25,18477.00,18478.50,1387
2026-01-13 11:41:00,18478.50,18495.50,18477.25,18485.75,651
2026-01-13 11:42:00,18485.75,18488.50,18473.00,18474.25,553
2026-01-13 11:43:00,18474.25,18482.50,18468.00,18477.25,800
2026-01-13 11:44:00,18477.25,18477.75,18469.75,18473.25,354
2026-01-13 11:45:00,18473.25,18501.25,18468.75,18501.00,528
2026-01-13 11:46:00,18501.00,18502.50,18489.50,18495.50,1243
2026-01-13 11:47:00,18495.50,18503.50,18479.50,18480.50,971
2026-01-13 11:48:00,18480.50,18485.00,18480.00,18484.25,434
2026-01-13 11:49:00,18484.25,18485.00,18474.25,18476.75,592
2026-01-13 11:50:00,18476.75,18495.00,18476.25,18490.50,270
2026-01-13 11:51:00,18490.50,18494.25,18487.75,18494.00,1461
2026-01-13 11:52:00,18494.00,18500.25,18484.50,18485.50,1425
2026-01-13 11:53:00,18485.50,18486.75,18474.00,18479.75,1439
2026-01-13 11:54:00,18479.75,18487.00,18475.25,18484.50,1275
2026-01-13 11:55:00,18484.50,18490.75,18469.75,18474.50,667
2026-01-13 11:56:00,18474.50,18493.00,18473.75,18487.50,724
2026-01-13 11:57:00,18487.50,18495.00,18482.75,18494.75,1380
2026-01-13 11:58:00,18494.75,18496.25,18454.00,18459.25,744
2026-01-13 11:59:00,18459.25,18485.00,18454.75,18483.75,1421
2026-01-13 12:00:00,18483.75,18489.75,18479.00,18484.00,1005
2026-01-13 12:01:00,18484.00,18487.00,18482.25,18484.50,1081
2026-01-13 12:02:00,18484.50,18490.50,18475.00,18478.00,735
2026-01-13 12:03:00,18478.00,18484.25,18472.75,18479.50,504
2026-01-13 12:04:00,18479.50,18490.25,18473.25,18482.00,1316
2026-01-13 12:05:00,18482.00,18487.75,18476.50,18486.50,419
2026-01-13 12:06:00,18486.50,18491.50,18468.00,18468.25,1305
2026-01-13 12:07:00,18468.25,18487.25,18464.75,18486.75,592
2026-01-13 12:08:00,18486.75,18489.00,18472.50,18476.75,801
2026-01-13 12:09:00,18476.75,18492.50,18473.50,18492.25,428
2026-01-13 12:10:00,18492.25,18494.75,18484.75,18485.00,781
2026-01-13 12:11:00,18485.00,18491.50,18467.75,18476.25,729
2026-01-13 12:12:00,18476.25,18486.75,18465.00,18486.00,1292
2026-01-13 12:13:00,18486.00,18487.25,18475.50,18481.00,1429
2026-01-13 12:14:00,18481.00,18489.75,18472.25,18478.00,242
2026-01-13 12:15:00,18478.00,18482.75,18461.25,18473.00,957
2026-01-13 12:16:00,18473.00,18483.75,18473.00,18479.75,526
2026-01-13 12:17:00,18479.75,18482.75,18470.50,18474.25,1108
2026-01-13 12:18:00,18474.25,18481.75,18474.00,18480.00,818
2026-01-13 12:19:00,18480.00,18481.00,18476.00,18480.00,367
2026-01-13 12:20:00,18480.00,18482.50,18471.50,18473.75,613
2026-01-13 12:21:00,18473.75,18485.25,18462.25,18478.25,252
2026-01-13 12:22:00,18478.25,18492.25,18477.75,18489.75,416
2026-01-13 12:23:00,18489.75,18499.75,18460.50,18465.50,217
2026-01-13 12:24:00,18465.50,18482.25,18464.75,18482.00,1315
2026-01-13 12:25:00,18482.00,18490.25,18473.50,18485.00,1471
2026-01-13 12:26:00,18485.00,18488.25,18482.75,18484.50,668
2026-01-13 12:27:00,18484.50,18487.00,18465.50,18469.75,223
2026-01-13 12:28:00,18469.75,18483.50,18466.25,18482.25,1279
2026-01-13 12:29:00,18482.25,18483.50,18481.75,18482.50,429
2026-01-13 12:30:00,18482.50,18484.00,18451.25,18454.00,979
2026-01-13 12:31:00,18454.00,18473.25,18453.00,18471.00,657
2026-01-13 12:32:00,18471.00,18471.75,18462.50,18462.50,1055
2026-01-13 12:33:00,18462.50,18479.75,18456.25,18476.00,1413
2026-01-13 12:34:00,18476.00,18487.50,18473.25,18482.25,239
2026-01-13 12:35:00,18482.25,18483.00,18467.25,18471.50,1188
2026-01-13 12:36:00,18471.50,18487.50,18468.00,18481.50,765
2026-01-13 12:37:00,18481.50,18487.25,18473.50,18484.75,434
2026-01-13 12:38:00,18484.75,18486.50,18458.25,18468.25,309
2026-01-13 12:39:00,18468.25,18480.50,18462.00,18473.50,794
2026-01-13 12:40:00,18473.50,18500.75,18470.75,18494.75,1452
2026-01-13 12:41:00,18494.75,18499.50,18482.25,18484.00,357
2026-01-13 12:42:00,18484.00,18488.25,18468.25,18472.00,1129
2026-01-13 12:43:00,18472.00,18494.00,18468.50,18488.75,1398
2026-01-13 12:44:00,18488.75,18502.75,18483.75,18491.75,916
2026-01-13 12:45:00,18491.75,18493.00,18472.75,18481.50,772
2026-01-13 12:46:00,18481.50,18483.25,18463.50,18470.00,599
2026-01-13 12:47:00,18470.00,18488.50,18464.75,18485.25,1261
2026-01-13 12:48:00,18485.25,18489.25,18484.75,18488.75,944
2026-01-13 12:49:00,18488.75,18490.50,18472.75,18477.00,650
2026-01-13 12:50:00,18477.00,18503.50,18473.25,18500.75,1259
2026-01-13 12:51:00,18500.75,18508.00,18485.75,18491.00,731
2026-01-13 12:52:00,18491.00,18506.25,18476.00,18480.00,446
2026-01-13 12:53:00,18480.00,18485.00,18477.75,18479.75,1196
2026-01-13 12:54:00,18479.75,18488.25,18479.00,18484.50,946
2026-01-13 12:55:00,18484.50,18488.25,18483.50,18483.75,546
2026-01-13 12:56:00,18483.75,18484.25,18466.25,18471.00,422
2026-01-13 12:57:00,18471.00,18478.25,18470.00,18478.00,1329
2026-01-13 12:58:00,18478.00,18488.25,18474.50,18486.75,1091
2026-01-13 12:59:00,18486.75,18488.75,18465.00,18465.75,658
2026-01-13 13:00:00,18465.75,18470.25,18451.75,18469.25,472
2026-01-13 13:01:00,18469.25,18490.75,18463.50,18483.75,937
2026-01-13 13:02:00,18483.75,18486.75,18468.50,18475.00,411
2026-01-13 13:03:00,18475.00,18481.75,18471.25,18481.50,688
2026-01-13 13:04:00,18481.50,18487.25,18468.00,18468.00,524
2026-01-13 13:05:00,18468.00,18480.00,18466.50,18473.75,611
2026-01-13 13:06:00,18473.75,18480.25,18471.75,18479.50,507
2026-01-13 13:07:00,18479.50,18490.75,18478.00,18488.50,967
2026-01-13 13:08:00,18488.50,18490.25,18463.50,18469.25,441
2026-01-13 13:09:00,18469.25,18483.00,18466.25,18482.00,557
2026-01-13 13:10:00,18482.00,18491.75,18473.00,18473.75,1119
2026-01-13 13:11:00,18473.75,18487.50,18472.50,18486.75,617
2026-01-13 13:12:00,18486.75,18490.25,18468.00,18470.25,712
2026-01-13 13:13:00,18470.25,18479.00,18469.00,18478.25,401
2026-01-13 13:14:00,18478.25,18496.75,18475.75,18484.75,1459
2026-01-13 13:15:00,18484.75,18492.50,18480.50,18489.75,571
2026-01-13 13:16:00,18489.75,18490.50,18477.25,18477.25,307
2026-01-13 13:17:00,18477.25,18481.50,18475.50,18479.75,785
2026-01-13 13:18:00,18479.75,18481.75,18472.75,18476.50,277
2026-01-13 13:19:00,18476.50,18478.00,18470.00,18472.00,1493
2026-01-13 13:20:00,18472.00,18482.75,18469.00,18477.50,813
2026-01-13 13:21:00,18477.50,18486.50,18473.25,18482.75,1297
2026-01-13 13:22:00,18482.75,18485.25,18473.50,18477.00,1160
2026-01-13 13:23:00,18477.00,18500.75,18473.50,18495.75,824
2026-01-13 13:24:00,18495.75,18499.75,18474.75,18477.00,1223
2026-01-13 13:25:00,18477.00,18478.50,18468.25,18476.00,972
2026-01-13 13:26:00,18476.00,18476.50,18471.75,18473.25,1187
2026-01-13 13:27:00,18473.25,18494.00,18465.00,18488.50,1351
2026-01-13 13:28:00,18488.50,18489.75,18477.50,18485.25,1264
2026-01-13 13:29:00,18485.25,18489.00,18464.25,18475.50,267
2026-01-13 13:30:00,18475.50,18478.25,18474.75,18475.00,1326
2026-01-13 13:31:00,18475.00,18481.50,18474.75,18478.25,559
2026-01-13 13:32:00,18478.25,18481.00,18465.25,18465.25,656
2026-01-13 13:33:00,18465.25,18487.25,18461.00,18481.50,444
2026-01-13 13:34:00,18481.50,18483.25,18478.75,18478.75,741
2026-01-13 13:35:00,18478.75,18478.75,18464.00,18468.50,1391
2026-01-13 13:36:00,18468.50,18483.75,18464.25,18481.25,234
2026-01-13 13:37:00,18481.25,18482.50,18473.50,18476.50,1498
2026-01-13 13:38:00,18476.50,18479.00,18473.50,18477.00,307
2026-01-13 13:39:00,18477.00,18478.50,18472.00,18473.50,852
2026-01-13 13:40:00,18473.50,18485.50,18472.50,18479.50,1018
2026-01-13 13:41:00,18479.50,18483.00,18475.50,18482.75,412
2026-01-13 13:42:00,18482.75,18485.25,18456.50,18458.50,913
2026-01-13 13:43:00,18458.50,18494.75,18450.25,18493.75,593
2026-01-13 13:44:00,18493.75,18496.25,18478.75,18483.75,1090
2026-01-13 13:45:00,18483.75,18491.25,18481.00,18485.00,1146
2026-01-13 13:46:00,18485.00,18496.50,18479.25,18479.75,560
2026-01-13 13:47:00,18479.75,18485.50,18470.50,18474.50,710
2026-01-13 13:48:00,18474.50,18479.25,18466.25,18471.50,1328
2026-01-13 13:49:00,18471.50,18478.25,18467.00,18476.75,521
2026-01-13 13:50:00,18476.75,18495.75,18474.25,18491.00,227
2026-01-13 13:51:00,18491.00,18491.75,18476.75,18479.75,1421
2026-01-13 13:52:00,18479.75,18480.50,18459.50,18469.00,1219
2026-01-13 13:53:00,18469.00,18488.00,18467.75,18487.75,1024
2026-01-13 13:54:00,18487.75,18488.75,18466.50,18471.75,645
2026-01-13 13:55:00,18471.75,18477.00,18469.50,18472.25,558
2026-01-13 13:56:00,18472.25,18483.25,18464.50,18483.25,543
2026-01-13 13:57:00,18483.25,18485.25,18476.75,18481.75,382
2026-01-13 13:58:00,18481.75,18484.50,18469.50,18471.50,920
2026-01-13 13:59:00,18471.50,18479.00,18469.00,18474.50,666
2026-01-13 14:00:00,18474.50,18479.00,18467.00,18475.50,1446
2026-01-13 14:01:00,18475.50,18484.75,18475.25,18475.75,1388
2026-01-13 14:02:00,18475.75,18478.75,18466.00,18470.00,1287
2026-01-13 14:03:00,18470.00,18497.50,18465.50,18487.00,387
2026-01-13 14:04:00,18487.00,18495.50,18478.25,18491.25,1004
2026-01-13 14:05:00,18491.25,18497.50,18476.25,18481.00,664
2026-01-13 14:06:00,18481.00,18483.00,18471.50,18473.50,1203
2026-01-13 14:07:00,18473.50,18479.25,18463.25,18466.75,1414
2026-01-13 14:08:00,18466.75,18495.00,18459.50,18488.25,716
2026-01-13 14:09:00,18488.25,18493.50,18480.50,18484.50,279
2026-01-13 14:10:00,18484.50,18490.25,18465.50,18467.50,1157
2026-01-13 14:11:00,18467.50,18481.00,18464.00,18477.00,235
2026-01-13 14:12:00,18477.00,18480.25,18465.75,18466.75,1232
2026-01-13 14:13:00,18466.75,18483.50,18464.50,18476.50,424
2026-01-13 14:14:00,18476.50,18478.00,18471.75,18472.50,1330
2026-01-13 14:15:00,18472.50,18499.25,18464.50,18494.00,1365
2026-01-13 14:16:00,18494.00,18495.25,18473.75,18476.25,842
2026-01-13 14:17:00,18476.25,18500.50,18473.25,18496.25,1301
2026-01-13 14:18:00,18496.25,18502.25,18475.25,18478.75,708
2026-01-13 14:19:00,18478.75,18489.50,18473.50,18486.25,463
2026-01-13 14:20:00,18486.25,18490.00,18481.25,18481.25,754
2026-01-13 14:21:00,18481.25,18481.75,18463.00,18471.75,1200
2026-01-13 14:22:00,18471.75,18472.25,18465.25,18469.50,1197
2026-01-13 14:23:00,18469.50,18472.50,18466.75,18469.75,487
2026-01-13 14:24:00,18469.75,18484.75,18468.75,18480.75,731
2026-01-13 14:25:00,18480.75,18484.00,18461.25,18464.25,748
2026-01-13 14:26:00,18464.25,18481.00,18459.50,18476.25,1497
2026-01-13 14:27:00,18476.25,18477.50,18465.00,18469.75,720
2026-01-13 14:28:00,18469.75,18482.50,18466.50,18477.50,629
2026-01-13 14:29:00,18477.50,18497.00,18473.75,18487.50,1408
2026-01-13 14:30:00,18487.50,18489.75,18461.75,18462.50,759
2026-01-13 14:31:00,18462.50,18469.25,18454.75,18466.50,359
2026-01-13 14:32:00,18466.50,18481.75,18458.25,18479.00,379
2026-01-13 14:33:00,18479.00,18483.00,18468.50,18470.25,1481
2026-01-13 14:34:00,18470.25,18479.25,18465.25,18470.75,399
2026-01-13 14:35:00,18470.75,18483.25,18467.50,18477.50,1420
2026-01-13 14:36:00,18477.50,18479.00,18459.50,18464.50,1274
2026-01-13 14:37:00,18464.50,18476.50,18461.25,18472.75,1271
2026-01-13 14:38:00,18472.75,18485.75,18470.25,18477.75,1014
2026-01-13 14:39:00,18477.75,18483.75,18476.25,18479.00,530
2026-01-13 14:40:00,18479.00,18479.25,18461.25,18462.50,1486
2026-01-13 14:41:00,18462.50,18485.50,18458.75,18478.00,702
2026-01-13 14:42:00,18478.00,18493.50,18476.00,18492.25,487
2026-01-13 14:43:00,18492.25,18493.50,18456.00,18463.75,420
2026-01-13 14:44:00,18463.75,18475.50,18462.50,18474.50,234
2026-01-13 14:45:00,18474.50,18478.25,18466.75,18467.00,1221
2026-01-13 14:46:00,18467.00,18476.00,18465.75,18475.00,1033
2026-01-13 14:47:00,18475.00,18498.25,18472.00,18494.25,283
2026-01-13 14:48:00,18494.25,18496.00,18483.25,18485.25,313
2026-01-13 14:49:00,18485.25,18487.50,18475.25,18479.00,1123
2026-01-13 14:50:00,18479.00,18479.50,18474.25,18475.00,1324
2026-01-13 14:51:00,18475.00,18482.75,18469.50,18469.75,988
2026-01-13 14:52:00,18469.75,18478.00,18460.75,18466.75,808
2026-01-13 14:53:00,18466.75,18468.50,18458.50,18465.75,690
2026-01-13 14:54:00,18465.75,18474.75,18465.00,18468.50,1211
2026-01-13 14:55:00,18468.50,18474.25,18463.25,18473.25,486
2026-01-13 14:56:00,18473.25,18482.25,18472.50,18474.75,321
2026-01-13 14:57:00,18474.75,18486.50,18467.00,18481.75,1410
2026-01-13 14:58:00,18481.75,18482.00,18468.25,18470.50,325
2026-01-13 14:59:00,18470.50,18480.00,18469.75,18477.00,1425
2026-01-13 15:00:00,18477.00,18485.25,18471.00,18483.25,746
2026-01-13 15:01:00,18483.25,18485.00,18475.75,18480.00,412
2026-01-13 15:02:00,18480.00,18485.50,18467.75,18470.75,1151
2026-01-13 15:03:00,18470.75,18496.00,18470.00,18493.25,1026
2026-01-13 15:04:00,18493.25,18497.50,18469.25,18473.75,1234
2026-01-13 15:05:00,18473.75,18475.25,18456.75,18462.00,310
2026-01-13 15:06:00,18462.00,18480.00,18456.75,18478.25,986
2026-01-13 15:07:00,18478.25,18482.25,18455.25,18457.75,345
2026-01-13 15:08:00,18457.75,18491.75,18456.75,18485.00,848
2026-01-13 15:09:00,18485.00,18488.00,18453.50,18458.50,1074
2026-01-13 15:10:00,18458.50,18467.25,18457.00,18467.00,485
2026-01-13 15:11:00,18467.00,18470.00,18464.50,18467.50,643
2026-01-13 15:12:00,18467.50,18474.50,18462.25,18469.25,1153
2026-01-13 15:13:00,18469.25,18478.25,18463.00,18465.75,1043
2026-01-13 15:14:00,18465.75,18478.75,18461.75,18476.50,1085
2026-01-13 15:15:00,18476.50,18482.25,18463.25,18468.50,1052
2026-01-13 15:16:00,18468.50,18474.00,18464.75,18473.25,557
2026-01-13 15:17:00,18473.25,18483.25,18472.00,18476.25,942
2026-01-13 15:18:00,18476.25,18486.25,18475.50,18481.50,937
2026-01-13 15:19:00,18481.50,18483.25,18476.25,18477.25,1118
2026-01-13 15:20:00,18477.25,18482.50,18475.00,18475.50,991
2026-01-13 15:21:00,18475.50,18477.25,18472.00,18475.25,1078
2026-01-13 15:22:00,18475.25,18483.00,18464.00,18465.25,243
2026-01-13 15:23:00,18465.25,18474.50,18459.50,18472.50,1173
2026-01-13 15:24:00,18472.50,18476.25,18460.50,18461.25,1296
2026-01-13 15:25:00,18461.25,18479.50,18454.75,18476.25,432
2026-01-13 15:26:00,18476.25,18477.00,18447.75,18451.25,277
2026-01-13 15:27:00,18451.25,18478.75,18450.00,18473.25,637
2026-01-13 15:28:00,18473.25,18478.00,18460.50,18465.25,388
2026-01-13 15:29:00,18465.25,18489.50,18463.00,18489.25,1441
2026-01-13 15:30:00,18489.25,18492.00,18482.50,18483.50,895
2026-01-13 15:31:00,18483.50,18486.00,18464.75,18469.50,1429
2026-01-13 15:32:00,18469.50,18476.00,18449.75,18459.75,719
2026-01-13 15:33:00,18459.75,18480.00,18458.00,18472.50,1455
2026-01-13 15:34:00,18472.50,18481.25,18457.00,18457.50,614
2026-01-13 15:35:00,18457.50,18475.25,18457.25,18474.25,1423
2026-01-13 15:36:00,18474.25,18485.50,18474.25,18484.75,946
2026-01-13 15:37:00,18484.75,18489.25,18478.50,18483.75,815
2026-01-13 15:38:00,18483.75,18485.25,18477.75,18480.25,410
2026-01-13 15:39:00,18480.25,18481.50,18473.00,18480.25,605
2026-01-13 15:40:00,18480.25,18486.00,18453.25,18456.00,1122
2026-01-13 15:41:00,18456.00,18471.75,18455.00,18470.25,203
2026-01-13 15:42:00,18470.25,18475.50,18463.50,18474.50,437
2026-01-13 15:43:00,18474.50,18483.50,18471.00,18483.00,397
2026-01-13 15:44:00,18483.00,18494.50,18479.00,18486.25,695
2026-01-13 15:45:00,18486.25,18499.75,18459.50,18466.00,588
2026-01-13 15:46:00,18466.00,18467.50,18459.00,18460.00,296
2026-01-13 15:47:00,18460.00,18474.50,18457.25,18470.75,298
2026-01-13 15:48:00,18470.75,18477.00,18463.25,18476.75,375
2026-01-13 15:49:00,18476.75,18489.50,18475.25,18485.50,977
2026-01-13 15:50:00,18485.50,18486.75,18453.50,18459.50,755
2026-01-13 15:51:00,18459.50,18475.25,18451.00,18470.25,1127
2026-01-13 15:52:00,18470.25,18472.00,18469.25,18471.75,1463
2026-01-13 15:53:00,18471.75,18482.25,18468.25,18473.50,1007
2026-01-13 15:54:00,18473.50,18479.25,18462.50,18466.00,302
2026-01-13 15:55:00,18466.00,18472.25,18465.75,18470.25,1335
2026-01-13 15:56:00,18470.25,18490.00,18466.75,18483.75,884
2026-01-13 15:57:00,18483.75,18489.00,18458.25,18466.25,1309
2026-01-13 15:58:00,18466.25,18490.75,18459.25,18482.00,217
2026-01-13 15:59:00,18482.00,18486.00,18452.50,18455.25,312
2026-01-14 08:00:00,18546.75,18548.50,18541.75,18545.25,1099
2026-01-14 08:01:00,18545.25,18548.25,18542.75,18544.50,1365
2026-01-14 08:02:00,18544.50,18559.75,18543.25,18555.00,648
2026-01-14 08:03:00,18555.00,18555.75,18541.00,18544.50,805
2026-01-14 08:04:00,18544.50,18551.50,18541.75,18546.00,1334
2026-01-14 08:05:00,18546.00,18556.50,18541.00,18554.50,676
2026-01-14 08:06:00,18554.50,18557.75,18540.75,18546.75,1371
2026-01-14 08:07:00,18546.75,18549.75,18546.50,18547.50,1007
2026-01-14 08:08:00,18547.50,18554.50,18546.50,18554.50,856
2026-01-14 08:09:00,18554.50,18556.75,18537.25,18544.25,475
2026-01-14 08:10:00,18544.25,18551.25,18541.75,18548.00,965
2026-01-14 08:11:00,18548.00,18560.00,18542.00,18551.75,1167
2026-01-14 08:12:00,18551.75,18555.00,18540.25,18541.75,487
2026-01-14 08:13:00,18541.75,18555.25,18537.75,18554.00,804
2026-01-14 08:14:00,18554.00,18563.50,18552.75,18560.00,1494
2026-01-14 08:15:00,18560.00,18560.50,18530.25,18536.00,1312
2026-01-14 08:16:00,18536.00,18551.50,18533.00,18548.75,491
2026-01-14 08:17:00,18548.75,18550.25,18544.25,18548.75,1500
2026-01-14 08:18:00,18548.75,18550.75,18544.00,18546.25,850
2026-01-14 08:19:00,18546.25,18551.75,18545.00,18545.50,1376
2026-01-14 08:20:00,18545.50,18550.00,18544.25,18549.50,679
2026-01-14 08:21:00,18549.50,18557.00,18545.50,18553.50,1291
2026-01-14 08:22:00,18553.50,18562.75,18549.75,18554.50,1174
2026-01-14 08:23:00,18554.50,18556.75,18547.75,18548.25,1080
2026-01-14 08:24:00,18548.25,18550.75,18543.50,18550.25,263
2026-01-14 08:25:00,18550.25,18553.75,18549.50,18552.75,873
2026-01-14 08:26:00,18552.75,18555.00,18544.25,18548.00,969
2026-01-14 08:27:00,18548.00,18556.75,18539.75,18544.00,266
2026-01-14 08:28:00,18544.00,18557.25,18541.75,18553.50,641
2026-01-14 08:29:00,18553.50,18560.00,18547.00,18552.00,1166
2026-01-14 08:30:00,18552.00,18554.25,18537.25,18542.00,809
2026-01-14 08:31:00,18542.00,18546.25,18542.00,18544.50,1459
2026-01-14 08:32:00,18544.50,18547.75,18536.75,18546.50,1258
2026-01-14 08:33:00,18546.50,18560.50,18542.50,18551.00,584
2026-01-14 08:34:00,18551.00,18555.00,18544.00,18544.25,1434
2026-01-14 08:35:00,18544.25,18546.75,18541.75,18543.25,1046
2026-01-14 08:36:00,18543.25,18558.75,18542.50,18554.50,605
2026-01-14 08:37:00,18554.50,18564.25,18540.75,18542.50,1139
2026-01-14 08:38:00,18542.50,18556.75,18540.00,18550.25,850
2026-01-14 08:39:00,18550.25,18553.75,18545.00,18545.25,366
2026-01-14 08:40:00,18545.25,18552.25,18544.75,18550.00,593
2026-01-14 08:41:00,18550.00,18551.50,18534.00,18535.75,364
2026-01-14 08:42:00,18535.75,18551.00,18532.75,18550.00,226
2026-01-14 08:43:00,18550.00,18551.25,18543.75,18545.50,1429
2026-01-14 08:44:00,18545.50,18560.25,18545.50,18558.25,867
2026-01-14 08:45:00,18558.25,18562.00,18544.00,18547.25,230
2026-01-14 08:46:00,18547.25,18555.25,18542.75,18549.50,321
2026-01-14 08:47:00,18549.50,18558.50,18548.75,18553.50,1103
2026-01-14 08:48:00,18553.50,18561.75,18553.25,18559.50,685
2026-01-14 08:49:00,18559.50,18564.75,18538.25,18541.00,634
2026-01-14 08:50:00,18541.00,18550.00,18535.50,18545.50,1428
2026-01-14 08:51:00,18545.50,18558.25,18542.50,18551.25,252
2026-01-14 08:52:00,18551.25,18559.25,18549.00,18555.25,615
2026-01-14 08:53:00,18555.25,18560.25,18554.25,18557.75,817
2026-01-14 08:54:00,18557.75,18558.75,18542.50,18548.00,1121
2026-01-14 08:55:00,18548.00,18548.50,18541.50,18542.75,1203
2026-01-14 08:56:00,18542.75,18544.75,18542.00,18543.75,484
2026-01-14 08:57:00,18543.75,18547.75,18542.25,18546.25,526
2026-01-14 08:58:00,18546.25,18555.00,18546.00,18554.25,583
2026-01-14 08:59:00,18554.25,18561.25,18551.00,18559.00,1057
2026-01-14 09:00:00,18559.00,18565.00,18547.50,18550.50,557
2026-01-14 09:01:00,18550.50,18557.75,18546.75,18556.75,745
2026-01-14 09:02:00,18556.75,18558.25,18541.50,18544.50,1422
2026-01-14 09:03:00,18544.50,18564.75,18543.00,18561.25,1067
2026-01-14 09:04:00,18561.25,18561.50,18536.75,18542.25,498
2026-01-14 09:05:00,18542.25,18545.25,18530.25,18539.00,1487
2026-01-14 09:06:00,18539.00,18549.25,18537.50,18548.25,596
2026-01-14 09:07:00,18548.25,18552.25,18535.50,18541.75,668
2026-01-14 09:08:00,18541.75,18558.50,18540.75,18557.25,578
2026-01-14 09:09:00,18557.25,18561.50,18540.00,18540.25,941
2026-01-14 09:10:00,18540.25,18556.00,18540.25,18548.75,255
2026-01-14 09:11:00,18548.75,18556.25,18547.00,18549.25,1076
2026-01-14 09:12:00,18549.25,18553.00,18548.50,18549.50,456
2026-01-14 09:13:00,18549.50,18563.00,18546.25,18561.25,268
2026-01-14 09:14:00,18561.25,18563.50,18555.00,18558.50,382
2026-01-14 09:15:00,18558.50,18559.00,18554.25,18558.75,1339
2026-01-14 09:16:00,18558.75,18563.75,18554.25,18556.75,784
2026-01-14 09:17:00,18556.75,18564.25,18547.75,18551.50,1461
2026-01-14 09:18:00,18551.50,18555.50,18539.75,18540.50,1398
2026-01-14 09:19:00,18540.50,18548.00,18539.00,18546.50,810
2026-01-14 09:20:00,18546.50,18552.00,18545.00,18550.50,1186
2026-01-14 09:21:00,18550.50,18552.00,18543.00,18549.25,656
2026-01-14 09:22:00,18549.25,18553.75,18543.50,18550.50,952
2026-01-14 09:23:00,18550.50,18555.50,18547.75,18553.00,1356
2026-01-14 09:24:00,18561.25,18563.25,18554.25,18557.25,239
2026-01-14 09:25:00,18557.25,18571.50,18555.50,18567.25,829
2026-01-14 09:26:00,18567.25,18575.75,18557.50,18559.00,1167
2026-01-14 09:27:00,18559.00,18579.50,18553.50,18574.25,486
2026-01-14 09:28:00,18574.25,18579.25,18558.00,18559.00,963
2026-01-14 09:29:00,18559.00,18559.50,18553.50,18553.75,1393
2026-01-14 09:30:00,18553.75,18554.75,18545.75,18546.50,820
2026-01-14 09:31:00,18546.50,18546.50,18544.75,18545.00,498
2026-01-14 09:32:00,18545.00,18548.00,18530.50,18530.75,354
2026-01-14 09:33:00,18530.75,18531.50,18522.25,18523.00,856
2026-01-14 09:34:00,18523.00,18523.50,18507.50,18510.00,1461
2026-01-14 09:35:00,18510.00,18510.25,18508.75,18509.75,911
2026-01-14 09:36:00,18509.75,18514.50,18509.25,18513.50,1072
2026-01-14 09:37:00,18513.50,18514.50,18503.25,18503.75,1413
2026-01-14 09:38:00,18503.75,18505.25,18493.00,18493.75,1324
2026-01-14 09:39:00,18493.75,18506.75,18492.25,18505.00,582
2026-01-14 09:40:00,18505.00,18529.50,18504.25,18525.75,370
2026-01-14 09:41:00,18525.75,18532.25,18519.50,18529.25,1499
2026-01-14 09:42:00,18529.25,18544.00,18526.25,18542.75,295
2026-01-14 09:43:00,18542.75,18557.25,18540.25,18554.75,942
2026-01-14 09:44:00,18554.75,18560.75,18554.50,18558.00,655
2026-01-14 09:45:00,18558.00,18560.00,18541.75,18542.50,1005
2026-01-14 09:46:00,18542.50,18549.25,18527.25,18531.75,1121
2026-01-14 09:47:00,18531.75,18534.50,18516.75,18522.00,431
2026-01-14 09:48:00,18522.00,18558.25,18521.25,18544.75,1213
2026-01-14 09:49:00,18544.75,18552.50,18524.00,18524.25,702
2026-01-14 09:50:00,18524.25,18526.75,18505.75,18510.50,818
2026-01-14 09:51:00,18510.50,18513.50,18486.00,18502.50,1254
2026-01-14 09:52:00,18502.50,18510.50,18494.75,18508.25,287
2026-01-14 09:53:00,18508.25,18515.75,18499.75,18512.25,954
2026-01-14 09:54:00,18512.25,18516.00,18485.25,18491.50,999
2026-01-14 09:55:00,18491.50,18502.75,18468.50,18472.75,316
2026-01-14 09:56:00,18472.75,18478.50,18466.75,18470.75,718
2026-01-14 09:57:00,18470.75,18482.00,18461.00,18466.50,346
2026-01-14 09:58:00,18466.50,18468.25,18451.25,18454.00,992
2026-01-14 09:59:00,18454.00,18454.50,18440.25,18445.50,694
2026-01-14 10:00:00,18445.50,18457.00,18437.50,18456.50,885
2026-01-14 10:01:00,18456.50,18463.25,18429.00,18435.25,735
2026-01-14 10:02:00,18435.25,18436.25,18430.75,18431.50,1055
2026-01-14 10:03:00,18431.50,18438.25,18410.75,18418.00,879
2026-01-14 10:04:00,18418.00,18450.25,18412.00,18442.00,1311
2026-01-14 10:05:00,18442.00,18446.25,18419.50,18421.25,1047
2026-01-14 10:06:00,18421.25,18434.50,18412.25,18427.75,1103
2026-01-14 10:07:00,18427.75,18440.00,18401.50,18403.50,731
2026-01-14 10:08:00,18403.50,18406.00,18383.75,18388.00,1057
2026-01-14 10:09:00,18388.00,18397.00,18385.00,18391.75,1240
2026-01-14 10:10:00,18391.75,18397.50,18391.75,18393.75,335
2026-01-14 10:11:00,18393.75,18396.00,18378.50,18386.75,1068
2026-01-14 10:12:00,18386.75,18389.25,18384.25,18385.25,383
2026-01-14 10:13:00,18385.25,18397.00,18384.50,18385.75,1165
2026-01-14 10:14:00,18385.75,18401.00,18385.25,18400.00,1155
2026-01-14 10:15:00,18400.00,18416.75,18398.50,18414.00,1418
2026-01-14 10:16:00,18414.00,18420.00,18378.50,18394.75,895
2026-01-14 10:17:00,18394.75,18400.00,18386.00,18387.00,235
2026-01-14 10:18:00,18387.00,18396.50,18376.50,18396.25,1271
2026-01-14 10:19:00,18396.25,18406.75,18395.50,18404.00,984
2026-01-14 10:20:00,18404.00,18404.50,18386.50,18390.25,905
2026-01-14 10:21:00,18390.25,18395.75,18385.25,18395.00,520
2026-01-14 10:22:00,18395.00,18395.50,18389.25,18391.50,483
2026-01-14 10:23:00,18391.50,18394.50,18365.75,18379.75,984
2026-01-14 10:24:00,18379.75,18382.00,18374.75,18379.50,926
2026-01-14 10:25:00,18379.50,18407.25,18378.50,18399.50,835
2026-01-14 10:26:00,18399.50,18408.50,18399.50,18404.25,1250
2026-01-14 10:27:00,18404.25,18406.25,18388.50,18390.25,771
2026-01-14 10:28:00,18390.25,18412.25,18387.75,18401.50,737
2026-01-14 10:29:00,18401.50,18408.25,18391.00,18400.25,820
2026-01-14 10:30:00,18400.25,18407.25,18379.00,18379.25,304
2026-01-14 10:31:00,18379.25,18411.00,18377.00,18410.00,1131
2026-01-14 10:32:00,18410.00,18420.00,18392.25,18398.50,448
2026-01-14 10:33:00,18398.50,18405.25,18395.50,18404.50,1268
2026-01-14 10:34:00,18404.50,18409.75,18396.75,18403.25,1003
2026-01-14 10:35:00,18403.25,18405.00,18397.75,18398.00,549
2026-01-14 10:36:00,18398.00,18401.50,18391.50,18395.25,1044
2026-01-14 10:37:00,18395.25,18415.75,18393.50,18408.25,284
2026-01-14 10:38:00,18408.25,18410.25,18398.50,18400.50,449
2026-01-14 10:39:00,18400.50,18409.00,18365.00,18379.00,664
2026-01-14 10:40:00,18379.00,18400.50,18375.00,18398.00,1234
2026-01-14 10:41:00,18398.00,18401.00,18393.00,18400.00,473
2026-01-14 10:42:00,18400.00,18401.50,18375.75,18380.25,1499
2026-01-14 10:43:00,18380.25,18404.00,18377.75,18396.25,624
2026-01-14 10:44:00,18396.25,18397.75,18386.00,18387.00,621
2026-01-14 10:45:00,18387.00,18391.25,18386.25,18389.50,1473
2026-01-14 10:46:00,18389.50,18391.00,18365.00,18367.25,909
2026-01-14 10:47:00,18367.25,18394.75,18363.75,18387.75,753
2026-01-14 10:48:00,18387.75,18393.75,18386.75,18387.25,1254
2026-01-14 10:49:00,18387.25,18395.75,18385.25,18393.25,361
2026-01-14 10:50:00,18393.25,18403.00,18392.00,18401.25,1038
2026-01-14 10:51:00,18401.25,18409.25,18387.00,18389.25,1058
2026-01-14 10:52:00,18389.25,18399.25,18385.75,18398.50,834
2026-01-14 10:53:00,18398.50,18400.00,18388.00,18390.00,991
2026-01-14 10:54:00,18390.00,18396.00,18382.75,18390.00,252
2026-01-14 10:55:00,18390.00,18395.25,18369.50,18374.75,1276
2026-01-14 10:56:00,18374.75,18385.00,18370.00,18383.25,245
2026-01-14 10:57:00,18383.25,18405.00,18380.00,18398.25,650
2026-01-14 10:58:00,18398.25,18398.25,18390.75,18391.75,301
2026-01-14 10:59:00,18391.75,18399.00,18387.25,18395.00,667
2026-01-14 11:00:00,18395.00,18402.25,18383.25,18391.00,1114
2026-01-14 11:01:00,18391.00,18400.50,18387.25,18393.50,790
2026-01-14 11:02:00,18393.50,18395.50,18382.25,18384.25,334
2026-01-14 11:03:00,18384.25,18395.25,18372.75,18393.25,366
2026-01-14 11:04:00,18393.25,18401.25,18377.50,18380.25,997
2026-01-14 11:05:00,18380.25,18389.50,18371.50,18387.75,1143
2026-01-14 11:06:00,18387.75,18388.25,18382.50,18387.75,754
2026-01-14 11:07:00,18387.75,18398.50,18386.00,18396.75,324
2026-01-14 11:08:00,18396.75,18400.50,18372.75,18376.25,1198
2026-01-14 11:09:00,18376.25,18405.00,18375.50,18393.75,1408
2026-01-14 11:10:00,18393.75,18395.75,18388.25,18391.25,1270
2026-01-14 11:11:00,18391.25,18401.00,18388.25,18397.75,653
2026-01-14 11:12:00,18397.75,18401.75,18376.00,18383.50,822
2026-01-14 11:13:00,18383.50,18406.75,18383.25,18401.00,628
2026-01-14 11:14:00,18401.00,18409.75,18389.25,18390.50,1060
2026-01-14 11:15:00,18390.50,18401.50,18383.50,18385.00,656
2026-01-14 11:16:00,18385.00,18395.75,18381.25,18393.75,932
2026-01-14 11:17:00,18393.75,18395.00,18392.75,18393.25,1430
2026-01-14 11:18:00,18393.25,18407.75,18390.75,18403.75,685
2026-01-14 11:19:00,18403.75,18406.00,18382.75,18388.50,653
2026-01-14 11:20:00,18388.50,18408.50,18385.00,18393.25,592
2026-01-14 11:21:00,18393.25,18398.50,18381.00,18385.25,1030
2026-01-14 11:22:00,18385.25,18391.00,18384.50,18390.25,320
2026-01-14 11:23:00,18390.25,18412.25,18389.25,18403.50,201
2026-01-14 11:24:00,18403.50,18403.75,18385.00,18390.25,1411
2026-01-14 11:25:00,18390.25,18402.00,18388.25,18398.75,226
2026-01-14 11:26:00,18398.75,18405.00,18384.75,18392.00,1015
2026-01-14 11:27:00,18392.00,18400.75,18389.75,18395.25,273
2026-01-14 11:28:00,18395.25,18399.50,18387.00,18387.75,1225
2026-01-14 11:29:00,18387.75,18390.00,18384.00,18384.25,1057
2026-01-14 11:30:00,18384.25,18388.25,18382.50,18387.25,869
2026-01-14 11:31:00,18387.25,18397.75,18383.75,18397.25,906
2026-01-14 11:32:00,18397.25,18400.50,18392.75,18394.25,1474
2026-01-14 11:33:00,18394.25,18396.75,18391.00,18392.75,386
2026-01-14 11:34:00,18392.75,18396.50,18386.75,18394.00,956
2026-01-14 11:35:00,18394.00,18399.00,18392.25,18396.00,1333
2026-01-14 11:36:00,18396.00,18398.00,18373.25,18375.25,1045
2026-01-14 11:37:00,18375.25,18397.75,18374.00,18394.75,271
2026-01-14 11:38:00,18394.75,18395.75,18384.25,18388.50,1221
2026-01-14 11:39:00,18388.50,18393.00,18388.25,18391.00,498
2026-01-14 11:40:00,18391.00,18404.75,18388.50,18402.50,1192
2026-01-14 11:41:00,18402.50,18405.50,18396.25,18400.50,1087
2026-01-14 11:42:00,18400.50,18405.25,18381.25,18386.25,1499
2026-01-14 11:43:00,18386.25,18394.25,18385.50,18389.75,1461
2026-01-14 11:44:00,18389.75,18393.25,18385.50,18391.00,1280
2026-01-14 11:45:00,18391.00,18394.00,18383.75,18390.25,1307
2026-01-14 11:46:00,18390.25,18394.00,18385.25,18394.00,822
2026-01-14 11:47:00,18394.00,18394.50,18382.50,18385.00,1107
2026-01-14 11:48:00,18385.00,18389.25,18369.25,18371.50,509
2026-01-14 11:49:00,18371.50,18388.75,18369.25,18384.75,1478
2026-01-14 11:50:00,18384.75,18388.00,18377.00,18382.25,1433
2026-01-14 11:51:00,18382.25,18386.25,18379.25,18382.00,1441
2026-01-14 11:52:00,18382.00,18394.75,18381.75,18390.50,763
2026-01-14 11:53:00,18390.50,18392.50,18389.75,18391.25,1217
2026-01-14 11:54:00,18391.25,18399.00,18386.25,18386.50,982
2026-01-14 11:55:00,18386.50,18411.25,18385.75,18404.75,419
2026-01-14 11:56:00,18404.75,18413.75,18380.25,18391.75,355
2026-01-14 11:57:00,18391.75,18397.25,18376.50,18381.50,1061
2026-01-14 11:58:00,18381.50,18393.50,18379.00,18389.75,1302
2026-01-14 11:59:00,18389.75,18392.50,18373.50,18381.50,1145
2026-01-14 12:00:00,18381.50,18386.25,18379.75,18383.50,759
2026-01-14 12:01:00,18383.50,18394.00,18382.00,18388.25,713
2026-01-14 12:02:00,18388.25,18405.00,18387.75,18397.50,301
2026-01-14 12:03:00,18397.50,18398.25,18392.50,18393.75,503
2026-01-14 12:04:00,18393.75,18397.25,18377.50,18385.25,1230
2026-01-14 12:05:00,18385.25,18406.50,18376.50,18393.75,943
2026-01-14 12:06:00,18393.75,18397.25,18382.75,18387.00,455
2026-01-14 12:07:00,18387.00,18391.00,18377.75,18384.25,1477
2026-01-14 12:08:00,18384.25,18385.50,18370.75,18377.50,389
2026-01-14 12:09:00,18377.50,18401.25,18371.25,18399.25,1227
2026-01-14 12:10:00,18399.25,18399.50,18387.50,18388.75,707
2026-01-14 12:11:00,18388.75,18417.25,18385.25,18413.25,313
2026-01-14 12:12:00,18413.25,18417.75,18383.00,18387.25,812
2026-01-14 12:13:00,18387.25,18391.50,18383.75,18391.50,951
2026-01-14 12:14:00,18391.50,18402.50,18391.25,18396.75,1178
2026-01-14 12:15:00,18396.75,18406.25,18396.25,18404.25,1268
2026-01-14 12:16:00,18404.25,18408.00,18387.50,18390.50,648
2026-01-14 12:17:00,18390.50,18400.50,18388.75,18392.50,966
2026-01-14 12:18:00,18392.50,18394.50,18372.25,18379.25,1456
2026-01-14 12:19:00,18379.25,18386.25,18368.00,18385.50,722
2026-01-14 12:20:00,18385.50,18396.50,18375.00,18393.50,1063
2026-01-14 12:21:00,18393.50,18401.25,18385.75,18390.75,1350
2026-01-14 12:22:00,18390.75,18393.75,18385.75,18391.50,1051
2026-01-14 12:23:00,18391.50,18398.50,18365.25,18380.25,386
2026-01-14 12:24:00,18380.25,18389.00,18372.00,18388.25,1058
2026-01-14 12:25:00,18388.25,18404.00,18384.75,18401.50,1217
2026-01-14 12:26:00,18401.50,18409.00,18385.50,18392.25,314
2026-01-14 12:27:00,18392.25,18398.00,18391.50,18396.50,779
2026-01-14 12:28:00,18396.50,18399.75,18390.50,18394.00,419
2026-01-14 12:29:00,18394.00,18398.00,18388.50,18391.00,406
2026-01-14 12:30:00,18391.00,18404.00,18387.75,18403.50,714
2026-01-14 12:31:00,18403.50,18412.25,18384.75,18392.50,430
2026-01-14 12:32:00,18392.50,18397.50,18386.00,18387.25,990
2026-01-14 12:33:00,18387.25,18387.25,18378.00,18379.00,919
2026-01-14 12:34:00,18379.00,18400.75,18372.50,18398.25,1355
2026-01-14 12:35:00,18398.25,18399.75,18387.00,18389.25,579
2026-01-14 12:36:00,18389.25,18390.25,18371.50,18375.75,1255
2026-01-14 12:37:00,18375.75,18384.50,18368.50,18380.00,282
2026-01-14 12:38:00,18380.00,18386.50,18375.50,18383.00,264
2026-01-14 12:39:00,18383.00,18396.25,18380.75,18389.25,1339
2026-01-14 12:40:00,18389.25,18399.25,18386.00,18395.75,1198
2026-01-14 12:41:00,18395.75,18398.00,18368.00,18373.25,281
2026-01-14 12:42:00,18373.25,18405.50,18361.50,18397.50,1425
2026-01-14 12:43:00,18397.50,18402.50,18381.50,18382.50,796
2026-01-14 12:44:00,18382.50,18396.00,18379.50,18394.00,1244
2026-01-14 12:45:00,18394.00,18398.75,18393.25,18397.50,1291
2026-01-14 12:46:00,18397.50,18401.25,18380.75,18385.75,386
2026-01-14 12:47:00,18385.75,18388.75,18380.50,18384.50,529
2026-01-14 12:48:00,18384.50,18391.25,18383.50,18384.00,285
2026-01-14 12:49:00,18384.00,18393.00,18376.75,18387.25,568
2026-01-14 12:50:00,18387.25,18387.25,18383.00,18385.25,886
2026-01-14 12:51:00,18385.25,18393.50,18375.25,18390.75,244
2026-01-14 12:52:00,18390.75,18392.00,18386.50,18389.50,1029
2026-01-14 12:53:00,18389.50,18405.75,18385.25,18405.00,1379
2026-01-14 12:54:00,18405.00,18405.75,18367.00,18379.00,1023
2026-01-14 12:55:00,18379.00,18407.25,18376.50,18402.50,553
2026-01-14 12:56:00,18402.50,18410.00,18379.00,18379.75,1426
2026-01-14 12:57:00,18379.75,18388.25,18375.00,18388.00,1027
2026-01-14 12:58:00,18388.00,18400.50,18383.00,18399.00,385
2026-01-14 12:59:00,18399.00,18404.50,18390.00,18396.50,1012
2026-01-14 13:00:00,18396.50,18399.75,18377.00,18378.50,318
2026-01-14 13:01:00,18378.50,18395.50,18371.50,18394.50,1269
2026-01-14 13:02:00,18394.50,18399.25,18387.25,18388.00,604
2026-01-14 13:03:00,18388.00,18392.00,18376.00,18382.50,794
2026-01-14 13:04:00,18382.50,18398.25,18379.50,18396.75,870
2026-01-14 13:05:00,18396.75,18402.25,18386.50,18391.25,1027
2026-01-14 13:06:00,18391.25,18403.00,18384.50,18394.00,637
2026-01-14 13:07:00,18394.00,18394.25,18385.75,18387.00,232
2026-01-14 13:08:00,18387.00,18393.25,18386.50,18389.00,1215
2026-01-14 13:09:00,18389.00,18390.25,18386.25,18388.25,778
2026-01-14 13:10:00,18388.25,18392.75,18374.50,18378.50,380
2026-01-14 13:11:00,18378.50,18391.75,18374.00,18389.00,480
2026-01-14 13:12:00,18389.00,18391.25,18387.00,18388.00,1288
2026-01-14 13:13:00,18388.00,18389.25,18384.00,18386.25,961
2026-01-14 13:14:00,18386.25,18396.00,18386.25,18389.25,1443
2026-01-14 13:15:00,18389.25,18392.50,18378.00,18386.25,327
2026-01-14 13:16:00,18386.25,18397.75,18372.75,18396.00,397
2026-01-14 13:17:00,18396.00,18398.00,18382.25,18383.50,542
2026-01-14 13:18:00,18383.50,18396.00,18381.75,18393.00,497
2026-01-14 13:19:00,18393.00,18399.75,18384.50,18388.50,1166
2026-01-14 13:20:00,18388.50,18389.00,18383.00,18383.25,452
2026-01-14 13:21:00,18383.25,18393.00,18381.75,18386.25,349
2026-01-14 13:22:00,18386.25,18389.75,18382.00,18384.75,1152
2026-01-14 13:23:00,18384.75,18398.50,18374.50,18398.50,986
2026-01-14 13:24:00,18398.50,18403.50,18383.50,18383.75,1372
2026-01-14 13:25:00,18383.75,18390.75,18383.50,18387.25,890
2026-01-14 13:26:00,18387.25,18397.25,18374.50,18375.50,1428
2026-01-14 13:27:00,18375.50,18379.75,18373.25,18378.00,680
2026-01-14 13:28:00,18378.00,18387.75,18372.75,18386.00,1448
2026-01-14 13:29:00,18386.00,18387.00,18374.00,18378.00,961
2026-01-14 13:30:00,18378.00,18389.50,18373.50,18389.00,1332
2026-01-14 13:31:00,18389.00,18393.50,18385.75,18393.00,548
2026-01-14 13:32:00,18393.00,18394.00,18384.00,18391.50,1247
2026-01-14 13:33:00,18391.50,18408.50,18389.75,18402.25,570
2026-01-14 13:34:00,18402.25,18402.25,18391.50,18392.75,824
2026-01-14 13:35:00,18392.75,18393.50,18369.25,18373.75,1410
2026-01-14 13:36:00,18373.75,18398.50,18371.00,18398.25,1371
2026-01-14 13:37:00,18398.25,18401.75,18389.50,18394.25,891
2026-01-14 13:38:00,18394.25,18400.50,18365.50,18371.75,289
2026-01-14 13:39:00,18371.75,18385.00,18371.50,18380.50,831
2026-01-14 13:40:00,18380.50,18403.00,18367.00,18397.00,233
2026-01-14 13:41:00,18397.00,18399.00,18394.25,18395.50,1014
2026-01-14 13:42:00,18395.50,18410.50,18395.50,18405.50,441
2026-01-14 13:43:00,18405.50,18408.25,18384.50,18384.50,1215
2026-01-14 13:44:00,18384.50,18388.50,18382.50,18387.00,699
2026-01-14 13:45:00,18387.00,18388.50,18386.00,18387.00,385
2026-01-14 13:46:00,18387.00,18391.50,18368.00,18373.75,702
2026-01-14 13:47:00,18373.75,18377.00,18368.25,18376.75,735
2026-01-14 13:48:00,18376.75,18389.75,18373.75,18380.00,1125
2026-01-14 13:49:00,18380.00,18398.50,18374.25,18390.75,656
2026-01-14 13:50:00,18390.75,18393.25,18382.50,18383.00,536
2026-01-14 13:51:00,18383.00,18392.00,18377.50,18381.00,271
2026-01-14 13:52:00,18381.00,18398.75,18373.75,18394.00,1243
2026-01-14 13:53:00,18394.00,18395.50,18382.50,18387.25,735
2026-01-14 13:54:00,18387.25,18399.75,18386.50,18392.50,230
2026-01-14 13:55:00,18392.50,18393.00,18384.50,18392.75,1223
2026-01-14 13:56:00,18392.75,18400.00,18387.25,18398.50,240
2026-01-14 13:57:00,18398.50,18399.25,18392.75,18398.00,635
2026-01-14 13:58:00,18398.00,18398.00,18387.50,18396.75,780
2026-01-14 13:59:00,18396.75,18401.25,18385.00,18386.00,1453
2026-01-14 14:00:00,18386.00,18394.75,18381.75,18394.00,336
2026-01-14 14:01:00,18394.00,18395.75,18386.00,18395.50,617
2026-01-14 14:02:00,18395.50,18395.50,18386.50,18390.25,565
2026-01-14 14:03:00,18390.25,18395.25,18363.00,18373.00,526
2026-01-14 14:04:00,18373.00,18398.00,18371.25,18395.75,1432
2026-01-14 14:05:00,18395.75,18398.25,18380.00,18382.25,748
2026-01-14 14:06:00,18382.25,18386.00,18376.25,18379.25,856
2026-01-14 14:07:00,18379.25,18389.00,18376.00,18382.50,448
2026-01-14 14:08:00,18382.50,18385.25,18381.50,18383.75,635
2026-01-14 14:09:00,18383.75,18401.75,18378.50,18395.00,959
2026-01-14 14:10:00,18395.00,18402.50,18376.50,18380.50,1497
2026-01-14 14:11:00,18380.50,18383.75,18374.00,18380.00,960
2026-01-14 14:12:00,18380.00,18384.50,18372.25,18383.75,1162
2026-01-14 14:13:00,18383.75,18388.50,18382.50,18388.00,721
2026-01-14 14:14:00,18388.00,18389.75,18377.75,18384.00,573
2026-01-14 14:15:00,18384.00,18387.50,18376.25,18378.00,1103
2026-01-14 14:16:00,18378.00,18395.50,18366.00,18392.50,964
2026-01-14 14:17:00,18392.50,18400.25,18384.75,18387.25,1299
2026-01-14 14:18:00,18387.25,18391.50,18378.50,18386.25,704
2026-01-14 14:19:00,18386.25,18392.25,18378.00,18380.50,649
2026-01-14 14:20:00,18380.50,18385.50,18377.50,18384.00,437
2026-01-14 14:21:00,18384.00,18389.75,18379.25,18389.00,1001
2026-01-14 14:22:00,18389.00,18392.00,18374.25,18379.50,589
2026-01-14 14:23:00,18379.50,18383.00,18373.25,18375.50,784
2026-01-14 14:24:00,18375.50,18392.50,18372.75,18389.50,1085
2026-01-14 14:25:00,18389.50,18392.75,18367.25,18369.25,1036
2026-01-14 14:26:00,18369.25,18388.75,18365.00,18384.50,1205
2026-01-14 14:27:00,18384.50,18390.75,18376.50,18380.75,958
2026-01-14 14:28:00,18380.75,18398.25,18373.50,18392.00,1434
2026-01-14 14:29:00,18392.00,18398.25,18388.25,18391.00,899
2026-01-14 14:30:00,18391.00,18392.25,18370.50,18383.00,351
2026-01-14 14:31:00,18383.00,18391.00,18375.50,18387.50,250
2026-01-14 14:32:00,18387.50,18388.50,18385.00,18385.75,1097
2026-01-14 14:33:00,18385.75,18400.75,18384.75,18394.75,654
2026-01-14 14:34:00,18394.75,18395.00,18373.75,18375.00,502
2026-01-14 14:35:00,18375.00,18387.25,18374.00,18378.00,666
2026-01-14 14:36:00,18378.00,18383.75,18375.50,18382.00,688
2026-01-14 14:37:00,18382.00,18389.75,18378.75,18388.75,1287
2026-01-14 14:38:00,18388.75,18390.50,18373.00,18380.00,1095
2026-01-14 14:39:00,18380.00,18388.75,18375.00,18386.00,1102
2026-01-14 14:40:00,18386.00,18392.25,18384.25,18387.00,807
2026-01-14 14:41:00,18387.00,18398.75,18381.00,18390.75,836
2026-01-14 14:42:00,18390.75,18406.00,18382.00,18387.25,1061
2026-01-14 14:43:00,18387.25,18391.50,18369.75,18371.50,620
2026-01-14 14:44:00,18371.50,18395.00,18362.25,18390.75,1352
2026-01-14 14:45:00,18390.75,18394.00,18379.00,18381.00,298
2026-01-14 14:46:00,18381.00,18387.25,18379.00,18385.75,583
2026-01-14 14:47:00,18385.75,18389.25,18381.25,18382.25,315
2026-01-14 14:48:00,18382.25,18392.00,18366.25,18374.50,1465
2026-01-14 14:49:00,18374.50,18398.50,18371.75,18396.00,1324
2026-01-14 14:50:00,18396.00,18398.00,18369.00,18382.00,864
2026-01-14 14:51:00,18382.00,18412.50,18380.25,18410.75,654
2026-01-14 14:52:00,18410.75,18411.00,18385.75,18392.50,1449
2026-01-14 14:53:00,18392.50,18393.75,18387.00,18389.00,561
2026-01-14 14:54:00,18389.00,18392.75,18377.75,18379.50,288
2026-01-14 14:55:00,18379.50,18409.50,18376.75,18399.75,258
2026-01-14 14:56:00,18399.75,18407.25,18396.00,18398.50,1249
2026-01-14 14:57:00,18398.50,18399.00,18383.25,18384.50,1056
2026-01-14 14:58:00,18384.50,18404.50,18380.25,18401.25,969
2026-01-14 14:59:00,18401.25,18402.25,18374.75,18376.25,1400
2026-01-14 15:00:00,18376.25,18379.50,18372.75,18376.50,726
2026-01-14 15:01:00,18376.50,18393.25,18368.50,18389.50,1264
2026-01-14 15:02:00,18389.50,18393.75,18386.50,18391.75,706
2026-01-14 15:03:00,18391.75,18394.50,18374.50,18379.75,573
2026-01-14 15:04:00,18379.75,18379.75,18373.50,18377.00,1161
2026-01-14 15:05:00,18377.00,18390.75,18374.00,18390.50,576
2026-01-14 15:06:00,18390.50,18393.00,18388.75,18389.00,1226
2026-01-14 15:07:00,18389.00,18402.75,18384.75,18401.25,734
2026-01-14 15:08:00,18401.25,18403.75,18377.75,18381.50,204
2026-01-14 15:09:00,18381.50,18384.00,18376.00,18379.25,790
2026-01-14 15:10:00,18379.25,18405.25,18373.50,18393.75,979
2026-01-14 15:11:00,18393.75,18395.75,18387.00,18387.50,1094
2026-01-14 15:12:00,18387.50,18394.75,18381.75,18383.75,1319
2026-01-14 15:13:00,18383.75,18408.75,18383.25,18406.50,970
2026-01-14 15:14:00,18406.50,18407.00,18378.25,18384.50,1386
2026-01-14 15:15:00,18384.50,18392.50,18381.00,18387.75,982
2026-01-14 15:16:00,18387.75,18391.00,18376.00,18380.75,214
2026-01-14 15:17:00,18380.75,18401.00,18367.75,18384.75,416
2026-01-14 15:18:00,18384.75,18387.50,18361.25,18369.25,741
2026-01-14 15:19:00,18369.25,18375.50,18367.25,18373.00,574
2026-01-14 15:20:00,18373.00,18386.50,18364.00,18384.50,1129
2026-01-14 15:21:00,18384.50,18418.75,18380.25,18408.00,790
2026-01-14 15:22:00,18408.00,18415.75,18388.75,18390.25,736
2026-01-14 15:23:00,18390.25,18400.00,18387.50,18397.75,1475
2026-01-14 15:24:00,18397.75,18401.50,18374.00,18379.25,583
2026-01-14 15:25:00,18379.25,18381.75,18370.50,18376.75,528
2026-01-14 15:26:00,18376.75,18385.75,18373.50,18383.75,1446
2026-01-14 15:27:00,18383.75,18384.50,18374.00,18375.25,509
2026-01-14 15:28:00,18375.25,18377.75,18372.50,18377.25,693
2026-01-14 15:29:00,18377.25,18392.00,18375.50,18380.50,583
2026-01-14 15:30:00,18380.50,18383.00,18376.75,18378.50,887
2026-01-14 15:31:00,18378.50,18395.25,18372.25,18393.00,674
2026-01-14 15:32:00,18393.00,18397.75,18373.00,18376.00,942
2026-01-14 15:33:00,18376.00,18381.25,18365.75,18376.50,714
2026-01-14 15:34:00,18376.50,18387.75,18374.00,18378.25,1490
2026-01-14 15:35:00,18378.25,18400.25,18374.75,18388.75,878
2026-01-14 15:36:00,18388.75,18394.00,18364.50,18372.00,1077
2026-01-14 15:37:00,18372.00,18391.75,18360.75,18388.00,655
2026-01-14 15:38:00,18388.00,18393.50,18386.25,18392.00,1179
2026-01-14 15:39:00,18392.00,18404.75,18387.50,18394.75,897
2026-01-14 15:40:00,18394.75,18402.50,18389.50,18391.50,1005
2026-01-14 15:41:00,18391.50,18393.50,18383.75,18393.00,215
2026-01-14 15:42:00,18393.00,18395.00,18370.00,18379.25,556
2026-01-14 15:43:00,18379.25,18385.50,18376.50,18383.50,1332
2026-01-14 15:44:00,18383.50,18394.00,18376.75,18381.25,710
2026-01-14 15:45:00,18381.25,18397.00,18373.75,18390.50,1250
2026-01-14 15:46:00,18390.50,18397.00,18381.25,18388.25,1219
2026-01-14 15:47:00,18388.25,18394.00,18379.25,18380.25,1460
2026-01-14 15:48:00,18380.25,18387.75,18372.25,18382.00,880
2026-01-14 15:49:00,18382.00,18391.00,18378.50,18380.25,1320
2026-01-14 15:50:00,18380.25,18380.75,18372.00,18374.00,848
2026-01-14 15:51:00,18374.00,18389.00,18373.25,18376.25,341
2026-01-14 15:52:00,18376.25,18378.75,18375.00,18377.25,353
2026-01-14 15:53:00,18377.25,18413.75,18369.25,18408.25,1189
2026-01-14 15:54:00,18408.25,18411.75,18377.75,18381.75,1384
2026-01-14 15:55:00,18381.75,18387.50,18381.25,18383.25,1341
2026-01-14 15:56:00,18383.25,18385.00,18377.50,18380.25,204
2026-01-14 15:57:00,18380.25,18385.25,18358.50,18362.75,596
2026-01-14 15:58:00,18362.75,18389.50,18360.00,18385.25,878
2026-01-14 15:59:00,18385.25,18389.50,18381.50,18387.00,1142
2026-01-15 08:00:00,18440.75,18444.75,18434.25,18435.75,699
2026-01-15 08:01:00,18435.75,18448.00,18435.00,18446.25,953
2026-01-15 08:02:00,18446.25,18448.75,18442.00,18444.00,942
2026-01-15 08:03:00,18444.00,18444.50,18432.00,18437.00,835
2026-01-15 08:04:00,18437.00,18437.25,18425.25,18429.75,863
2026-01-15 08:05:00,18429.75,18442.50,18427.75,18441.00,1032
2026-01-15 08:06:00,18441.00,18448.75,18437.75,18439.25,576
2026-01-15 08:07:00,18439.25,18439.75,18419.50,18425.75,518
2026-01-15 08:08:00,18425.75,18452.00,18421.25,18446.50,912
2026-01-15 08:09:00,18446.50,18451.00,18431.50,18433.00,1217
2026-01-15 08:10:00,18433.00,18447.75,18430.75,18445.00,1288
2026-01-15 08:11:00,18445.00,18453.75,18443.25,18451.75,756
2026-01-15 08:12:00,18451.75,18452.25,18438.25,18439.75,1135
2026-01-15 08:13:00,18439.75,18444.50,18426.25,18426.50,217
2026-01-15 08:14:00,18426.50,18437.00,18425.50,18431.25,444
2026-01-15 08:15:00,18431.25,18448.25,18428.25,18448.25,449
2026-01-15 08:16:00,18448.25,18453.25,18436.25,18440.75,459
2026-01-15 08:17:00,18440.75,18452.75,18436.25,18448.00,1236
2026-01-15 08:18:00,18448.00,18450.25,18436.25,18441.00,383
2026-01-15 08:19:00,18441.00,18445.25,18437.75,18444.50,1117
2026-01-15 08:20:00,18444.50,18452.75,18434.75,18437.25,353
2026-01-15 08:21:00,18437.25,18446.00,18437.25,18445.50,876
2026-01-15 08:22:00,18445.50,18448.75,18431.25,18432.50,1302
2026-01-15 08:23:00,18432.50,18449.50,18431.00,18449.00,393
2026-01-15 08:24:00,18449.00,18454.50,18444.50,18452.25,655
2026-01-15 08:25:00,18452.25,18454.75,18433.75,18438.50,272
2026-01-15 08:26:00,18438.50,18450.25,18432.25,18442.00,676
2026-01-15 08:27:00,18442.00,18448.00,18437.75,18448.00,1000
2026-01-15 08:28:00,18448.00,18448.50,18442.75,18445.25,1187
2026-01-15 08:29:00,18445.25,18449.00,18443.00,18447.75,1500
2026-01-15 08:30:00,18447.75,18456.50,18444.25,18451.50,930
2026-01-15 08:31:00,18451.50,18455.25,18434.50,18436.50,1017
2026-01-15 08:32:00,18436.50,18440.75,18433.25,18433.25,759
2026-01-15 08:33:00,18433.25,18445.75,18431.00,18442.00,1189
2026-01-15 08:34:00,18442.00,18454.50,18440.25,18450.50,1265
2026-01-15 08:35:00,18450.50,18452.75,18440.75,18442.25,203
2026-01-15 08:36:00,18442.25,18455.00,18438.25,18453.00,1479
2026-01-15 08:37:00,18453.00,18457.25,18436.50,18436.75,235
2026-01-15 08:38:00,18436.75,18445.25,18430.25,18442.00,288
2026-01-15 08:39:00,18442.00,18443.50,18433.00,18435.50,667
2026-01-15 08:40:00,18435.50,18446.75,18434.75,18443.25,1189
2026-01-15 08:41:00,18443.25,18444.00,18432.00,18437.00,1116
2026-01-15 08:42:00,18437.00,18440.50,18434.00,18440.25,324
2026-01-15 08:43:00,18440.25,18454.75,18435.00,18454.25,1053
2026-01-15 08:44:00,18454.25,18455.25,18435.25,18438.25,514
2026-01-15 08:45:00,18438.25,18452.00,18437.25,18450.00,315
2026-01-15 08:46:00,18450.00,18450.75,18436.75,18443.50,545
2026-01-15 08:47:00,18443.50,18445.25,18440.25,18444.75,898
2026-01-15 08:48:00,18444.75,18446.50,18435.75,18443.50,1316
2026-01-15 08:49:00,18443.50,18443.75,18438.25,18440.25,975
2026-01-15 08:50:00,18440.25,18442.75,18434.00,18442.50,1415
2026-01-15 08:51:00,18442.50,18449.75,18440.25,18447.50,727
2026-01-15 08:52:00,18447.50,18451.00,18440.00,18444.50,1400
2026-01-15 08:53:00,18444.50,18455.25,18444.25,18453.00,895
2026-01-15 08:54:00,18453.00,18456.25,18435.50,18436.75,1004
2026-01-15 08:55:00,18436.75,18445.00,18430.75,18444.75,1312
2026-01-15 08:56:00,18444.75,18457.50,18444.25,18449.75,1490
2026-01-15 08:57:00,18449.75,18450.25,18436.75,18442.75,1192
2026-01-15 08:58:00,18442.75,18444.75,18426.00,18435.25,914
2026-01-15 08:59:00,18435.25,18439.00,18434.50,18437.00,1118
2026-01-15 09:00:00,18437.00,18450.25,18433.00,18444.50,322
2026-01-15 09:01:00,18444.50,18445.75,18430.50,18433.50,900
2026-01-15 09:02:00,18433.50,18446.75,18432.00,18444.75,440
2026-01-15 09:03:00,18444.75,18450.25,18441.75,18442.50,659
2026-01-15 09:04:00,18442.50,18449.50,18442.00,18447.00,363
2026-01-15 09:05:00,18447.00,18455.25,18446.25,18450.75,270
2026-01-15 09:06:00,18450.75,18456.25,18444.50,18449.00,1110
2026-01-15 09:07:00,18449.00,18451.25,18444.00,18446.00,704
2026-01-15 09:08:00,18446.00,18448.00,18440.25,18443.25,1052
2026-01-15 09:09:00,18443.25,18445.00,18429.75,18435.50,776
2026-01-15 09:10:00,18435.50,18450.50,18434.00,18443.25,426
2026-01-15 09:11:00,18443.25,18448.00,18439.75,18444.00,881
2026-01-15 09:12:00,18444.00,18449.75,18439.75,18446.25,1054
2026-01-15 09:13:00,18446.25,18449.25,18433.00,18435.50,1318
2026-01-15 09:14:00,18435.50,18438.50,18429.25,18433.50,1323
2026-01-15 09:15:00,18433.50,18445.00,18433.25,18445.00,263
2026-01-15 09:16:00,18445.00,18447.50,18436.25,18443.50,950
2026-01-15 09:17:00,18443.50,18450.50,18439.00,18449.50,603
2026-01-15 09:18:00,18449.50,18450.00,18446.00,18447.50,1276
2026-01-15 09:19:00,18447.50,18451.75,18443.25,18443.25,413
2026-01-15 09:20:00,18443.25,18445.00,18437.50,18442.25,1224
2026-01-15 09:21:00,18442.25,18445.25,18438.50,18445.00,926
2026-01-15 09:22:00,18445.00,18449.50,18440.00,18448.75,837
2026-01-15 09:23:00,18448.75,18452.25,18443.50,18451.50,1247
2026-01-15 09:24:00,18451.50,18451.75,18435.50,18439.75,853
2026-01-15 09:25:00,18439.75,18444.25,18436.75,18442.00,1492
2026-01-15 09:26:00,18442.00,18446.75,18439.00,18442.50,1267
2026-01-15 09:27:00,18442.50,18443.00,18438.25,18439.50,275
2026-01-15 09:28:00,18439.50,18455.00,18439.00,18445.00,445
2026-01-15 09:29:00,18445.00,18451.25,18442.25,18446.50,657
2026-01-15 09:30:00,18446.50,18465.00,18438.50,18461.75,327
2026-01-15 09:31:00,18461.75,18462.75,18454.50,18461.25,1370
2026-01-15 09:32:00,18461.25,18462.50,18445.75,18456.00,950
2026-01-15 09:33:00,18456.00,18474.75,18450.75,18467.50,427
2026-01-15 09:34:00,18467.50,18477.00,18465.25,18471.25,1212
2026-01-15 09:35:00,18471.25,18472.25,18459.75,18460.00,1093
2026-01-15 09:36:00,18460.00,18460.25,18455.25,18455.50,1319
2026-01-15 09:37:00,18455.50,18456.00,18445.75,18448.50,1262
2026-01-15 09:38:00,18448.50,18450.00,18439.25,18440.25,982
2026-01-15 09:39:00,18440.25,18447.00,18440.00,18446.00,225
2026-01-15 09:40:00,18446.00,18446.50,18438.50,18440.25,893
2026-01-15 09:41:00,18440.25,18440.50,18421.00,18422.25,615
2026-01-15 09:42:00,18422.25,18422.50,18415.75,18417.00,590
2026-01-15 09:43:00,18417.00,18427.75,18416.00,18426.00,311
2026-01-15 09:44:00,18426.00,18426.00,18411.25,18412.00,1211
2026-01-15 09:45:00,18412.00,18418.00,18411.25,18417.50,434
2026-01-15 09:46:00,18417.50,18429.00,18412.75,18429.00,1395
2026-01-15 09:47:00,18429.00,18439.25,18427.25,18433.00,500
2026-01-15 09:48:00,18433.00,18442.25,18429.25,18438.00,734
2026-01-15 09:49:00,18438.00,18458.75,18437.50,18455.75,1165
2026-01-15 09:50:00,18455.75,18465.00,18453.75,18463.25,634
2026-01-15 09:51:00,18463.25,18481.00,18456.75,18461.25,1370
2026-01-15 09:52:00,18461.25,18462.00,18436.00,18441.75,211
2026-01-15 09:53:00,18441.75,18453.25,18438.25,18439.25,1233
2026-01-15 09:54:00,18439.25,18444.50,18420.25,18421.50,844
2026-01-15 09:55:00,18421.50,18440.00,18416.25,18434.75,1436
2026-01-15 09:56:00,18434.75,18438.00,18410.75,18417.75,1375
2026-01-15 09:57:00,18417.75,18428.75,18414.00,18428.00,206
2026-01-15 09:58:00,18428.00,18443.50,18398.75,18409.00,593
2026-01-15 09:59:00,18409.00,18412.25,18398.75,18400.00,910
2026-01-15 10:00:00,18400.00,18401.50,18390.25,18390.75,570
2026-01-15 10:01:00,18390.75,18393.00,18363.75,18379.25,1173
2026-01-15 10:02:00,18379.25,18397.50,18371.50,18396.50,425
2026-01-15 10:03:00,18396.50,18403.00,18378.25,18384.00,760
2026-01-15 10:04:00,18384.00,18386.75,18369.50,18370.00,836
2026-01-15 10:05:00,18370.00,18370.25,18344.75,18358.75,950
2026-01-15 10:06:00,18358.75,18370.50,18349.50,18364.25,863
2026-01-15 10:07:00,18364.25,18374.75,18348.25,18357.00,460
2026-01-15 10:08:00,18357.00,18360.50,18339.00,18350.50,254
2026-01-15 10:09:00,18350.50,18358.00,18320.75,18333.25,484
2026-01-15 10:10:00,18333.25,18337.75,18307.25,18309.75,994
2026-01-15 10:11:00,18309.75,18314.25,18304.50,18313.50,1291
2026-01-15 10:12:00,18313.50,18324.00,18307.00,18320.25,674
2026-01-15 10:13:00,18320.25,18327.00,18305.50,18307.75,1383
2026-01-15 10:14:00,18307.75,18309.75,18299.25,18302.00,1076
2026-01-15 10:15:00,18302.00,18304.75,18286.50,18295.25,750
2026-01-15 10:16:00,18295.25,18300.50,18293.75,18300.25,977
2026-01-15 10:17:00,18300.25,18308.75,18291.25,18300.75,499
2026-01-15 10:18:00,18300.75,18309.50,18296.75,18301.75,1260
2026-01-15 10:19:00,18301.75,18302.75,18286.75,18290.75,1355
2026-01-15 10:20:00,18290.75,18305.75,18287.25,18300.75,214
2026-01-15 10:21:00,18300.75,18305.50,18290.00,18292.00,382
2026-01-15 10:22:00,18292.00,18298.25,18290.25,18290.50,1192
2026-01-15 10:23:00,18290.50,18293.00,18277.75,18280.00,1192
2026-01-15 10:24:00,18280.00,18283.00,18272.50,18277.00,1191
2026-01-15 10:25:00,18277.00,18295.00,18275.25,18294.25,366
2026-01-15 10:26:00,18294.25,18296.75,18276.50,18280.00,440
2026-01-15 10:27:00,18280.00,18304.50,18277.50,18299.00,1440
2026-01-15 10:28:00,18299.00,18304.50,18298.50,18299.75,539
2026-01-15 10:29:00,18299.75,18304.00,18286.00,18302.75,874
2026-01-15 10:30:00,18302.75,18321.25,18302.75,18318.75,339
2026-01-15 10:31:00,18318.75,18329.00,18297.25,18299.75,1457
2026-01-15 10:32:00,18299.75,18309.00,18298.00,18302.75,1456
2026-01-15 10:33:00,18302.75,18305.00,18296.00,18299.50,868
2026-01-15 10:34:00,18299.50,18308.50,18298.25,18306.00,1274
2026-01-15 10:35:00,18306.00,18313.25,18288.50,18292.00,961
2026-01-15 10:36:00,18292.00,18303.25,18291.00,18301.75,983
2026-01-15 10:37:00,18301.75,18307.75,18280.75,18283.50,1150
2026-01-15 10:38:00,18283.50,18310.50,18278.00,18305.50,961
2026-01-15 10:39:00,18305.50,18308.75,18294.50,18299.75,998
2026-01-15 10:40:00,18299.75,18305.75,18289.25,18290.75,1284
2026-01-15 10:41:00,18290.75,18302.75,18289.75,18300.00,1089
2026-01-15 10:42:00,18300.00,18306.00,18286.25,18289.25,1257
2026-01-15 10:43:00,18289.25,18296.75,18279.75,18288.75,700
2026-01-15 10:44:00,18288.75,18305.50,18283.00,18298.75,1012
2026-01-15 10:45:00,18298.75,18298.75,18275.75,18276.75,1287
2026-01-15 10:46:00,18276.75,18303.00,18270.00,18291.75,1330
2026-01-15 10:47:00,18291.75,18295.25,18273.25,18278.25,385
2026-01-15 10:48:00,18278.25,18285.75,18278.00,18279.00,509
2026-01-15 10:49:00,18279.00,18283.50,18274.50,18274.75,1234
2026-01-15 10:50:00,18274.75,18310.75,18272.00,18306.75,415
2026-01-15 10:51:00,18306.75,18306.75,18280.50,18289.50,1288
2026-01-15 10:52:00,18289.50,18290.75,18282.75,18288.75,1483
2026-01-15 10:53:00,18288.75,18308.00,18281.25,18299.75,827
2026-01-15 10:54:00,18299.75,18301.25,18282.00,18284.25,846
2026-01-15 10:55:00,18284.25,18294.50,18277.50,18292.75,800
2026-01-15 10:56:00,18292.75,18293.00,18283.50,18284.00,1411
2026-01-15 10:57:00,18284.00,18295.00,18281.50,18293.00,721
2026-01-15 10:58:00,18293.00,18298.50,18287.75,18297.25,455
2026-01-15 10:59:00,18297.25,18299.25,18285.50,18289.50,736
2026-01-15 11:00:00,18289.50,18295.00,18280.75,18286.25,265
2026-01-15 11:01:00,18286.25,18289.75,18270.75,18277.50,510
2026-01-15 11:02:00,18277.50,18302.75,18266.00,18297.75,603
2026-01-15 11:03:00,18297.75,18298.00,18283.00,18285.50,1317
2026-01-15 11:04:00,18285.50,18287.75,18275.00,18276.00,1404
2026-01-15 11:05:00,18276.00,18295.25,18271.50,18288.75,309
2026-01-15 11:06:00,18288.75,18299.25,18280.50,18297.25,765
2026-01-15 11:07:00,18297.25,18304.75,18293.50,18294.25,821
2026-01-15 11:08:00,18294.25,18297.25,18290.75,18295.00,1450
2026-01-15 11:09:00,18295.00,18309.50,18294.25,18304.25,1308
2026-01-15 11:10:00,18304.25,18307.00,18279.50,18283.25,685
2026-01-15 11:11:00,18283.25,18305.50,18281.00,18301.50,799
2026-01-15 11:12:00,18301.50,18301.50,18274.50,18281.50,1300
2026-01-15 11:13:00,18281.50,18293.00,18280.00,18292.25,515
2026-01-15 11:14:00,18292.25,18299.75,18275.00,18285.00,1119
2026-01-15 11:15:00,18285.00,18291.75,18284.50,18285.75,652
2026-01-15 11:16:00,18285.75,18294.25,18280.50,18291.00,1155
2026-01-15 11:17:00,18291.00,18312.25,18284.25,18311.25,714
2026-01-15 11:18:00,18311.25,18318.75,18286.25,18291.25,795
2026-01-15 11:19:00,18291.25,18296.25,18291.00,18295.50,1428
2026-01-15 11:20:00,18295.50,18301.50,18293.75,18298.50,783
2026-01-15 11:21:00,18298.50,18301.00,18287.75,18290.00,275
2026-01-15 11:22:00,18290.00,18290.50,18273.00,18275.50,270
2026-01-15 11:23:00,18275.50,18318.00,18270.25,18312.00,379
2026-01-15 11:24:00,18312.00,18318.25,18294.00,18295.75,762
2026-01-15 11:25:00,18295.75,18296.50,18290.50,18295.50,804
2026-01-15 11:26:00,18295.50,18309.75,18295.00,18304.00,609
2026-01-15 11:27:00,18304.00,18305.00,18283.75,18290.00,894
2026-01-15 11:28:00,18290.00,18303.00,18282.75,18297.75,1406
2026-01-15 11:29:00,18297.75,18299.25,18289.00,18296.50,1149
2026-01-15 11:30:00,18296.50,18306.75,18296.00,18305.50,807
2026-01-15 11:31:00,18305.50,18306.25,18287.75,18292.25,566
2026-01-15 11:32:00,18292.25,18296.50,18279.75,18285.00,976
2026-01-15 11:33:00,18285.00,18295.75,18281.25,18293.75,956
2026-01-15 11:34:00,18293.75,18296.50,18282.75,18296.00,917
2026-01-15 11:35:00,18296.00,18296.25,18292.50,18293.00,641
2026-01-15 11:36:00,18293.00,18294.25,18286.50,18287.50,1094
2026-01-15 11:37:00,18287.50,18297.75,18281.25,18294.75,509
2026-01-15 11:38:00,18294.75,18296.25,18288.00,18296.25,1107
2026-01-15 11:39:00,18296.25,18302.50,18288.25,18294.00,351
2026-01-15 11:40:00,18294.00,18297.25,18279.25,18282.25,1052
2026-01-15 11:41:00,18282.25,18307.00,18280.00,18295.25,1168
2026-01-15 11:42:00,18295.25,18301.25,18273.50,18277.75,770
2026-01-15 11:43:00,18277.75,18313.00,18276.00,18305.50,682
2026-01-15 11:44:00,18305.50,18307.00,18291.25,18299.50,1256
2026-01-15 11:45:00,18299.50,18303.25,18287.75,18288.75,1039
2026-01-15 11:46:00,18288.75,18296.00,18274.00,18282.75,1021
2026-01-15 11:47:00,18282.75,18306.75,18276.75,18300.50,958
2026-01-15 11:48:00,18300.50,18305.00,18298.00,18304.50,1027
2026-01-15 11:49:00,18304.50,18313.50,18299.25,18300.50,282
2026-01-15 11:50:00,18300.50,18307.00,18284.75,18289.50,1441
2026-01-15 11:51:00,18289.50,18295.50,18281.50,18284.25,252
2026-01-15 11:52:00,18284.25,18305.75,18281.50,18302.50,1062
2026-01-15 11:53:00,18302.50,18306.00,18285.25,18287.25,885
2026-01-15 11:54:00,18287.25,18312.50,18286.50,18302.00,1348
2026-01-15 11:55:00,18302.00,18305.25,18291.50,18294.50,1249
2026-01-15 11:56:00,18294.50,18310.00,18293.50,18307.00,510
2026-01-15 11:57:00,18307.00,18313.25,18280.25,18283.50,599
2026-01-15 11:58:00,18283.50,18291.25,18274.75,18289.50,1327
2026-01-15 11:59:00,18289.50,18319.50,18284.75,18310.75,439
2026-01-15 12:00:00,18310.75,18319.50,18282.25,18293.50,901
2026-01-15 12:01:00,18293.50,18299.25,18281.75,18285.75,432
2026-01-15 12:02:00,18285.75,18295.25,18272.50,18282.25,341
2026-01-15 12:03:00,18282.25,18290.25,18276.25,18290.00,310
2026-01-15 12:04:00,18290.00,18301.00,18287.50,18299.75,926
2026-01-15 12:05:00,18299.75,18301.50,18278.75,18280.25,1097
2026-01-15 12:06:00,18280.25,18290.25,18276.75,18288.50,1452
2026-01-15 12:07:00,18288.50,18293.50,18281.25,18282.50,228
2026-01-15 12:08:00,18282.50,18297.25,18275.50,18291.25,1092
2026-01-15 12:09:00,18291.25,18301.50,18287.50,18300.25,316
2026-01-15 12:10:00,18300.25,18306.75,18280.25,18284.00,1344
2026-01-15 12:11:00,18284.00,18286.50,18280.25,18282.50,494
2026-01-15 12:12:00,18282.50,18283.75,18278.75,18281.75,1039
2026-01-15 12:13:00,18281.75,18298.50,18281.25,18292.75,682
2026-01-15 12:14:00,18292.75,18300.25,18288.00,18288.00,1413
2026-01-15 12:15:00,18288.00,18289.00,18275.75,18280.50,1039
2026-01-15 12:16:00,18280.50,18299.25,18280.00,18293.75,217
2026-01-15 12:17:00,18293.75,18296.25,18276.50,18278.00,518
2026-01-15 12:18:00,18278.00,18290.50,18275.50,18286.25,676
2026-01-15 12:19:00,18286.25,18291.50,18283.75,18291.25,961
2026-01-15 12:20:00,18291.25,18292.25,18289.75,18291.00,963
2026-01-15 12:21:00,18291.00,18302.75,18272.25,18273.25,448
2026-01-15 12:22:00,18273.25,18287.25,18271.00,18282.75,555
2026-01-15 12:23:00,18282.75,18297.25,18282.75,18294.00,692
2026-01-15 12:24:00,18294.00,18296.25,18287.50,18287.75,1346
2026-01-15 12:25:00,18287.75,18295.75,18282.75,18292.25,1224
2026-01-15 12:26:00,18292.25,18298.75,18267.00,18273.00,1397
2026-01-15 12:27:00,18273.00,18305.75,18272.25,18303.00,1092
2026-01-15 12:28:00,18303.00,18312.00,18277.25,18279.75,1451
2026-01-15 12:29:00,18279.75,18306.75,18273.25,18301.50,1239
2026-01-15 12:30:00,18301.50,18302.75,18285.75,18287.00,1311
2026-01-15 12:31:00,18287.00,18290.00,18285.50,18289.00,602
2026-01-15 12:32:00,18289.00,18293.75,18284.00,18291.00,863
2026-01-15 12:33:00,18291.00,18293.50,18282.75,18287.75,930
2026-01-15 12:34:00,18287.75,18293.75,18281.25,18293.75,855
2026-01-15 12:35:00,18293.75,18299.25,18282.75,18287.25,1152
2026-01-15 12:36:00,18287.25,18293.75,18284.50,18293.25,566
2026-01-15 12:37:00,18293.25,18294.25,18290.00,18293.25,1142
2026-01-15 12:38:00,18293.25,18297.75,18280.00,18285.25,1154
2026-01-15 12:39:00,18285.25,18288.50,18283.50,18286.25,1372
2026-01-15 12:40:00,18286.25,18293.50,18280.75,18287.50,1073
2026-01-15 12:41:00,18287.50,18290.00,18277.00,18281.50,332
2026-01-15 12:42:00,18281.50,18295.50,18280.50,18294.75,1349
2026-01-15 12:43:00,18294.75,18303.75,18286.75,18297.00,363
2026-01-15 12:44:00,18297.00,18298.50,18274.50,18275.00,719
2026-01-15 12:45:00,18275.00,18301.75,18274.50,18289.25,1450
2026-01-15 12:46:00,18289.25,18315.75,18288.50,18310.50,1378
2026-01-15 12:47:00,18310.50,18313.25,18272.25,18278.00,641
2026-01-15 12:48:00,18278.00,18285.75,18272.75,18284.75,617
2026-01-15 12:49:00,18284.75,18293.25,18281.75,18289.25,1171
2026-01-15 12:50:00,18289.25,18294.50,18288.75,18290.75,633
2026-01-15 12:51:00,18290.75,18303.25,18289.00,18296.75,210
2026-01-15 12:52:00,18296.75,18297.50,18290.50,18297.25,218
2026-01-15 12:53:00,18297.25,18302.75,18285.75,18286.50,581
2026-01-15 12:54:00,18286.50,18288.25,18280.75,18286.00,537
2026-01-15 12:55:00,18286.00,18292.50,18276.75,18289.75,869
2026-01-15 12:56:00,18289.75,18296.75,18266.75,18271.50,242
2026-01-15 12:57:00,18271.50,18307.75,18270.50,18302.25,255
2026-01-15 12:58:00,18302.25,18303.75,18291.25,18293.50,789
2026-01-15 12:59:00,18293.50,18299.75,18275.75,18277.00,1388
2026-01-15 13:00:00,18277.00,18301.00,18270.00,18295.25,434
2026-01-15 13:01:00,18295.25,18300.25,18289.75,18294.75,457
2026-01-15 13:02:00,18294.75,18295.25,18268.25,18275.25,636
2026-01-15 13:03:00,18275.25,18295.00,18268.50,18285.75,555
2026-01-15 13:04:00,18285.75,18297.50,18281.50,18294.75,1268
2026-01-15 13:05:00,18294.75,18298.00,18273.00,18278.50,961
2026-01-15 13:06:00,18278.50,18284.50,18270.00,18284.00,827
2026-01-15 13:07:00,18284.00,18294.75,18276.25,18287.50,1187
2026-01-15 13:08:00,18287.50,18295.50,18281.00,18288.25,764
2026-01-15 13:09:00,18288.25,18289.25,18279.00,18286.50,747
2026-01-15 13:10:00,18286.50,18302.00,18285.75,18298.50,808
2026-01-15 13:11:00,18298.50,18306.00,18289.00,18290.75,1294
2026-01-15 13:12:00,18290.75,18292.00,18270.75,18275.00,929
2026-01-15 13:13:00,18275.00,18276.25,18268.25,18269.00,992
2026-01-15 13:14:00,18269.00,18291.75,18263.75,18288.25,1413
2026-01-15 13:15:00,18288.25,18289.25,18271.75,18276.25,341
2026-01-15 13:16:00,18276.25,18288.75,18267.00,18287.75,849
2026-01-15 13:17:00,18287.75,18295.75,18284.50,18293.25,1229
2026-01-15 13:18:00,18293.25,18298.75,18277.75,18289.75,1281
2026-01-15 13:19:00,18289.75,18293.75,18273.25,18282.25,257
2026-01-15 13:20:00,18282.25,18289.75,18279.50,18285.00,869
2026-01-15 13:21:00,18285.00,18298.50,18282.75,18291.50,1039
2026-01-15 13:22:00,18291.50,18293.00,18271.25,18279.50,1010
2026-01-15 13:23:00,18279.50,18291.00,18278.75,18286.00,346
2026-01-15 13:24:00,18286.00,18299.00,18280.00,18299.00,1338
2026-01-15 13:25:00,18299.00,18302.25,18271.75,18273.25,728
2026-01-15 13:26:00,18273.25,18294.50,18271.25,18290.00,1444
2026-01-15 13:27:00,18290.00,18304.25,18286.00,18300.50,737
2026-01-15 13:28:00,18300.50,18302.25,18281.00,18290.25,254
2026-01-15 13:29:00,18290.25,18291.00,18269.25,18271.75,485
2026-01-15 13:30:00,18271.75,18290.50,18269.75,18286.75,845
2026-01-15 13:31:00,18286.75,18288.75,18281.00,18286.25,322
2026-01-15 13:32:00,18286.25,18301.00,18281.75,18297.00,508
2026-01-15 13:33:00,18297.00,18303.50,18284.75,18285.25,349
2026-01-15 13:34:00,18285.25,18293.00,18280.50,18292.25,1208
2026-01-15 13:35:00,18292.25,18298.75,18265.25,18272.75,742
2026-01-15 13:36:00,18272.75,18281.75,18269.75,18279.75,1333
2026-01-15 13:37:00,18279.75,18306.50,18277.50,18301.00,890
2026-01-15 13:38:00,18301.00,18304.00,18293.50,18293.50,1278
2026-01-15 13:39:00,18293.50,18300.25,18290.50,18296.75,292
2026-01-15 13:40:00,18296.75,18301.25,18286.25,18286.50,968
2026-01-15 13:41:00,18286.50,18294.00,18283.50,18290.75,1365
2026-01-15 13:42:00,18290.75,18296.50,18289.25,18294.50,839
2026-01-15 13:43:00,18294.50,18295.50,18278.25,18282.25,829
2026-01-15 13:44:00,18282.25,18287.50,18273.50,18275.50,1278
2026-01-15 13:45:00,18275.50,18283.50,18270.25,18280.00,940
2026-01-15 13:46:00,18280.00,18284.25,18268.75,18271.75,335
2026-01-15 13:47:00,18271.75,18301.25,18267.00,18298.50,1286
2026-01-15 13:48:00,18298.50,18305.75,18285.00,18286.75,269
2026-01-15 13:49:00,18286.75,18311.50,18284.50,18309.00,894
2026-01-15 13:50:00,18309.00,18314.75,18283.75,18292.00,810
2026-01-15 13:51:00,18292.00,18295.50,18270.75,18273.00,1470
2026-01-15 13:52:00,18273.00,18296.75,18272.00,18290.75,1084
2026-01-15 13:53:00,18290.75,18292.50,18271.50,18276.75,644
2026-01-15 13:54:00,18276.75,18298.50,18274.00,18292.00,884
2026-01-15 13:55:00,18292.00,18296.25,18282.25,18288.00,1142
2026-01-15 13:56:00,18288.00,18288.50,18269.25,18270.50,275
2026-01-15 13:57:00,18270.50,18277.75,18269.75,18276.75,844
2026-01-15 13:58:00,18276.75,18277.25,18260.75,18267.00,312
2026-01-15 13:59:00,18267.00,18283.25,18266.00,18283.00,1156
2026-01-15 14:00:00,18283.00,18299.50,18280.00,18294.50,443
2026-01-15 14:01:00,18294.50,18303.25,18287.50,18288.75,1345
2026-01-15 14:02:00,18288.75,18292.25,18282.75,18291.50,647
2026-01-15 14:03:00,18291.50,18292.25,18278.00,18287.50,746
2026-01-15 14:04:00,18287.50,18293.00,18281.75,18292.00,409
2026-01-15 14:05:00,18292.00,18293.50,18281.75,18284.00,762
2026-01-15 14:06:00,18284.00,18287.50,18281.00,18286.75,1038
2026-01-15 14:07:00,18286.75,18293.50,18280.50,18292.25,1048
2026-01-15 14:08:00,18292.25,18293.75,18282.50,18283.00,890
2026-01-15 14:09:00,18283.00,18290.25,18278.50,18286.75,859
2026-01-15 14:10:00,18286.75,18297.00,18273.25,18279.25,467
2026-01-15 14:11:00,18279.25,18291.25,18273.50,18290.75,944
2026-01-15 14:12:00,18290.75,18293.75,18272.50,18279.75,1469
2026-01-15 14:13:00,18279.75,18292.00,18278.75,18288.50,229
2026-01-15 14:14:00,18288.50,18293.50,18274.50,18281.25,696
2026-01-15 14:15:00,18281.25,18287.50,18274.50,18281.75,530
2026-01-15 14:16:00,18281.75,18296.75,18279.00,18295.00,697
2026-01-15 14:17:00,18295.00,18296.75,18289.50,18291.25,1490
2026-01-15 14:18:00,18291.25,18292.50,18281.00,18286.50,1030
2026-01-15 14:19:00,18286.50,18286.75,18253.00,18265.75,777
2026-01-15 14:20:00,18265.75,18290.75,18262.75,18285.00,351
2026-01-15 14:21:00,18285.00,18295.25,18279.75,18288.25,241
2026-01-15 14:22:00,18288.25,18288.75,18263.25,18267.25,1200
2026-01-15 14:23:00,18267.25,18289.25,18265.75,18285.00,524
2026-01-15 14:24:00,18285.00,18289.00,18284.00,18288.50,995
2026-01-15 14:25:00,18288.50,18296.75,18279.50,18292.50,1318
2026-01-15 14:26:00,18292.50,18296.75,18284.00,18288.00,1335
2026-01-15 14:27:00,18288.00,18289.50,18283.50,18288.00,1038
2026-01-15 14:28:00,18288.00,18302.00,18287.25,18298.00,1195
2026-01-15 14:29:00,18298.00,18298.75,18285.25,18288.00,1352
2026-01-15 14:30:00,18288.00,18290.25,18277.50,18282.50,574
2026-01-15 14:31:00,18282.50,18289.00,18282.25,18286.00,1315
2026-01-15 14:32:00,18286.00,18286.00,18284.50,18286.00,1292
2026-01-15 14:33:00,18286.00,18287.00,18272.25,18276.75,793
2026-01-15 14:34:00,18276.75,18289.75,18275.00,18282.00,1036
2026-01-15 14:35:00,18282.00,18284.00,18270.00,18273.25,357
2026-01-15 14:36:00,18273.25,18279.00,18272.25,18273.00,1110
2026-01-15 14:37:00,18273.00,18284.00,18271.00,18274.25,299
2026-01-15 14:38:00,18274.25,18275.50,18265.75,18267.25,1216
2026-01-15 14:39:00,18267.25,18296.00,18263.50,18284.75,1053
2026-01-15 14:40:00,18284.75,18308.25,18278.00,18292.75,855
2026-01-15 14:41:00,18292.75,18302.75,18284.50,18285.50,1462
2026-01-15 14:42:00,18285.50,18290.75,18272.00,18275.00,970
2026-01-15 14:43:00,18275.00,18275.50,18265.00,18268.75,223
2026-01-15 14:44:00,18268.75,18294.50,18267.00,18283.50,752
2026-01-15 14:45:00,18283.50,18285.75,18277.75,18282.25,696
2026-01-15 14:46:00,18282.25,18282.75,18279.50,18282.50,917
2026-01-15 14:47:00,18282.50,18292.25,18271.50,18280.00,1051
2026-01-15 14:48:00,18280.00,18292.50,18277.75,18289.50,1164
2026-01-15 14:49:00,18289.50,18296.50,18286.25,18289.50,910
2026-01-15 14:50:00,18289.50,18290.00,18277.25,18285.25,986
2026-01-15 14:51:00,18285.25,18285.25,18279.25,18283.00,1078
2026-01-15 14:52:00,18283.00,18284.00,18266.25,18270.00,1309
2026-01-15 14:53:00,18270.00,18273.50,18261.75,18269.00,1168
2026-01-15 14:54:00,18269.00,18292.00,18262.75,18282.50,282
2026-01-15 14:55:00,18282.50,18287.75,18268.50,18275.50,1256
2026-01-15 14:56:00,18275.50,18287.75,18275.50,18284.50,694
2026-01-15 14:57:00,18284.50,18290.25,18272.00,18274.25,391
2026-01-15 14:58:00,18274.25,18299.75,18271.25,18297.00,627
2026-01-15 14:59:00,18297.00,18300.75,18288.00,18290.50,1131
2026-01-15 15:00:00,18290.50,18293.25,18283.75,18290.00,894
2026-01-15 15:01:00,18290.00,18292.25,18283.00,18283.25,1044
2026-01-15 15:02:00,18283.25,18289.25,18270.75,18276.00,1260
2026-01-15 15:03:00,18276.00,18280.50,18271.25,18278.00,1007
2026-01-15 15:04:00,18278.00,18283.25,18264.00,18267.25,248
2026-01-15 15:05:00,18267.25,18287.75,18266.50,18285.25,1493
2026-01-15 15:06:00,18285.25,18286.00,18274.50,18276.25,1323
2026-01-15 15:07:00,18276.25,18290.25,18274.50,18285.50,1364
2026-01-15 15:08:00,18285.50,18290.75,18278.25,18281.00,1475
2026-01-15 15:09:00,18281.00,18292.25,18277.00,18285.75,405
2026-01-15 15:10:00,18285.75,18288.00,18283.00,18284.50,647
2026-01-15 15:11:00,18284.50,18291.50,18270.50,18276.00,1413
2026-01-15 15:12:00,18276.00,18281.75,18270.25,18278.50,465
2026-01-15 15:13:00,18278.50,18291.00,18275.25,18289.75,573
2026-01-15 15:14:00,18289.75,18291.25,18270.00,18273.25,385
2026-01-15 15:15:00,18273.25,18289.50,18265.25,18284.25,1232
2026-01-15 15:16:00,18284.25,18286.25,18268.00,18270.00,673
2026-01-15 15:17:00,18270.00,18296.25,18263.00,18287.75,797
2026-01-15 15:18:00,18287.75,18298.25,18278.75,18286.00,1139
2026-01-15 15:19:00,18286.00,18294.25,18283.00,18283.25,658
2026-01-15 15:20:00,18283.25,18289.00,18276.25,18281.00,1258
2026-01-15 15:21:00,18281.00,18284.00,18278.00,18282.50,222
2026-01-15 15:22:00,18282.50,18287.25,18276.25,18282.25,1184
2026-01-15 15:23:00,18282.25,18287.00,18278.75,18283.75,927
2026-01-15 15:24:00,18283.75,18287.00,18274.75,18275.00,379
2026-01-15 15:25:00,18275.00,18290.75,18270.50,18286.25,906
2026-01-15 15:26:00,18286.25,18289.50,18279.50,18281.50,692
2026-01-15 15:27:00,18281.50,18302.50,18281.25,18298.50,1057
2026-01-15 15:28:00,18298.50,18302.75,18284.00,18295.50,1270
2026-01-15 15:29:00,18295.50,18297.50,18278.75,18278.75,546
2026-01-15 15:30:00,18278.75,18289.25,18270.75,18288.00,844
2026-01-15 15:31:00,18288.00,18296.50,18265.75,18268.75,1055
2026-01-15 15:32:00,18268.75,18280.00,18264.75,18277.00,750
2026-01-15 15:33:00,18277.00,18289.50,18275.50,18282.25,571
2026-01-15 15:34:00,18282.25,18284.75,18271.75,18274.25,808
2026-01-15 15:35:00,18274.25,18286.75,18264.25,18284.75,1141
2026-01-15 15:36:00,18284.75,18297.50,18266.00,18268.75,632
2026-01-15 15:37:00,18268.75,18295.25,18260.50,18294.00,647
2026-01-15 15:38:00,18294.00,18295.25,18279.25,18285.75,796
2026-01-15 15:39:00,18285.75,18292.75,18283.00,18288.00,1032
2026-01-15 15:40:00,18288.00,18290.50,18273.00,18273.25,427
2026-01-15 15:41:00,18273.25,18277.00,18266.25,18273.50,1433
2026-01-15 15:42:00,18273.50,18280.75,18271.50,18276.00,913
2026-01-15 15:43:00,18276.00,18284.75,18273.75,18283.00,241
2026-01-15 15:44:00,18283.00,18285.00,18269.00,18270.25,289
2026-01-15 15:45:00,18270.25,18281.50,18267.50,18277.50,1297
2026-01-15 15:46:00,18277.50,18285.75,18275.50,18283.00,1248
2026-01-15 15:47:00,18283.00,18285.00,18281.00,18284.25,989
2026-01-15 15:48:00,18284.25,18290.25,18273.00,18276.50,995
2026-01-15 15:49:00,18276.50,18294.75,18271.25,18293.75,433
2026-01-15 15:50:00,18293.75,18302.50,18278.50,18284.25,547
2026-01-15 15:51:00,18284.25,18290.00,18272.00,18273.50,552
2026-01-15 15:52:00,18273.50,18294.25,18269.50,18287.25,1291
2026-01-15 15:53:00,18287.25,18290.75,18271.50,18272.00,368
2026-01-15 15:54:00,18272.00,18279.00,18271.00,18273.00,738
2026-01-15 15:55:00,18273.00,18285.75,18260.25,18278.00,232
2026-01-15 15:56:00,18278.00,18283.25,18274.00,18280.00,898
2026-01-15 15:57:00,18280.00,18284.00,18270.25,18271.50,842
2026-01-15 15:58:00,18271.50,18288.75,18270.50,18282.50,499
2026-01-15 15:59:00,18282.50,18304.00,18277.25,18294.25,747
2026-01-16 08:00:00,18373.25,18376.75,18368.75,18374.00,636
2026-01-16 08:01:00,18374.00,18378.50,18357.50,18357.75,1317
2026-01-16 08:02:00,18357.75,18386.50,18357.00,18386.00,439
2026-01-16 08:03:00,18386.00,18386.75,18370.00,18376.50,1129
2026-01-16 08:04:00,18376.50,18379.50,18363.75,18370.00,1457
2026-01-16 08:05:00,18370.00,18386.25,18369.75,18384.75,908
2026-01-16 08:06:00,18384.75,18389.25,18375.75,18379.75,1114
2026-01-16 08:07:00,18379.75,18383.50,18373.50,18375.50,1242
2026-01-16 08:08:00,18375.50,18382.00,18375.00,18381.75,329
2026-01-16 08:09:00,18381.75,18382.50,18370.50,18375.75,1497
2026-01-16 08:10:00,18375.75,18380.75,18363.50,18368.50,817
2026-01-16 08:11:00,18368.50,18373.25,18368.50,18371.50,1317
2026-01-16 08:12:00,18371.50,18383.50,18369.25,18374.00,1145
2026-01-16 08:13:00,18374.00,18383.00,18373.75,18380.25,1355
2026-01-16 08:14:00,18380.25,18387.25,18364.25,18371.75,1138
2026-01-16 08:15:00,18371.75,18375.75,18370.50,18372.50,1017
2026-01-16 08:16:00,18372.50,18375.75,18366.75,18374.75,1156
2026-01-16 08:17:00,18374.75,18389.25,18369.75,18385.00,673
2026-01-16 08:18:00,18385.00,18387.75,18363.25,18363.75,1436
2026-01-16 08:19:00,18363.75,18379.25,18362.50,18377.25,1091
2026-01-16 08:20:00,18377.25,18380.00,18369.00,18372.50,404
2026-01-16 08:21:00,18372.50,18377.50,18366.50,18368.25,1313
2026-01-16 08:22:00,18368.25,18370.75,18365.50,18370.25,1120
2026-01-16 08:23:00,18370.25,18378.75,18368.00,18375.75,918
2026-01-16 08:24:00,18375.75,18379.75,18368.00,18370.00,1313
2026-01-16 08:25:00,18370.00,18373.50,18364.25,18369.00,717
2026-01-16 08:26:00,18369.00,18381.75,18362.00,18362.50,773
2026-01-16 08:27:00,18362.50,18375.00,18360.00,18374.00,955
2026-01-16 08:28:00,18374.00,18376.00,18373.25,18374.50,825
2026-01-16 08:29:00,18374.50,18382.00,18361.25,18361.25,408
2026-01-16 08:30:00,18361.25,18366.75,18359.50,18362.25,583
2026-01-16 08:31:00,18362.25,18368.25,18357.75,18368.00,1500
2026-01-16 08:32:00,18368.00,18372.50,18367.75,18371.50,1108
2026-01-16 08:33:00,18371.50,18374.25,18367.25,18370.50,718
2026-01-16 08:34:00,18370.50,18371.25,18356.25,18359.25,389
2026-01-16 08:35:00,18359.25,18368.75,18356.25,18364.00,523
2026-01-16 08:36:00,18364.00,18369.00,18362.25,18367.75,644
2026-01-16 08:37:00,18367.75,18377.75,18364.00,18375.50,916
2026-01-16 08:38:00,18375.50,18377.00,18364.75,18367.00,1179
2026-01-16 08:39:00,18367.00,18379.75,18362.00,18377.50,654
2026-01-16 08:40:00,18377.50,18379.25,18364.25,18365.00,652
2026-01-16 08:41:00,18365.00,18370.75,18362.50,18363.50,1470
2026-01-16 08:42:00,18363.50,18388.75,18360.75,18383.50,460
2026-01-16 08:43:00,18383.50,18385.25,18366.75,18371.75,911
2026-01-16 08:44:00,18371.75,18377.00,18367.50,18375.25,735
2026-01-16 08:45:00,18375.25,18378.75,18355.25,18359.00,1269
2026-01-16 08:46:00,18359.00,18372.75,18356.75,18371.75,329
2026-01-16 08:47:00,18371.75,18381.25,18371.25,18379.50,1485
2026-01-16 08:48:00,18379.50,18384.50,18371.75,18372.25,599
2026-01-16 08:49:00,18372.25,18372.75,18359.00,18363.25,1030
2026-01-16 08:50:00,18363.25,18373.00,18360.75,18370.75,1094
2026-01-16 08:51:00,18370.75,18379.25,18365.00,18371.75,913
2026-01-16 08:52:00,18371.75,18373.00,18358.25,18359.50,1106
2026-01-16 08:53:00,18359.50,18361.00,18348.75,18351.00,810
2026-01-16 08:54:00,18351.00,18371.50,18350.00,18367.75,1447
2026-01-16 08:55:00,18367.75,18370.00,18366.00,18369.75,1005
2026-01-16 08:56:00,18369.75,18373.25,18368.00,18373.25,880
2026-01-16 08:57:00,18373.25,18377.25,18360.75,18364.25,540
2026-01-16 08:58:00,18364.25,18369.75,18362.25,18368.00,1185
2026-01-16 08:59:00,18368.00,18369.25,18360.50,18364.75,970
2026-01-16 09:00:00,18364.75,18374.25,18362.50,18370.25,600
2026-01-16 09:01:00,18370.25,18372.50,18367.00,18368.25,549
2026-01-16 09:02:00,18368.25,18369.00,18363.75,18366.25,913
2026-01-16 09:03:00,18366.25,18366.50,18352.75,18354.00,1332
2026-01-16 09:04:00,18354.00,18371.50,18352.75,18371.00,1339
2026-01-16 09:05:00,18371.00,18374.50,18357.50,18358.00,609
2026-01-16 09:06:00,18358.00,18359.00,18347.50,18353.00,1287
2026-01-16 09:07:00,18353.00,18370.00,18347.75,18366.50,628
2026-01-16 09:08:00,18366.50,18368.75,18358.25,18365.00,592
2026-01-16 09:09:00,18365.00,18370.25,18352.75,18353.75,352
2026-01-16 09:10:00,18353.75,18361.50,18353.50,18358.00,1125
2026-01-16 09:11:00,18358.00,18379.00,18356.00,18376.50,1430
2026-01-16 09:12:00,18376.50,18376.75,18354.50,18363.75,791
2026-01-16 09:13:00,18363.75,18372.00,18361.00,18369.00,834
2026-01-16 09:14:00,18369.00,18372.50,18361.25,18364.75,938
2026-01-16 09:15:00,18364.75,18365.25,18361.75,18363.50,648
2026-01-16 09:16:00,18363.50,18367.25,18361.00,18364.75,995
2026-01-16 09:17:00,18364.75,18371.75,18362.25,18367.00,596
2026-01-16 09:18:00,18367.00,18367.75,18356.25,18357.25,1489
2026-01-16 09:19:00,18357.25,18373.00,18356.00,18371.50,649
2026-01-16 09:20:00,18371.50,18376.25,18355.25,18358.00,277
2026-01-16 09:21:00,18358.00,18366.75,18353.25,18365.50,938
2026-01-16 09:22:00,18365.50,18371.00,18363.00,18364.00,1379
2026-01-16 09:23:00,18364.00,18369.50,18356.75,18359.75,967
2026-01-16 09:24:00,18359.75,18368.00,18356.50,18365.50,1423
2026-01-16 09:25:00,18365.50,18370.75,18359.50,18364.50,776
2026-01-16 09:26:00,18364.50,18368.50,18363.25,18366.50,704
2026-01-16 09:27:00,18366.50,18369.25,18358.50,18362.75,1334
2026-01-16 09:28:00,18362.75,18366.75,18358.00,18360.25,632
2026-01-16 09:29:00,18360.25,18372.00,18355.25,18371.00,900
2026-01-16 09:30:00,18371.00,18375.25,18366.50,18373.75,772
2026-01-16 09:31:00,18373.75,18374.50,18373.00,18374.25,1110
2026-01-16 09:32:00,18374.25,18388.25,18372.75,18379.75,565
2026-01-16 09:33:00,18379.75,18395.25,18377.75,18394.75,414
2026-01-16 09:34:00,18394.75,18408.50,18392.00,18404.25,631
2026-01-16 09:35:00,18404.25,18405.00,18396.25,18397.25,633
2026-01-16 09:36:00,18397.25,18398.75,18393.75,18395.25,707
2026-01-16 09:37:00,18395.25,18397.00,18376.50,18378.00,680
2026-01-16 09:38:00,18378.00,18378.50,18372.00,18373.00,951
2026-01-16 09:39:00,18373.00,18373.25,18366.50,18367.50,722
2026-01-16 09:40:00,18367.50,18369.75,18362.75,18369.75,904
2026-01-16 09:41:00,18369.75,18371.00,18359.50,18360.00,1370
2026-01-16 09:42:00,18360.00,18362.75,18341.25,18342.00,849
2026-01-16 09:43:00,18342.00,18351.25,18341.00,18351.00,557
2026-01-16 09:44:00,18351.00,18352.75,18335.75,18337.50,526
2026-01-16 09:45:00,18337.50,18350.00,18337.50,18347.00,1002
2026-01-16 09:46:00,18347.00,18351.75,18344.00,18351.00,299
2026-01-16 09:47:00,18351.00,18359.00,18348.75,18357.50,1497
2026-01-16 09:48:00,18357.50,18373.50,18355.25,18368.50,763
2026-01-16 09:49:00,18368.50,18390.50,18365.50,18389.75,907
2026-01-16 09:50:00,18389.75,18392.00,18387.25,18391.75,851
2026-01-16 09:51:00,18391.75,18393.00,18380.25,18382.50,1181
2026-01-16 09:52:00,18382.50,18389.50,18364.75,18365.75,1043
2026-01-16 09:53:00,18365.75,18371.50,18359.25,18368.25,999
2026-01-16 09:54:00,18368.25,18375.75,18355.25,18355.25,1220
2026-01-16 09:55:00,18355.25,18360.75,18347.50,18356.75,355
2026-01-16 09:56:00,18356.75,18358.00,18343.00,18345.00,297
2026-01-16 09:57:00,18345.00,18353.00,18316.50,18322.00,694
2026-01-16 09:58:00,18322.00,18337.25,18318.25,18331.00,891
2026-01-16 09:59:00,18331.00,18333.25,18306.50,18315.75,302
2026-01-16 10:00:00,18315.75,18319.25,18305.00,18307.50,1450
2026-01-16 10:01:00,18307.50,18313.50,18286.75,18286.75,499
2026-01-16 10:02:00,18286.75,18300.50,18282.75,18295.75,1272
2026-01-16 10:03:00,18295.75,18301.75,18273.50,18282.50,1393
2026-01-16 10:04:00,18282.50,18291.25,18277.00,18286.75,1315
2026-01-16 10:05:00,18286.75,18292.00,18268.75,18269.25,1081
2026-01-16 10:06:00,18269.25,18287.25,18269.00,18276.00,1417
2026-01-16 10:07:00,18276.00,18285.25,18243.50,18245.75,1255
2026-01-16 10:08:00,18245.75,18259.25,18242.50,18245.75,1443
2026-01-16 10:09:00,18245.75,18251.00,18217.75,18220.25,556
2026-01-16 10:10:00,18220.25,18221.75,18218.00,18218.50,734
2026-01-16 10:11:00,18218.50,18236.50,18218.00,18233.75,1135
2026-01-16 10:12:00,18233.75,18236.75,18209.75,18216.25,261
2026-01-16 10:13:00,18216.25,18224.50,18176.75,18190.75,981
2026-01-16 10:14:00,18190.75,18200.00,18182.50,18186.50,1210
2026-01-16 10:15:00,18186.50,18194.75,18179.50,18191.50,1133
2026-01-16 10:16:00,18191.50,18199.50,18176.25,18178.50,1302
2026-01-16 10:17:00,18178.50,18199.00,18177.75,18195.00,1467
2026-01-16 10:18:00,18195.00,18199.50,18186.50,18186.75,1209
2026-01-16 10:19:00,18186.75,18195.50,18181.00,18191.75,1344
2026-01-16 10:20:00,18191.75,18192.25,18185.00,18190.50,1073
2026-01-16 10:21:00,18190.50,18198.00,18185.00,18193.75,1016
2026-01-16 10:22:00,18193.75,18199.25,18188.50,18192.50,1408
2026-01-16 10:23:00,18192.50,18193.00,18186.75,18188.25,1146
2026-01-16 10:24:00,18188.25,18201.75,18183.00,18201.75,773
2026-01-16 10:25:00,18201.75,18211.50,18185.00,18186.75,997
2026-01-16 10:26:00,18186.75,18195.25,18184.75,18191.50,1303
2026-01-16 10:27:00,18191.50,18194.75,18183.75,18188.25,448
2026-01-16 10:28:00,18188.25,18192.50,18178.25,18186.25,606
2026-01-16 10:29:00,18186.25,18187.50,18175.25,18184.00,1396
2026-01-16 10:30:00,18184.00,18196.00,18178.25,18191.75,428
2026-01-16 10:31:00,18191.75,18198.50,18182.25,18183.25,443
2026-01-16 10:32:00,18183.25,18205.75,18181.00,18201.25,718
2026-01-16 10:33:00,18201.25,18204.25,18188.75,18193.75,209
2026-01-16 10:34:00,18193.75,18194.00,18188.25,18193.25,998
2026-01-16 10:35:00,18193.25,18196.50,18181.50,18183.50,357
2026-01-16 10:36:00,18183.50,18186.25,18181.50,18185.50,443
2026-01-16 10:37:00,18185.50,18192.50,18180.50,18190.25,797
2026-01-16 10:38:00,18190.25,18204.25,18186.00,18200.25,1332
2026-01-16 10:39:00,18200.25,18209.00,18194.50,18196.75,576
2026-01-16 10:40:00,18196.75,18200.75,18191.75,18192.00,545
2026-01-16 10:41:00,18192.00,18212.00,18188.50,18211.25,291
2026-01-16 10:42:00,18211.25,18212.25,18187.50,18192.25,1300
2026-01-16 10:43:00,18192.25,18205.75,18191.50,18197.25,649
2026-01-16 10:44:00,18197.25,18198.25,18174.50,18182.00,1050
2026-01-16 10:45:00,18182.00,18197.75,18180.00,18193.25,333
2026-01-16 10:46:00,18193.25,18197.75,18185.75,18191.50,245
2026-01-16 10:47:00,18191.50,18203.25,18188.75,18198.50,684
2026-01-16 10:48:00,18198.50,18199.50,18181.50,18186.50,389
2026-01-16 10:49:00,18186.50,18192.50,18182.75,18188.75,792
2026-01-16 10:50:00,18188.75,18199.25,18177.50,18192.25,1009
2026-01-16 10:51:00,18192.25,18197.25,18189.25,18193.75,264
2026-01-16 10:52:00,18193.75,18198.25,18193.50,18194.50,1224
2026-01-16 10:53:00,18194.50,18203.50,18193.00,18200.00,622
2026-01-16 10:54:00,18200.00,18202.50,18188.75,18193.25,635
2026-01-16 10:55:00,18193.25,18196.25,18179.75,18183.75,1412
2026-01-16 10:56:00,18183.75,18210.00,18182.75,18205.50,386
2026-01-16 10:57:00,18205.50,18209.25,18195.25,18202.50,755
2026-01-16 10:58:00,18202.50,18206.00,18171.25,18183.75,531
2026-01-16 10:59:00,18183.75,18187.75,18168.75,18174.25,389
2026-01-16 11:00:00,18174.25,18195.25,18167.00,18193.25,315
2026-01-16 11:01:00,18193.25,18193.75,18189.00,18190.00,1336
2026-01-16 11:02:00,18190.00,18193.00,18184.50,18192.50,486
2026-01-16 11:03:00,18192.50,18201.50,18176.50,18187.25,868
2026-01-16 11:04:00,18187.25,18188.50,18181.75,18188.00,1388
2026-01-16 11:05:00,18188.00,18190.25,18180.50,18187.75,1104
2026-01-16 11:06:00,18187.75,18190.00,18183.00,18189.75,1283
2026-01-16 11:07:00,18189.75,18191.25,18186.75,18189.75,697
2026-01-16 11:08:00,18189.75,18195.75,18186.00,18192.50,825
2026-01-16 11:09:00,18192.50,18195.50,18182.00,18185.75,294
2026-01-16 11:10:00,18185.75,18189.00,18179.50,18185.50,979
2026-01-16 11:11:00,18185.50,18208.75,18182.25,18202.00,885
2026-01-16 11:12:00,18202.00,18202.25,18190.25,18196.00,849
2026-01-16 11:13:00,18196.00,18198.50,18183.50,18190.00,715
2026-01-16 11:14:00,18190.00,18198.25,18189.75,18197.75,1224
2026-01-16 11:15:00,18197.75,18202.75,18183.00,18185.50,1294
2026-01-16 11:16:00,18185.50,18201.00,18184.00,18195.50,626
2026-01-16 11:17:00,18195.50,18201.00,18178.75,18182.00,1098
2026-01-16 11:18:00,18182.00,18204.00,18177.50,18197.75,1092
2026-01-16 11:19:00,18197.75,18198.75,18182.75,18193.50,1290
2026-01-16 11:20:00,18193.50,18198.50,18182.25,18192.25,1029
2026-01-16 11:21:00,18192.25,18197.75,18189.00,18191.25,1459
2026-01-16 11:22:00,18191.25,18200.25,18179.25,18196.50,922
2026-01-16 11:23:00,18196.50,18197.75,18174.50,18175.75,904
2026-01-16 11:24:00,18175.75,18190.50,18169.50,18187.75,243
2026-01-16 11:25:00,18187.75,18196.25,18180.75,18193.25,542
2026-01-16 11:26:00,18193.25,18196.00,18186.75,18190.75,1073
2026-01-16 11:27:00,18190.75,18194.75,18182.50,18188.00,1192
2026-01-16 11:28:00,18188.00,18208.00,18180.50,18202.00,1464
2026-01-16 11:29:00,18202.00,18203.00,18182.50,18186.75,1369
2026-01-16 11:30:00,18186.75,18206.25,18186.25,18205.00,1258
2026-01-16 11:31:00,18205.00,18212.75,18175.75,18175.75,1285
2026-01-16 11:32:00,18175.75,18201.50,18174.00,18200.50,447
2026-01-16 11:33:00,18200.50,18203.75,18180.00,18182.00,255
2026-01-16 11:34:00,18182.00,18186.75,18180.50,18185.75,1111
2026-01-16 11:35:00,18185.75,18203.50,18183.25,18201.25,838
2026-01-16 11:36:00,18201.25,18203.50,18174.50,18175.00,714
2026-01-16 11:37:00,18175.00,18201.00,18168.25,18191.75,1148
2026-01-16 11:38:00,18191.75,18196.25,18171.75,18178.50,905
2026-01-16 11:39:00,18178.50,18189.50,18172.50,18187.75,1285
2026-01-16 11:40:00,18187.75,18207.75,18180.00,18203.75,1404
2026-01-16 11:41:00,18203.75,18204.50,18188.25,18196.25,1336
2026-01-16 11:42:00,18196.25,18198.75,18185.50,18190.00,246
2026-01-16 11:43:00,18190.00,18195.50,18189.50,18194.00,1222
2026-01-16 11:44:00,18194.00,18211.75,18191.50,18204.25,398
2026-01-16 11:45:00,18204.25,18205.75,18189.75,18191.25,1409
2026-01-16 11:46:00,18191.25,18198.00,18158.25,18164.75,893
2026-01-16 11:47:00,18164.75,18192.50,18163.50,18191.00,1228
2026-01-16 11:48:00,18191.00,18196.50,18190.75,18190.75,1259
2026-01-16 11:49:00,18190.75,18203.50,18187.25,18201.75,309
2026-01-16 11:50:00,18201.75,18206.00,18186.00,18187.25,1336
2026-01-16 11:51:00,18187.25,18198.00,18181.00,18191.00,834
2026-01-16 11:52:00,18191.00,18200.00,18190.75,18194.75,539
2026-01-16 11:53:00,18194.75,18202.00,18181.25,18186.50,209
2026-01-16 11:54:00,18186.50,18189.75,18177.25,18177.75,677
2026-01-16 11:55:00,18177.75,18191.75,18172.25,18187.00,1412
2026-01-16 11:56:00,18187.00,18189.50,18185.50,18186.25,498
2026-01-16 11:57:00,18186.25,18192.25,18177.00,18189.00,452
2026-01-16 11:58:00,18189.00,18194.25,18179.75,18183.50,1306
2026-01-16 11:59:00,18183.50,18199.75,18177.25,18191.75,937
2026-01-16 12:00:00,18191.75,18194.25,18183.75,18187.50,1035
2026-01-16 12:01:00,18187.50,18196.25,18186.75,18195.00,675
2026-01-16 12:02:00,18195.00,18202.00,18172.25,18181.00,1216
2026-01-16 12:03:00,18181.00,18185.50,18170.75,18178.75,411
2026-01-16 12:04:00,18178.75,18187.75,18173.25,18182.75,1489
2026-01-16 12:05:00,18182.75,18183.25,18177.25,18179.25,367
2026-01-16 12:06:00,18179.25,18186.25,18172.75,18180.50,1425
2026-01-16 12:07:00,18180.50,18194.25,18178.00,18181.25,906
2026-01-16 12:08:00,18181.25,18183.75,18179.50,18181.75,1143
2026-01-16 12:09:00,18181.75,18195.25,18176.25,18193.25,339
2026-01-16 12:10:00,18193.25,18204.00,18184.00,18202.75,286
2026-01-16 12:11:00,18202.75,18216.50,18202.25,18209.25,1420
2026-01-16 12:12:00,18209.25,18209.75,18171.50,18174.00,1011
2026-01-16 12:13:00,18174.00,18205.75,18173.50,18199.25,576
2026-01-16 12:14:00,18199.25,18200.00,18194.25,18195.00,922
2026-01-16 12:15:00,18195.00,18200.75,18183.50,18184.75,318
2026-01-16 12:16:00,18184.75,18199.75,18182.00,18190.50,1419
2026-01-16 12:17:00,18190.50,18206.50,18186.00,18197.50,1151
2026-01-16 12:18:00,18197.50,18198.00,18187.25,18193.50,1451
2026-01-16 12:19:00,18193.50,18194.75,18184.75,18191.25,299
2026-01-16 12:20:00,18191.25,18199.75,18189.50,18197.00,408
2026-01-16 12:21:00,18197.00,18198.75,18193.50,18194.25,783
2026-01-16 12:22:00,18194.25,18194.50,18177.75,18183.00,1499
2026-01-16 12:23:00,18183.00,18192.50,18179.75,18190.50,586
2026-01-16 12:24:00,18190.50,18191.25,18179.50,18183.50,636
2026-01-16 12:25:00,18183.50,18185.75,18176.50,18182.00,770
2026-01-16 12:26:00,18182.00,18208.50,18182.00,18201.00,1466
2026-01-16 12:27:00,18201.00,18209.25,18181.25,18183.00,1115
2026-01-16 12:28:00,18183.00,18190.50,18182.50,18187.75,1038
2026-01-16 12:29:00,18187.75,18192.25,18173.00,18184.75,475
2026-01-16 12:30:00,18184.75,18198.75,18176.25,18191.00,1488
2026-01-16 12:31:00,18191.00,18209.25,18178.50,18200.75,507
2026-01-16 12:32:00,18200.75,18203.25,18177.25,18182.50,224
2026-01-16 12:33:00,18182.50,18186.75,18169.75,18176.25,237
2026-01-16 12:34:00,18176.25,18187.25,18175.75,18185.25,229
2026-01-16 12:35:00,18185.25,18197.75,18180.50,18191.75,948
2026-01-16 12:36:00,18191.75,18204.25,18186.00,18187.75,1168
2026-01-16 12:37:00,18187.75,18208.50,18184.50,18194.75,212
2026-01-16 12:38:00,18194.75,18199.00,18186.75,18187.75,974
2026-01-16 12:39:00,18187.75,18192.00,18182.25,18184.75,1190
2026-01-16 12:40:00,18184.75,18196.75,18184.25,18191.50,1453
2026-01-16 12:41:00,18191.50,18197.00,18185.00,18191.25,579
2026-01-16 12:42:00,18191.25,18195.75,18187.00,18193.75,563
2026-01-16 12:43:00,18193.75,18200.25,18172.00,18173.00,1398
2026-01-16 12:44:00,18173.00,18185.50,18169.75,18184.00,1017
2026-01-16 12:45:00,18184.00,18184.00,18174.25,18183.50,813
2026-01-16 12:46:00,18183.50,18186.50,18176.75,18178.00,782
2026-01-16 12:47:00,18178.00,18181.00,18163.00,18179.00,222
2026-01-16 12:48:00,18179.00,18190.50,18174.75,18187.00,534
2026-01-16 12:49:00,18187.00,18197.75,18182.50,18190.75,1047
2026-01-16 12:50:00,18190.75,18202.75,18181.25,18185.50,712
2026-01-16 12:51:00,18185.50,18191.25,18182.25,18185.25,299
2026-01-16 12:52:00,18185.25,18186.75,18184.00,18184.25,1041
2026-01-16 12:53:00,18184.25,18209.75,18180.00,18205.25,848
2026-01-16 12:54:00,18205.25,18209.50,18184.00,18187.00,487
2026-01-16 12:55:00,18187.00,18188.00,18182.00,18187.75,783
2026-01-16 12:56:00,18187.75,18199.50,18174.75,18193.25,800
2026-01-16 12:57:00,18193.25,18198.75,18176.00,18185.75,756
2026-01-16 12:58:00,18185.75,18196.00,18170.50,18196.00,969
2026-01-16 12:59:00,18196.00,18198.75,18170.75,18171.75,255
2026-01-16 13:00:00,18171.75,18198.00,18167.50,18188.25,827
2026-01-16 13:01:00,18188.25,18191.75,18173.25,18177.00,328
2026-01-16 13:02:00,18177.00,18192.75,18176.00,18191.25,530
2026-01-16 13:03:00,18191.25,18197.00,18189.25,18192.75,750
2026-01-16 13:04:00,18192.75,18199.75,18180.25,18183.25,593
2026-01-16 13:05:00,18183.25,18197.50,18175.00,18189.25,935
2026-01-16 13:06:00,18189.25,18195.25,18179.25,18184.75,1221
2026-01-16 13:07:00,18184.75,18194.75,18183.00,18191.25,1381
2026-01-16 13:08:00,18191.25,18196.50,18173.50,18174.00,818
2026-01-16 13:09:00,18174.00,18182.25,18173.50,18174.25,375
2026-01-16 13:10:00,18174.25,18212.25,18173.00,18201.75,819
2026-01-16 13:11:00,18201.75,18204.00,18184.00,18187.75,1388
2026-01-16 13:12:00,18187.75,18193.00,18186.25,18192.25,494
2026-01-16 13:13:00,18192.25,18198.75,18188.00,18193.75,1378
2026-01-16 13:14:00,18193.75,18196.25,18180.25,18181.75,1176
2026-01-16 13:15:00,18181.75,18187.75,18172.25,18174.00,1422
2026-01-16 13:16:00,18174.00,18206.00,18167.75,18199.00,1478
2026-01-16 13:17:00,18199.00,18200.00,18177.25,18185.50,795
2026-01-16 13:18:00,18185.50,18200.50,18180.25,18184.25,891
2026-01-16 13:19:00,18184.25,18199.75,18178.00,18194.25,1167
2026-01-16 13:20:00,18194.25,18195.50,18191.00,18191.25,952
2026-01-16 13:21:00,18191.25,18196.25,18173.75,18176.25,1332
2026-01-16 13:22:00,18176.25,18194.50,18171.50,18194.25,444
2026-01-16 13:23:00,18194.25,18195.50,18180.75,18184.00,627
2026-01-16 13:24:00,18184.00,18187.25,18182.75,18186.75,978
2026-01-16 13:25:00,18186.75,18191.75,18185.50,18191.50,248
2026-01-16 13:26:00,18191.50,18195.25,18177.50,18179.00,292
2026-01-16 13:27:00,18179.00,18195.50,18171.75,18193.25,885
2026-01-16 13:28:00,18193.25,18196.25,18192.50,18195.25,1478
2026-01-16 13:29:00,18195.25,18197.25,18182.25,18188.50,1036
2026-01-16 13:30:00,18188.50,18191.00,18184.75,18190.00,1400
2026-01-16 13:31:00,18190.00,18192.75,18189.75,18191.00,1247
2026-01-16 13:32:00,18191.00,18202.00,18178.25,18183.00,1495
2026-01-16 13:33:00,18183.00,18199.50,18180.50,18197.00,1222
2026-01-16 13:34:00,18197.00,18201.75,18174.75,18179.50,753
2026-01-16 13:35:00,18179.50,18194.50,18177.50,18190.00,1196
2026-01-16 13:36:00,18190.00,18195.50,18179.75,18184.50,953
2026-01-16 13:37:00,18184.50,18198.25,18181.75,18188.25,1144
2026-01-16 13:38:00,18188.25,18189.75,18179.00,18182.25,1375
2026-01-16 13:39:00,18182.25,18202.75,18179.50,18196.00,925
2026-01-16 13:40:00,18196.00,18198.75,18177.00,18178.25,1432
2026-01-16 13:41:00,18178.25,18198.75,18170.50,18195.00,299
2026-01-16 13:42:00,18195.00,18198.25,18178.25,18182.50,1319
2026-01-16 13:43:00,18182.50,18187.25,18181.25,18183.25,696
2026-01-16 13:44:00,18183.25,18196.25,18180.00,18187.00,935
2026-01-16 13:45:00,18187.00,18192.25,18161.00,18163.25,1465
2026-01-16 13:46:00,18163.25,18185.75,18155.00,18182.00,423
2026-01-16 13:47:00,18182.00,18182.75,18164.00,18169.75,1010
2026-01-16 13:48:00,18169.75,18192.50,18166.25,18187.75,1233
2026-01-16 13:49:00,18187.75,18197.75,18186.75,18195.50,1047
2026-01-16 13:50:00,18195.50,18202.75,18193.25,18199.75,1390
2026-01-16 13:51:00,18199.75,18207.75,18180.75,18191.00,636
2026-01-16 13:52:00,18191.00,18201.75,18187.50,18189.25,1338
2026-01-16 13:53:00,18189.25,18189.50,18184.50,18189.50,657
2026-01-16 13:54:00,18189.50,18192.25,18164.75,18178.00,427
2026-01-16 13:55:00,18178.00,18194.75,18173.50,18193.75,1053
2026-01-16 13:56:00,18193.75,18195.75,18179.75,18183.75,1248
2026-01-16 13:57:00,18183.75,18188.50,18159.50,18168.50,494
2026-01-16 13:58:00,18168.50,18188.50,18167.25,18184.50,320
2026-01-16 13:59:00,18184.50,18192.50,18184.25,18190.75,277
2026-01-16 14:00:00,18190.75,18199.25,18190.00,18195.50,204
2026-01-16 14:01:00,18195.50,18199.25,18181.50,18185.00,1497
2026-01-16 14:02:00,18185.00,18187.00,18179.75,18182.75,1490
2026-01-16 14:03:00,18182.75,18189.75,18168.75,18172.50,932
2026-01-16 14:04:00,18172.50,18207.00,18172.00,18206.75,364
2026-01-16 14:05:00,18206.75,18210.75,18196.25,18197.00,921
2026-01-16 14:06:00,18197.00,18205.50,18192.25,18203.25,1295
2026-01-16 14:07:00,18203.25,18206.50,18160.25,18173.50,241
2026-01-16 14:08:00,18173.50,18182.25,18168.25,18181.75,449
2026-01-16 14:09:00,18181.75,18193.25,18180.50,18189.00,287
2026-01-16 14:10:00,18189.00,18198.75,18180.00,18195.25,457
2026-01-16 14:11:00,18195.25,18196.25,18185.50,18190.00,255
2026-01-16 14:12:00,18190.00,18194.50,18186.00,18191.50,741
2026-01-16 14:13:00,18191.50,18198.00,18161.25,18167.50,352
2026-01-16 14:14:00,18167.50,18186.50,18167.25,18184.25,1049
2026-01-16 14:15:00,18184.25,18189.50,18175.75,18183.25,876
2026-01-16 14:16:00,18183.25,18190.75,18167.00,18173.75,1479
2026-01-16 14:17:00,18173.75,18178.50,18169.50,18175.50,1321
2026-01-16 14:18:00,18175.50,18206.25,18170.25,18203.50,438
2026-01-16 14:19:00,18203.50,18204.00,18191.00,18194.00,1326
2026-01-16 14:20:00,18194.00,18199.50,18187.75,18195.00,1480
2026-01-16 14:21:00,18195.00,18199.50,18181.25,18183.50,1416
2026-01-16 14:22:00,18183.50,18187.25,18183.00,18186.50,1294
2026-01-16 14:23:00,18186.50,18191.00,18181.50,18181.75,330
2026-01-16 14:24:00,18181.75,18200.75,18180.75,18199.75,432
2026-01-16 14:25:00,18199.75,18201.25,18194.25,18198.50,649
2026-01-16 14:26:00,18198.50,18200.00,18197.25,18197.75,1141
2026-01-16 14:27:00,18197.75,18198.75,18176.75,18182.50,307
2026-01-16 14:28:00,18182.50,18195.00,18179.25,18192.00,932
2026-01-16 14:29:00,18192.00,18198.25,18173.75,18176.00,348
2026-01-16 14:30:00,18176.00,18191.25,18173.25,18187.25,203
2026-01-16 14:31:00,18187.25,18191.75,18174.50,18184.25,668
2026-01-16 14:32:00,18184.25,18200.50,18183.75,18194.50,959
2026-01-16 14:33:00,18194.50,18207.75,18184.25,18185.00,1418
2026-01-16 14:34:00,18185.00,18186.75,18183.50,18185.50,1085
2026-01-16 14:35:00,18185.50,18185.75,18170.25,18177.50,1412
2026-01-16 14:36:00,18177.50,18199.25,18176.00,18193.25,1148
2026-01-16 14:37:00,18193.25,18200.00,18182.75,18187.50,458
2026-01-16 14:38:00,18187.50,18191.00,18181.50,18182.00,858
2026-01-16 14:39:00,18182.00,18186.25,18175.50,18184.25,229
2026-01-16 14:40:00,18184.25,18189.25,18179.50,18183.00,453
2026-01-16 14:41:00,18183.00,18201.75,18173.75,18197.00,579
2026-01-16 14:42:00,18197.00,18199.50,18178.75,18180.50,1346
2026-01-16 14:43:00,18180.50,18185.00,18179.75,18180.75,346
2026-01-16 14:44:00,18180.75,18185.25,18178.25,18184.00,1482
2026-01-16 14:45:00,18184.00,18193.00,18175.25,18179.25,992
2026-01-16 14:46:00,18179.25,18207.25,18175.25,18203.25,1147
2026-01-16 14:47:00,18203.25,18207.75,18165.00,18173.25,771
2026-01-16 14:48:00,18173.25,18194.25,18173.00,18185.75,641
2026-01-16 14:49:00,18185.75,18188.00,18174.50,18183.75,474
2026-01-16 14:50:00,18183.75,18190.00,18183.00,18189.00,1381
2026-01-16 14:51:00,18189.00,18192.75,18170.25,18176.00,1231
2026-01-16 14:52:00,18176.00,18187.25,18173.75,18186.50,804
2026-01-16 14:53:00,18186.50,18201.00,18182.50,18198.75,1446
2026-01-16 14:54:00,18198.75,18204.00,18182.50,18187.75,1464
2026-01-16 14:55:00,18187.75,18197.75,18181.75,18185.50,797
2026-01-16 14:56:00,18185.50,18196.75,18185.25,18189.75,807
2026-01-16 14:57:00,18189.75,18191.75,18178.75,18187.50,733
2026-01-16 14:58:00,18187.50,18197.00,18177.00,18192.25,1182
2026-01-16 14:59:00,18192.25,18212.25,18184.50,18200.25,344
2026-01-16 15:00:00,18200.25,18204.50,18165.50,18174.50,1271
2026-01-16 15:01:00,18174.50,18194.50,18173.50,18192.75,639
2026-01-16 15:02:00,18192.75,18202.50,18185.25,18199.25,261
2026-01-16 15:03:00,18199.25,18207.50,18168.75,18173.75,886
2026-01-16 15:04:00,18173.75,18193.75,18165.25,18187.50,1307
2026-01-16 15:05:00,18187.50,18187.75,18176.75,18183.25,256
2026-01-16 15:06:00,18183.25,18207.50,18182.75,18207.25,1180
2026-01-16 15:07:00,18207.25,18212.25,18190.50,18193.25,279
2026-01-16 15:08:00,18193.25,18197.25,18189.75,18190.00,841
2026-01-16 15:09:00,18190.00,18197.00,18183.25,18184.25,1226
2026-01-16 15:10:00,18184.25,18196.00,18179.50,18190.50,1197
2026-01-16 15:11:00,18190.50,18196.00,18187.50,18188.25,1464
2026-01-16 15:12:00,18188.25,18193.75,18185.25,18190.75,1296
2026-01-16 15:13:00,18190.75,18194.00,18165.00,18169.00,266
2026-01-16 15:14:00,18169.00,18185.00,18167.25,18173.25,675
2026-01-16 15:15:00,18173.25,18182.75,18172.50,18178.75,397
2026-01-16 15:16:00,18178.75,18185.75,18172.00,18182.75,262
2026-01-16 15:17:00,18182.75,18194.50,18173.75,18190.75,873
2026-01-16 15:18:00,18190.75,18191.25,18188.25,18189.75,472
2026-01-16 15:19:00,18189.75,18192.00,18181.00,18186.50,677
2026-01-16 15:20:00,18186.50,18201.75,18182.75,18189.75,1489
2026-01-16 15:21:00,18189.75,18189.75,18181.25,18182.00,971
2026-01-16 15:22:00,18182.00,18211.00,18179.75,18200.25,857
2026-01-16 15:23:00,18200.25,18205.25,18174.00,18177.25,781
2026-01-16 15:24:00,18177.25,18191.25,18171.00,18188.25,812
2026-01-16 15:25:00,18188.25,18194.50,18180.75,18186.00,1382
2026-01-16 15:26:00,18186.00,18189.00,18174.25,18182.25,852
2026-01-16 15:27:00,18182.25,18182.75,18171.75,18173.50,797
2026-01-16 15:28:00,18173.50,18181.75,18168.75,18181.50,562
2026-01-16 15:29:00,18181.50,18183.00,18181.25,18181.75,760
2026-01-16 15:30:00,18181.75,18183.25,18174.00,18176.25,1179
2026-01-16 15:31:00,18176.25,18186.75,18176.00,18180.25,495
2026-01-16 15:32:00,18180.25,18181.50,18171.75,18175.25,466
2026-01-16 15:33:00,18175.25,18181.50,18170.75,18176.75,228
2026-01-16 15:34:00,18176.75,18186.00,18172.50,18185.00,1335
2026-01-16 15:35:00,18185.00,18195.50,18181.00,18193.75,852
2026-01-16 15:36:00,18193.75,18196.00,18175.00,18176.00,338
2026-01-16 15:37:00,18176.00,18192.75,18172.50,18189.75,681
2026-01-16 15:38:00,18189.75,18192.75,18158.50,18167.00,515
2026-01-16 15:39:00,18167.00,18179.00,18165.25,18172.00,278
2026-01-16 15:40:00,18172.00,18181.00,18167.00,18170.25,1126
2026-01-16 15:41:00,18170.25,18173.50,18169.75,18170.75,827
2026-01-16 15:42:00,18170.75,18172.00,18166.00,18170.50,649
2026-01-16 15:43:00,18170.50,18181.25,18169.25,18175.25,258
2026-01-16 15:44:00,18175.25,18201.75,18174.50,18197.25,897
2026-01-16 15:45:00,18197.25,18201.00,18184.75,18187.25,1488
2026-01-16 15:46:00,18187.25,18192.00,18184.25,18189.50,1418
2026-01-16 15:47:00,18189.50,18191.75,18181.00,18190.75,992
2026-01-16 15:48:00,18190.75,18193.50,18177.25,18178.50,403
2026-01-16 15:49:00,18178.50,18180.50,18168.75,18168.75,439
2026-01-16 15:50:00,18168.75,18180.75,18161.50,18178.75,261
2026-01-16 15:51:00,18178.75,18185.75,18176.75,18185.50,548
2026-01-16 15:52:00,18185.50,18191.00,18168.50,18172.50,586
2026-01-16 15:53:00,18172.50,18179.25,18168.25,18174.75,781
2026-01-16 15:54:00,18174.75,18180.25,18166.50,18169.50,1105
2026-01-16 15:55:00,18169.50,18185.50,18169.00,18183.25,1370
2026-01-16 15:56:00,18183.25,18187.00,18158.00,18166.25,1077
2026-01-16 15:57:00,18166.25,18186.50,18165.00,18186.00,769
2026-01-16 15:58:00,18186.00,18194.25,18182.50,18184.00,714
2026-01-16 15:59:00,18184.00,18193.50,18183.50,18186.25,1495
2026-01-19 08:00:00,18240.75,18241.50,18233.75,18239.75,780
2026-01-19 08:01:00,18239.75,18241.50,18236.00,18238.25,1435
2026-01-19 08:02:00,18238.25,18244.75,18232.75,18242.00,1481
2026-01-19 08:03:00,18242.00,18242.50,18237.00,18238.00,1425
2026-01-19 08:04:00,18238.00,18254.25,18235.50,18253.25,934
2026-01-19 08:05:00,18253.25,18258.50,18237.75,18241.00,1432
2026-01-19 08:06:00,18241.00,18245.25,18239.75,18241.75,1005
2026-01-19 08:07:00,18241.75,18245.50,18239.00,18240.50,1191
2026-01-19 08:08:00,18240.50,18241.00,18228.50,18234.00,895
2026-01-19 08:09:00,18234.00,18247.75,18230.75,18244.75,378
2026-01-19 08:10:00,18244.75,18248.75,18232.75,18238.00,702
2026-01-19 08:11:00,18238.00,18238.00,18235.75,18237.25,655
2026-01-19 08:12:00,18237.25,18248.25,18236.00,18247.75,1179
2026-01-19 08:13:00,18247.75,18248.25,18241.75,18242.75,651
2026-01-19 08:14:00,18242.75,18245.50,18238.50,18245.25,1146
2026-01-19 08:15:00,18245.25,18253.75,18234.25,18236.25,378
2026-01-19 08:16:00,18236.25,18241.00,18233.25,18239.75,999
2026-01-19 08:17:00,18239.75,18248.25,18235.75,18237.25,778
2026-01-19 08:18:00,18237.25,18247.50,18234.25,18244.25,1397
2026-01-19 08:19:00,18244.25,18256.00,18239.50,18251.25,244
2026-01-19 08:20:00,18251.25,18255.50,18242.50,18243.75,1348
2026-01-19 08:21:00,18243.75,18247.00,18232.25,18238.50,470
2026-01-19 08:22:00,18238.50,18245.50,18236.25,18244.25,1296
2026-01-19 08:23:00,18244.25,18253.75,18242.75,18251.25,1455
2026-01-19 08:24:00,18251.25,18253.50,18241.50,18245.25,896
2026-01-19 08:25:00,18245.25,18247.00,18233.50,18234.50,612
2026-01-19 08:26:00,18234.50,18238.25,18232.25,18237.75,854
2026-01-19 08:27:00,18237.75,18244.00,18236.25,18237.25,1334
2026-01-19 08:28:00,18237.25,18242.75,18234.50,18242.00,1256
2026-01-19 08:29:00,18242.00,18251.25,18238.00,18246.00,963
2026-01-19 08:30:00,18246.00,18249.75,18233.00,18237.50,1212
2026-01-19 08:31:00,18237.50,18244.00,18236.00,18243.00,1039
2026-01-19 08:32:00,18243.00,18247.75,18237.25,18240.50,540
2026-01-19 08:33:00,18240.50,18246.25,18236.75,18244.25,1446
2026-01-19 08:34:00,18244.25,18246.50,18238.75,18238.75,576
2026-01-19 08:35:00,18238.75,18238.75,18235.75,18238.75,842
2026-01-19 08:36:00,18238.75,18243.75,18235.75,18241.75,1404
2026-01-19 08:37:00,18241.75,18244.50,18235.00,18240.50,797
2026-01-19 08:38:00,18240.50,18243.00,18237.00,18242.00,1392
2026-01-19 08:39:00,18242.00,18251.00,18240.00,18248.50,1391
2026-01-19 08:40:00,18248.50,18249.00,18242.25,18242.75,834
2026-01-19 08:41:00,18242.75,18245.00,18232.50,18237.25,1120
2026-01-19 08:42:00,18237.25,18250.00,18236.25,18246.25,1041
2026-01-19 08:43:00,18246.25,18247.00,18239.50,18240.75,893
2026-01-19 08:44:00,18240.75,18260.00,18237.50,18254.75,1371
2026-01-19 08:45:00,18254.75,18258.00,18227.25,18231.00,859
2026-01-19 08:46:00,18231.00,18232.00,18229.00,18231.00,747
2026-01-19 08:47:00,18231.00,18240.25,18230.00,18237.50,802
2026-01-19 08:48:00,18237.50,18239.00,18236.00,18237.75,1448
2026-01-19 08:49:00,18237.75,18243.75,18224.50,18232.00,731
2026-01-19 08:50:00,18232.00,18239.00,18230.00,18231.25,1399
2026-01-19 08:51:00,18231.25,18243.25,18228.00,18241.00,433
2026-01-19 08:52:00,18241.00,18249.25,18233.00,18247.50,576
2026-01-19 08:53:00,18247.50,18252.50,18240.00,18242.25,429
2026-01-19 08:54:00,18242.25,18245.75,18240.75,18241.00,759
2026-01-19 08:55:00,18241.00,18241.50,18228.50,18231.50,629
2026-01-19 08:56:00,18231.50,18248.50,18231.50,18245.00,493
2026-01-19 08:57:00,18245.00,18247.75,18241.50,18245.00,823
2026-01-19 08:58:00,18245.00,18250.25,18242.00,18249.25,946
2026-01-19 08:59:00,18249.25,18253.00,18224.00,18228.50,1141
2026-01-19 09:00:00,18228.50,18241.50,18226.25,18239.50,429
2026-01-19 09:01:00,18239.50,18244.75,18234.25,18236.75,1205
2026-01-19 09:02:00,18236.75,18240.50,18234.50,18236.00,1316
2026-01-19 09:03:00,18236.00,18258.00,18235.75,18251.75,725
2026-01-19 09:04:00,18251.75,18257.00,18230.25,18236.25,789
2026-01-19 09:05:00,18236.25,18246.50,18234.25,18244.50,233
2026-01-19 09:06:00,18244.50,18252.00,18238.00,18239.50,1081
2026-01-19 09:07:00,18239.50,18242.50,18236.00,18236.25,1067
2026-01-19 09:08:00,18236.25,18243.00,18233.00,18243.00,1462
2026-01-19 09:09:00,18243.00,18246.50,18239.50,18239.50,617
2026-01-19 09:10:00,18239.50,18243.50,18239.25,18242.50,1255
2026-01-19 09:11:00,18242.50,18250.25,18237.00,18238.50,771
2026-01-19 09:12:00,18238.50,18246.25,18237.50,18245.50,809
2026-01-19 09:13:00,18245.50,18249.00,18228.75,18235.00,1113
2026-01-19 09:14:00,18235.00,18240.75,18231.25,18234.25,680
2026-01-19 09:15:00,18234.25,18255.50,18232.75,18248.25,1404
2026-01-19 09:16:00,18248.25,18252.00,18239.25,18242.50,1313
2026-01-19 09:17:00,18242.50,18247.50,18232.25,18242.75,490
2026-01-19 09:18:00,18242.75,18252.75,18241.75,18249.75,1004
2026-01-19 09:19:00,18249.75,18251.25,18242.00,18246.25,705
2026-01-19 09:20:00,18246.25,18247.00,18240.25,18241.25,1458
2026-01-19 09:21:00,18241.25,18245.25,18236.75,18237.25,599
2026-01-19 09:22:00,18237.25,18239.75,18229.25,18230.00,434
2026-01-19 09:23:00,18230.00,18234.25,18227.25,18233.50,839
2026-01-19 09:24:00,18241.75,18244.50,18238.50,18241.25,331
2026-01-19 09:25:00,18241.25,18244.75,18236.00,18238.00,439
2026-01-19 09:26:00,18238.00,18257.75,18237.50,18255.50,1388
2026-01-19 09:27:00,18255.50,18265.00,18255.00,18263.25,312
2026-01-19 09:28:00,18263.25,18273.75,18262.00,18268.50,335
2026-01-19 09:29:00,18268.50,18271.75,18267.00,18271.00,1338
2026-01-19 09:30:00,18271.00,18271.25,18250.75,18252.25,844
2026-01-19 09:31:00,18252.25,18252.25,18240.75,18240.75,1093
2026-01-19 09:32:00,18240.75,18248.25,18237.75,18246.25,1447
2026-01-19 09:33:00,18246.25,18247.00,18237.25,18237.25,1451
2026-01-19 09:34:00,18237.25,18238.00,18215.75,18217.50,527
2026-01-19 09:35:00,18217.50,18228.75,18216.25,18228.25,418
2026-01-19 09:36:00,18228.25,18230.00,18215.75,18218.75,344
2026-01-19 09:37:00,18218.75,18219.75,18201.50,18202.25,1283
2026-01-19 09:38:00,18202.25,18210.75,18202.00,18209.75,1310
2026-01-19 09:39:00,18209.75,18215.75,18207.75,18215.75,1291
2026-01-19 09:40:00,18215.75,18227.75,18214.50,18226.50,305
2026-01-19 09:41:00,18226.50,18238.00,18226.00,18236.50,480
2026-01-19 09:42:00,18236.50,18246.75,18234.50,18246.75,860
2026-01-19 09:43:00,18246.75,18264.00,18246.50,18263.00,320
2026-01-19 09:44:00,18263.00,18264.50,18256.25,18257.25,812
2026-01-19 09:45:00,18257.25,18271.75,18255.75,18268.75,992
2026-01-19 09:46:00,18268.75,18274.00,18239.75,18242.00,807
2026-01-19 09:47:00,18242.00,18246.00,18228.00,18228.00,1357
2026-01-19 09:48:00,18228.00,18241.00,18223.25,18229.25,1276
2026-01-19 09:49:00,18229.25,18236.25,18225.75,18230.75,204
2026-01-19 09:50:00,18230.75,18237.75,18219.50,18227.00,395
2026-01-19 09:51:00,18227.00,18228.50,18213.00,18215.50,1479
2026-01-19 09:52:00,18215.50,18224.50,18212.50,18217.75,310
2026-01-19 09:53:00,18217.75,18228.00,18200.00,18207.50,480
2026-01-19 09:54:00,18207.50,18210.25,18202.75,18204.50,1000
2026-01-19 09:55:00,18204.50,18205.50,18186.50,18196.75,1019
2026-01-19 09:56:00,18196.75,18209.75,18191.50,18205.75,669
2026-01-19 09:57:00,18205.75,18209.00,18168.50,18173.50,853
2026-01-19 09:58:00,18173.50,18190.00,18165.00,18188.75,1280
2026-01-19 09:59:00,18188.75,18190.00,18175.00,18179.00,534
2026-01-19 10:00:00,18179.00,18181.75,18162.75,18168.25,672
2026-01-19 10:01:00,18168.25,18174.25,18147.50,18160.00,303
2026-01-19 10:02:00,18160.00,18178.75,18151.50,18171.25,518
2026-01-19 10:03:00,18171.25,18174.75,18156.75,18158.50,1247
2026-01-19 10:04:00,18158.50,18159.25,18150.00,18150.25,586
2026-01-19 10:05:00,18150.25,18152.00,18135.00,18148.00,963
2026-01-19 10:06:00,18148.00,18152.25,18127.50,18130.00,681
2026-01-19 10:07:00,18130.00,18139.75,18123.75,18131.25,813
2026-01-19 10:08:00,18131.25,18142.75,18128.00,18130.25,653
2026-01-19 10:09:00,18130.25,18139.50,18121.00,18136.00,1155
2026-01-19 10:10:00,18136.00,18139.75,18135.00,18137.50,1212
2026-01-19 10:11:00,18137.50,18143.00,18137.25,18141.00,615
2026-01-19 10:12:00,18141.00,18149.50,18125.00,18130.25,1065
2026-01-19 10:13:00,18130.25,18139.00,18121.25,18133.75,1013
2026-01-19 10:14:00,18133.75,18139.50,18129.25,18137.25,1415
2026-01-19 10:15:00,18137.25,18150.25,18136.75,18141.75,385
2026-01-19 10:16:00,18141.75,18143.75,18133.50,18143.50,1362
2026-01-19 10:17:00,18143.50,18150.75,18126.25,18132.50,1297
2026-01-19 10:18:00,18132.50,18139.00,18130.00,18138.25,640
2026-01-19 10:19:00,18138.25,18149.00,18136.50,18145.75,463
2026-01-19 10:20:00,18145.75,18147.25,18136.75,18137.75,1452
2026-01-19 10:21:00,18137.75,18140.00,18109.50,18110.25,1130
2026-01-19 10:22:00,18110.25,18121.00,18103.75,18119.00,326
2026-01-19 10:23:00,18119.00,18129.75,18117.25,18127.75,779
2026-01-19 10:24:00,18127.75,18138.25,18126.00,18129.00,403
2026-01-19 10:25:00,18129.00,18131.50,18116.50,18122.00,349
2026-01-19 10:26:00,18122.00,18144.75,18120.75,18136.75,1093
2026-01-19 10:27:00,18136.75,18138.00,18132.00,18134.25,469
2026-01-19 10:28:00,18134.25,18144.00,18133.50,18137.75,1492
2026-01-19 10:29:00,18137.75,18145.00,18133.50,18144.25,1128
2026-01-19 10:30:00,18144.25,18148.00,18123.75,18128.00,810
2026-01-19 10:31:00,18128.00,18142.75,18123.75,18141.00,440
2026-01-19 10:32:00,18141.00,18148.75,18136.75,18144.50,276
2026-01-19 10:33:00,18144.50,18147.50,18128.50,18133.00,1183
2026-01-19 10:34:00,18133.00,18136.75,18125.50,18136.75,794
2026-01-19 10:35:00,18136.75,18151.25,18129.75,18145.00,1086
2026-01-19 10:36:00,18145.00,18146.75,18130.25,18132.25,738
2026-01-19 10:37:00,18132.25,18135.00,18110.75,18119.25,801
2026-01-19 10:38:00,18119.25,18135.75,18113.00,18131.00,554
2026-01-19 10:39:00,18131.00,18135.25,18130.00,18134.50,584
2026-01-19 10:40:00,18134.50,18140.50,18126.25,18135.75,386
2026-01-19 10:41:00,18135.75,18140.00,18117.75,18118.75,656
2026-01-19 10:42:00,18118.75,18147.00,18116.50,18136.75,1316
2026-01-19 10:43:00,18136.75,18155.50,18134.25,18151.25,563
2026-01-19 10:44:00,18151.25,18151.50,18117.25,18131.25,673
2026-01-19 10:45:00,18131.25,18140.25,18125.75,18137.00,1117
2026-01-19 10:46:00,18137.00,18140.25,18127.50,18133.25,1194
2026-01-19 10:47:00,18133.25,18140.25,18128.25,18136.00,1165
2026-01-19 10:48:00,18136.00,18151.75,18116.75,18128.50,1203
2026-01-19 10:49:00,18128.50,18154.50,18124.25,18147.00,416
2026-01-19 10:50:00,18147.00,18150.00,18143.00,18148.50,482
2026-01-19 10:51:00,18148.50,18156.75,18143.00,18146.25,260
2026-01-19 10:52:00,18146.25,18150.25,18127.50,18131.00,885
2026-01-19 10:53:00,18131.00,18145.75,18129.00,18141.75,818
2026-01-19 10:54:00,18141.75,18143.75,18119.50,18123.25,774
2026-01-19 10:55:00,18123.25,18145.00,18120.25,18143.75,594
2026-01-19 10:56:00,18143.75,18148.25,18129.50,18131.50,553
2026-01-19 10:57:00,18131.50,18147.00,18130.25,18145.75,1039
2026-01-19 10:58:00,18145.75,18147.00,18118.75,18122.50,207
2026-01-19 10:59:00,18122.50,18124.25,18118.00,18122.75,1248
2026-01-19 11:00:00,18122.75,18160.25,18119.25,18156.25,596
2026-01-19 11:01:00,18156.25,18163.75,18149.25,18152.50,1155
2026-01-19 11:02:00,18152.50,18153.00,18127.25,18135.25,646
2026-01-19 11:03:00,18135.25,18141.50,18128.00,18131.25,1223
2026-01-19 11:04:00,18131.25,18145.25,18126.25,18143.75,986
2026-01-19 11:05:00,18143.75,18151.00,18142.25,18144.00,385
2026-01-19 11:06:00,18144.00,18147.25,18127.75,18128.50,1190
2026-01-19 11:07:00,18128.50,18134.00,18126.25,18126.50,1053
2026-01-19 11:08:00,18126.50,18141.00,18121.00,18136.75,376
2026-01-19 11:09:00,18136.75,18137.25,18128.25,18131.25,947
2026-01-19 11:10:00,18131.25,18132.50,18122.50,18124.50,715
2026-01-19 11:11:00,18124.50,18138.50,18119.75,18132.75,500
2026-01-19 11:12:00,18132.75,18139.25,18132.00,18135.75,1095
2026-01-19 11:13:00,18135.75,18143.50,18135.00,18138.25,858
2026-01-19 11:14:00,18138.25,18142.25,18134.50,18136.25,286
2026-01-19 11:15:00,18136.25,18140.25,18130.00,18136.50,691
2026-01-19 11:16:00,18136.50,18139.00,18130.25,18130.25,303
2026-01-19 11:17:00,18130.25,18140.75,18127.25,18139.00,1181
2026-01-19 11:18:00,18139.00,18141.00,18135.00,18139.50,255
2026-01-19 11:19:00,18139.50,18145.00,18131.50,18134.50,352
2026-01-19 11:20:00,18134.50,18137.25,18126.50,18131.00,1378
2026-01-19 11:21:00,18131.00,18147.25,18128.75,18138.25,1310
2026-01-19 11:22:00,18138.25,18148.75,18132.25,18133.00,323
2026-01-19 11:23:00,18133.00,18145.50,18127.00,18134.25,905
2026-01-19 11:24:00,18134.25,18135.25,18127.00,18127.75,1183
2026-01-19 11:25:00,18127.75,18137.75,18125.50,18134.75,1207
2026-01-19 11:26:00,18134.75,18135.25,18116.75,18120.00,621
2026-01-19 11:27:00,18120.00,18124.75,18118.75,18124.50,1330
2026-01-19 11:28:00,18124.50,18128.25,18111.00,18113.50,596
2026-01-19 11:29:00,18113.50,18130.25,18113.50,18130.00,1147
2026-01-19 11:30:00,18130.00,18138.75,18125.75,18135.50,468
2026-01-19 11:31:00,18135.50,18144.25,18130.50,18137.25,1399
2026-01-19 11:32:00,18137.25,18140.75,18117.25,18124.75,492
2026-01-19 11:33:00,18124.75,18141.00,18122.25,18139.00,1303
2026-01-19 11:34:00,18139.00,18143.50,18136.50,18136.50,1370
2026-01-19 11:35:00,18136.50,18147.25,18124.00,18125.25,205
2026-01-19 11:36:00,18125.25,18132.00,18123.25,18127.25,482
2026-01-19 11:37:00,18127.25,18134.25,18125.75,18132.00,1463
2026-01-19 11:38:00,18132.00,18134.25,18127.00,18127.75,706
2026-01-19 11:39:00,18127.75,18128.75,18121.50,18123.75,448
2026-01-19 11:40:00,18123.75,18136.00,18119.75,18134.25,1312
2026-01-19 11:41:00,18134.25,18144.50,18133.50,18138.75,374
2026-01-19 11:42:00,18138.75,18144.00,18136.75,18137.00,1241
2026-01-19 11:43:00,18137.00,18138.25,18131.00,18135.75,1210
2026-01-19 11:44:00,18135.75,18138.00,18133.50,18136.75,229
2026-01-19 11:45:00,18136.75,18138.50,18120.75,18123.25,1276
2026-01-19 11:46:00,18123.25,18129.75,18122.50,18127.00,613
2026-01-19 11:47:00,18127.00,18137.75,18122.75,18125.50,1481
2026-01-19 11:48:00,18125.50,18140.50,18125.25,18134.00,599
2026-01-19 11:49:00,18134.00,18141.00,18131.50,18138.75,1456
2026-01-19 11:50:00,18138.75,18140.50,18118.00,18126.50,219
2026-01-19 11:51:00,18126.50,18134.00,18115.50,18118.50,498
2026-01-19 11:52:00,18118.50,18121.50,18115.75,18121.25,382
2026-01-19 11:53:00,18121.25,18133.50,18120.75,18132.50,997
2026-01-19 11:54:00,18132.50,18143.50,18131.00,18143.50,1146
2026-01-19 11:55:00,18143.50,18152.50,18136.00,18145.25,1439
2026-01-19 11:56:00,18145.25,18149.25,18134.50,18134.75,1182
2026-01-19 11:57:00,18134.75,18138.00,18120.00,18124.50,1235
2026-01-19 11:58:00,18124.50,18139.00,18123.75,18134.75,1416
2026-01-19 11:59:00,18134.75,18147.25,18128.00,18129.25,1135
2026-01-19 12:00:00,18129.25,18147.25,18127.50,18139.00,1200
2026-01-19 12:01:00,18139.00,18140.25,18120.25,18121.00,819
2026-01-19 12:02:00,18121.00,18125.25,18113.25,18122.00,474
2026-01-19 12:03:00,18122.00,18140.50,18119.50,18133.75,405
2026-01-19 12:04:00,18133.75,18137.50,18124.50,18131.75,831
2026-01-19 12:05:00,18131.75,18138.75,18129.75,18135.50,372
2026-01-19 12:06:00,18135.50,18136.00,18119.25,18119.50,794
2026-01-19 12:07:00,18119.50,18140.75,18114.00,18139.75,584
2026-01-19 12:08:00,18139.75,18140.75,18135.50,18136.50,371
2026-01-19 12:09:00,18136.50,18137.50,18112.25,18118.75,1118
2026-01-19 12:10:00,18118.75,18137.00,18114.00,18134.00,401
2026-01-19 12:11:00,18134.00,18139.00,18114.75,18115.75,414
2026-01-19 12:12:00,18115.75,18132.75,18109.75,18131.00,908
2026-01-19 12:13:00,18131.00,18131.25,18118.50,18122.75,1118
2026-01-19 12:14:00,18122.75,18134.25,18122.00,18127.00,1279
2026-01-19 12:15:00,18127.00,18128.75,18115.25,18118.75,1121
2026-01-19 12:16:00,18118.75,18143.75,18117.00,18140.25,374
2026-01-19 12:17:00,18140.25,18145.50,18127.00,18131.25,343
2026-01-19 12:18:00,18131.25,18145.00,18126.75,18141.75,1236
2026-01-19 12:19:00,18141.75,18143.50,18131.75,18132.25,1255
2026-01-19 12:20:00,18132.25,18140.25,18132.00,18132.50,1260
2026-01-19 12:21:00,18132.50,18135.00,18127.50,18134.50,1364
2026-01-19 12:22:00,18134.50,18140.75,18123.00,18127.75,1172
2026-01-19 12:23:00,18127.75,18138.00,18112.50,18124.25,236
2026-01-19 12:24:00,18124.25,18135.50,18116.75,18129.50,427
2026-01-19 12:25:00,18129.50,18131.50,18124.00,18124.50,847
2026-01-19 12:26:00,18124.50,18130.75,18124.25,18130.00,635
2026-01-19 12:27:00,18130.00,18140.00,18129.00,18130.50,610
2026-01-19 12:28:00,18130.50,18131.00,18120.75,18122.00,671
2026-01-19 12:29:00,18122.00,18124.00,18106.75,18109.50,453
2026-01-19 12:30:00,18109.50,18112.50,18106.00,18110.75,1095
2026-01-19 12:31:00,18110.75,18124.00,18110.75,18118.00,1496
2026-01-19 12:32:00,18118.00,18138.00,18113.50,18134.50,924
2026-01-19 12:33:00,18134.50,18135.50,18122.75,18124.75,1107
2026-01-19 12:34:00,18124.75,18137.75,18117.25,18133.25,1154
2026-01-19 12:35:00,18133.25,18142.25,18114.25,18121.25,1066
2026-01-19 12:36:00,18121.25,18124.75,18120.75,18123.25,1198
2026-01-19 12:37:00,18123.25,18128.50,18120.75,18127.50,1444
2026-01-19 12:38:00,18127.50,18128.75,18121.75,18122.25,696
2026-01-19 12:39:00,18122.25,18128.00,18118.00,18124.25,288
2026-01-19 12:40:00,18124.25,18144.50,18124.25,18140.50,1277
2026-01-19 12:41:00,18140.50,18146.25,18136.00,18139.50,1086
2026-01-19 12:42:00,18139.50,18147.00,18129.50,18135.75,498
2026-01-19 12:43:00,18135.75,18137.75,18133.00,18136.00,1205
2026-01-19 12:44:00,18136.00,18144.75,18131.25,18131.50,605
2026-01-19 12:45:00,18131.50,18138.50,18130.50,18131.25,717
2026-01-19 12:46:00,18131.25,18143.00,18129.25,18134.25,892
2026-01-19 12:47:00,18134.25,18138.50,18113.25,18123.25,560
2026-01-19 12:48:00,18123.25,18126.25,18122.75,18123.75,849
2026-01-19 12:49:00,18123.75,18128.00,18110.50,18116.00,1130
2026-01-19 12:50:00,18116.00,18128.50,18115.00,18128.25,1239
2026-01-19 12:51:00,18128.25,18129.25,18111.25,18119.00,1041
2026-01-19 12:52:00,18119.00,18147.00,18112.50,18142.00,1488
2026-01-19 12:53:00,18142.00,18148.50,18120.00,18121.25,1063
2026-01-19 12:54:00,18121.25,18128.25,18116.50,18127.75,212
2026-01-19 12:55:00,18127.75,18128.75,18119.50,18125.25,1061
2026-01-19 12:56:00,18125.25,18134.75,18124.50,18131.50,1156
2026-01-19 12:57:00,18131.50,18131.75,18105.00,18115.25,852
2026-01-19 12:58:00,18115.25,18126.50,18113.50,18125.75,1150
2026-01-19 12:59:00,18125.75,18127.00,18124.75,18125.50,1430
2026-01-19 13:00:00,18125.50,18127.50,18120.00,18121.50,994
2026-01-19 13:01:00,18121.50,18139.50,18119.50,18132.50,679
2026-01-19 13:02:00,18132.50,18133.50,18117.00,18119.00,1240
2026-01-19 13:03:00,18119.00,18136.00,18114.00,18126.75,674
2026-01-19 13:04:00,18126.75,18126.75,18118.50,18123.50,502
2026-01-19 13:05:00,18123.50,18130.75,18120.50,18122.00,985
2026-01-19 13:06:00,18122.00,18128.00,18119.75,18124.25,1284
2026-01-19 13:07:00,18124.25,18134.50,18121.00,18132.50,1415
2026-01-19 13:08:00,18132.50,18132.75,18122.00,18124.00,473
2026-01-19 13:09:00,18124.00,18137.00,18121.75,18132.50,503
2026-01-19 13:10:00,18132.50,18133.50,18125.00,18126.00,252
2026-01-19 13:11:00,18126.00,18129.25,18120.50,18122.50,865
2026-01-19 13:12:00,18122.50,18130.75,18120.00,18126.50,1461
2026-01-19 13:13:00,18126.50,18132.75,18113.25,18118.25,1220
2026-01-19 13:14:00,18118.25,18143.50,18117.50,18142.25,1488
2026-01-19 13:15:00,18142.25,18147.50,18118.75,18120.00,429
2026-01-19 13:16:00,18120.00,18134.00,18110.25,18129.00,1012
2026-01-19 13:17:00,18129.00,18135.25,18116.00,18117.50,807
2026-01-19 13:18:00,18117.50,18132.75,18117.25,18126.00,1185
2026-01-19 13:19:00,18126.00,18141.00,18123.50,18139.00,920
2026-01-19 13:20:00,18139.00,18145.75,18106.00,18108.50,319
2026-01-19 13:21:00,18108.50,18131.25,18101.75,18122.25,782
2026-01-19 13:22:00,18122.25,18125.50,18118.00,18119.75,760
2026-01-19 13:23:00,18119.75,18124.00,18119.50,18121.75,1115
2026-01-19 13:24:00,18121.75,18135.00,18108.50,18111.00,1227
2026-01-19 13:25:00,18111.00,18136.25,18100.50,18133.50,553
2026-01-19 13:26:00,18133.50,18135.75,18101.00,18110.00,1017
2026-01-19 13:27:00,18110.00,18133.75,18103.75,18132.50,1115
2026-01-19 13:28:00,18132.50,18139.50,18131.50,18138.25,1096
2026-01-19 13:29:00,18138.25,18144.75,18097.00,18112.50,1500
2026-01-19 13:30:00,18112.50,18121.25,18110.00,18119.00,658
2026-01-19 13:31:00,18119.00,18129.50,18113.25,18115.00,464
2026-01-19 13:32:00,18115.00,18129.00,18110.50,18126.50,295
2026-01-19 13:33:00,18126.50,18130.00,18123.25,18127.75,972
2026-01-19 13:34:00,18127.75,18133.75,18104.25,18108.00,829
2026-01-19 13:35:00,18108.00,18130.25,18103.50,18124.50,329
2026-01-19 13:36:00,18124.50,18128.50,18121.00,18127.75,1039
2026-01-19 13:37:00,18127.75,18130.50,18112.00,18113.00,614
2026-01-19 13:38:00,18113.00,18127.00,18112.75,18126.00,267
2026-01-19 13:39:00,18126.00,18140.50,18124.50,18129.00,1061
2026-01-19 13:40:00,18129.00,18132.50,18116.50,18119.75,1305
2026-01-19 13:41:00,18119.75,18130.00,18117.25,18128.50,667
2026-01-19 13:42:00,18128.50,18130.75,18115.00,18116.25,1351
2026-01-19 13:43:00,18116.25,18142.00,18110.25,18137.50,1290
2026-01-19 13:44:00,18137.50,18146.50,18113.25,18118.50,530
2026-01-19 13:45:00,18118.50,18130.75,18114.50,18125.00,318
2026-01-19 13:46:00,18125.00,18128.75,18122.25,18128.50,1370
2026-01-19 13:47:00,18128.50,18136.00,18127.00,18132.25,731
2026-01-19 13:48:00,18132.25,18133.25,18110.75,18117.50,350
2026-01-19 13:49:00,18117.50,18127.25,18115.00,18124.50,544
2026-01-19 13:50:00,18124.50,18145.00,18122.75,18138.50,301
2026-01-19 13:51:00,18138.50,18138.75,18115.75,18117.25,374
2026-01-19 13:52:00,18117.25,18134.00,18116.00,18130.50,1435
2026-01-19 13:53:00,18130.50,18133.75,18116.50,18125.50,966
2026-01-19 13:54:00,18125.50,18134.50,18120.75,18129.25,987
2026-01-19 13:55:00,18129.25,18154.50,18125.25,18143.75,423
2026-01-19 13:56:00,18143.75,18150.50,18130.25,18130.25,1056
2026-01-19 13:57:00,18130.25,18139.50,18120.50,18125.75,1219
2026-01-19 13:58:00,18125.75,18128.50,18124.00,18124.75,1082
2026-01-19 13:59:00,18124.75,18132.50,18118.25,18128.00,1056
2026-01-19 14:00:00,18128.00,18132.25,18120.50,18122.25,1344
2026-01-19 14:01:00,18122.25,18128.75,18120.25,18128.25,282
2026-01-19 14:02:00,18128.25,18133.00,18124.25,18128.50,259
2026-01-19 14:03:00,18128.50,18137.50,18122.00,18136.50,689
2026-01-19 14:04:00,18136.50,18136.75,18119.25,18120.50,755
2026-01-19 14:05:00,18120.50,18132.75,18116.00,18129.75,1043
2026-01-19 14:06:00,18129.75,18139.50,18124.00,18124.75,1088
2026-01-19 14:07:00,18124.75,18132.00,18099.75,18108.00,228
2026-01-19 14:08:00,18108.00,18135.25,18103.00,18132.00,1448
2026-01-19 14:09:00,18132.00,18137.25,18105.50,18111.00,1178
2026-01-19 14:10:00,18111.00,18135.50,18102.75,18134.75,399
2026-01-19 14:11:00,18134.75,18135.00,18119.50,18121.50,737
2026-01-19 14:12:00,18121.50,18145.50,18115.50,18142.25,312
2026-01-19 14:13:00,18142.25,18144.25,18123.00,18128.50,1058
2026-01-19 14:14:00,18128.50,18129.25,18118.25,18121.50,1172
2026-01-19 14:15:00,18121.50,18132.50,18115.75,18127.50,614
2026-01-19 14:16:00,18127.50,18128.25,18127.00,18127.25,854
2026-01-19 14:17:00,18127.25,18131.00,18120.75,18125.75,1235
2026-01-19 14:18:00,18125.75,18137.00,18125.50,18129.00,808
2026-01-19 14:19:00,18129.00,18140.50,18118.50,18122.75,357
2026-01-19 14:20:00,18122.75,18135.75,18122.50,18128.25,309
2026-01-19 14:21:00,18128.25,18132.25,18113.50,18118.50,840
2026-01-19 14:22:00,18118.50,18121.00,18103.50,18110.50,464
2026-01-19 14:23:00,18110.50,18127.00,18109.25,18123.00,608
2026-01-19 14:24:00,18123.00,18123.75,18116.75,18121.50,350
2026-01-19 14:25:00,18121.50,18125.75,18111.75,18117.00,417
2026-01-19 14:26:00,18117.00,18124.75,18113.00,18119.50,388
2026-01-19 14:27:00,18119.50,18120.50,18106.00,18114.75,1203
2026-01-19 14:28:00,18114.75,18119.75,18112.75,18118.00,1155
2026-01-19 14:29:00,18118.00,18118.75,18111.25,18115.25,1035
2026-01-19 14:30:00,18115.25,18124.50,18105.00,18119.25,1282
2026-01-19 14:31:00,18119.25,18124.00,18115.00,18123.50,1032
2026-01-19 14:32:00,18123.50,18135.50,18119.00,18125.75,272
2026-01-19 14:33:00,18125.75,18126.25,18113.50,18118.50,1329
2026-01-19 14:34:00,18118.50,18127.75,18108.25,18122.75,353
2026-01-19 14:35:00,18122.75,18125.50,18121.50,18123.75,485
2026-01-19 14:36:00,18123.75,18130.00,18106.50,18118.25,851
2026-01-19 14:37:00,18118.25,18123.25,18112.75,18114.25,1492
2026-01-19 14:38:00,18114.25,18117.25,18107.50,18117.00,1388
2026-01-19 14:39:00,18117.00,18118.75,18116.25,18116.75,655
2026-01-19 14:40:00,18116.75,18128.25,18111.25,18122.25,1207
2026-01-19 14:41:00,18122.25,18127.50,18107.25,18113.00,215
2026-01-19 14:42:00,18113.00,18120.75,18110.75,18117.50,657
2026-01-19 14:43:00,18117.50,18118.75,18114.00,18115.00,1193
2026-01-19 14:44:00,18115.00,18123.00,18111.00,18120.00,690
2026-01-19 14:45:00,18120.00,18139.75,18116.25,18134.75,1487
2026-01-19 14:46:00,18134.75,18137.00,18105.25,18112.50,1084
2026-01-19 14:47:00,18112.50,18141.50,18111.00,18137.75,319
2026-01-19 14:48:00,18137.75,18140.00,18132.25,18132.75,1183
2026-01-19 14:49:00,18132.75,18134.25,18124.75,18127.75,795
2026-01-19 14:50:00,18127.75,18131.50,18108.00,18111.75,575
2026-01-19 14:51:00,18111.75,18114.50,18109.00,18114.25,283
2026-01-19 14:52:00,18114.25,18115.50,18112.25,18113.75,477
2026-01-19 14:53:00,18113.75,18133.25,18112.25,18125.50,955
2026-01-19 14:54:00,18125.50,18133.00,18121.00,18122.75,236
2026-01-19 14:55:00,18122.75,18133.25,18120.25,18128.25,446
2026-01-19 14:56:00,18128.25,18129.75,18115.75,18119.75,732
2026-01-19 14:57:00,18119.75,18126.75,18109.50,18124.75,368
2026-01-19 14:58:00,18124.75,18126.25,18116.00,18123.75,230
2026-01-19 14:59:00,18123.75,18128.50,18115.25,18128.00,1181
2026-01-19 15:00:00,18128.00,18129.00,18117.00,18122.50,482
2026-01-19 15:01:00,18122.50,18132.50,18120.25,18126.00,646
2026-01-19 15:02:00,18126.00,18141.50,18120.25,18137.00,639
2026-01-19 15:03:00,18137.00,18142.00,18131.00,18139.75,905
2026-01-19 15:04:00,18139.75,18141.50,18113.25,18114.50,1358
2026-01-19 15:05:00,18114.50,18118.50,18107.00,18112.75,439
2026-01-19 15:06:00,18112.75,18120.00,18112.00,18115.00,883
2026-01-19 15:07:00,18115.00,18122.00,18114.25,18117.00,1300
2026-01-19 15:08:00,18117.00,18123.00,18110.50,18112.75,396
2026-01-19 15:09:00,18112.75,18116.50,18112.75,18115.75,817
2026-01-19 15:10:00,18115.75,18118.75,18108.25,18117.00,245
2026-01-19 15:11:00,18117.00,18122.75,18115.75,18121.00,839
2026-01-19 15:12:00,18121.00,18126.25,18105.75,18109.50,804
2026-01-19 15:13:00,18109.50,18118.50,18105.50,18118.25,1230
2026-01-19 15:14:00,18118.25,18122.75,18110.50,18122.50,979
2026-01-19 15:15:00,18122.50,18123.00,18115.00,18120.50,1059
2026-01-19 15:16:00,18120.50,18123.00,18112.75,18119.75,1069
2026-01-19 15:17:00,18119.75,18121.00,18113.50,18116.25,1485
2026-01-19 15:18:00,18116.25,18128.50,18108.50,18122.75,1215
2026-01-19 15:19:00,18122.75,18128.25,18111.25,18121.25,565
2026-01-19 15:20:00,18121.25,18136.75,18120.75,18135.50,1140
2026-01-19 15:21:00,18135.50,18136.75,18115.00,18119.50,1311
2026-01-19 15:22:00,18119.50,18120.50,18095.25,18104.50,702
2026-01-19 15:23:00,18104.50,18119.75,18103.75,18116.25,597
2026-01-19 15:24:00,18116.25,18121.50,18112.75,18116.50,837
2026-01-19 15:25:00,18116.50,18125.75,18112.75,18124.75,450
2026-01-19 15:26:00,18124.75,18129.75,18124.00,18124.50,1428
2026-01-19 15:27:00,18124.50,18137.00,18124.25,18135.50,964
2026-01-19 15:28:00,18135.50,18137.75,18106.50,18112.25,688
2026-01-19 15:29:00,18112.25,18114.50,18107.25,18113.75,509
2026-01-19 15:30:00,18113.75,18127.25,18109.50,18126.75,722
2026-01-19 15:31:00,18126.75,18129.00,18105.75,18108.25,1405
2026-01-19 15:32:00,18108.25,18115.75,18106.50,18113.75,1123
2026-01-19 15:33:00,18113.75,18128.75,18113.25,18122.00,401
2026-01-19 15:34:00,18122.00,18131.50,18116.00,18128.50,295
2026-01-19 15:35:00,18128.50,18130.50,18122.25,18123.75,843
2026-01-19 15:36:00,18123.75,18132.00,18114.00,18126.50,771
2026-01-19 15:37:00,18126.50,18133.50,18124.50,18124.75,778
2026-01-19 15:38:00,18124.75,18130.00,18115.00,18115.50,400
2026-01-19 15:39:00,18115.50,18123.25,18110.50,18117.75,315
2026-01-19 15:40:00,18117.75,18118.25,18117.50,18118.00,1311
2026-01-19 15:41:00,18118.00,18121.00,18098.25,18103.00,1077
2026-01-19 15:42:00,18103.00,18118.50,18093.50,18118.50,1201
2026-01-19 15:43:00,18118.50,18121.75,18113.50,18117.75,985
2026-01-19 15:44:00,18117.75,18127.50,18114.25,18115.50,534
2026-01-19 15:45:00,18115.50,18123.75,18109.25,18109.75,210
2026-01-19 15:46:00,18109.75,18114.00,18105.25,18112.25,1056
2026-01-19 15:47:00,18112.25,18135.75,18106.75,18130.00,889
2026-01-19 15:48:00,18130.00,18130.25,18102.25,18110.50,1172
2026-01-19 15:49:00,18110.50,18118.25,18105.75,18117.50,771
2026-01-19 15:50:00,18117.50,18130.00,18112.75,18127.25,691
2026-01-19 15:51:00,18127.25,18130.50,18116.00,18118.25,470
2026-01-19 15:52:00,18118.25,18118.75,18111.00,18111.75,1076
2026-01-19 15:53:00,18111.75,18114.75,18098.75,18101.25,918
2026-01-19 15:54:00,18101.25,18128.00,18093.75,18121.50,210
2026-01-19 15:55:00,18121.50,18125.00,18112.25,18117.75,344
2026-01-19 15:56:00,18117.75,18131.00,18112.00,18125.50,200
2026-01-19 15:57:00,18125.50,18126.25,18123.75,18125.50,201
2026-01-19 15:58:00,18125.50,18131.00,18105.50,18107.75,531
2026-01-19 15:59:00,18107.75,18119.25,18106.75,18115.50,550
2026-01-20 08:00:00,18200.75,18203.75,18196.50,18201.75,1229
2026-01-20 08:01:00,18201.75,18208.00,18198.00,18204.50,234
2026-01-20 08:02:00,18204.50,18207.50,18200.75,18205.75,1149
2026-01-20 08:03:00,18205.75,18212.25,18189.00,18193.25,934
2026-01-20 08:04:00,18193.25,18199.00,18193.25,18195.25,918
2026-01-20 08:05:00,18195.25,18205.75,18190.25,18204.25,1473
2026-01-20 08:06:00,18204.25,18215.00,18201.00,18207.50,853
2026-01-20 08:07:00,18207.50,18209.50,18200.75,18204.00,1442
2026-01-20 08:08:00,18204.00,18216.00,18201.50,18210.75,333
2026-01-20 08:09:00,18210.75,18212.25,18186.75,18187.00,1454
2026-01-20 08:10:00,18187.00,18199.00,18182.00,18194.75,1346
2026-01-20 08:11:00,18194.75,18202.25,18194.00,18196.50,996
2026-01-20 08:12:00,18196.50,18207.00,18196.50,18200.50,471
2026-01-20 08:13:00,18200.50,18203.50,18199.75,18200.75,921
2026-01-20 08:14:00,18200.75,18208.00,18200.00,18203.00,645
2026-01-20 08:15:00,18203.00,18218.75,18201.75,18216.50,1120
2026-01-20 08:16:00,18216.50,18217.75,18194.25,18199.25,388
2026-01-20 08:17:00,18199.25,18205.75,18193.50,18203.00,929
2026-01-20 08:18:00,18203.00,18203.75,18199.75,18200.00,948
2026-01-20 08:19:00,18200.00,18207.50,18198.25,18206.75,1138
2026-01-20 08:20:00,18206.75,18208.00,18189.50,18193.00,1015
2026-01-20 08:21:00,18193.00,18203.75,18190.00,18202.25,1117
2026-01-20 08:22:00,18202.25,18203.75,18191.25,18192.00,711
2026-01-20 08:23:00,18192.00,18207.50,18187.75,18205.25,233
2026-01-20 08:24:00,18205.25,18216.50,18204.25,18216.00,450
2026-01-20 08:25:00,18216.00,18216.75,18207.50,18211.25,473
2026-01-20 08:26:00,18211.25,18214.50,18199.00,18201.50,1158
2026-01-20 08:27:00,18201.50,18202.00,18198.00,18200.25,566
2026-01-20 08:28:00,18200.25,18200.75,18191.25,18191.50,1061
2026-01-20 08:29:00,18191.50,18194.00,18190.25,18192.00,965
2026-01-20 08:30:00,18192.00,18201.25,18187.00,18198.75,1392
2026-01-20 08:31:00,18198.75,18201.25,18195.25,18197.25,477
2026-01-20 08:32:00,18197.25,18207.75,18190.25,18192.25,1393
2026-01-20 08:33:00,18192.25,18202.50,18188.50,18202.25,236
2026-01-20 08:34:00,18202.25,18205.00,18200.50,18202.50,246
2026-01-20 08:35:00,18202.50,18202.75,18196.25,18197.75,239
2026-01-20 08:36:00,18197.75,18203.50,18191.25,18202.00,1158
2026-01-20 08:37:00,18202.00,18210.75,18200.50,18204.25,596
2026-01-20 08:38:00,18204.25,18206.00,18204.25,18204.50,845
2026-01-20 08:39:00,18204.50,18206.75,18194.50,18200.00,928
2026-01-20 08:40:00,18200.00,18200.75,18199.50,18200.50,271
2026-01-20 08:41:00,18200.50,18211.75,18200.25,18209.75,408
2026-01-20 08:42:00,18209.75,18216.75,18197.25,18200.75,613
2026-01-20 08:43:00,18200.75,18220.00,18200.25,18217.25,1346
2026-01-20 08:44:00,18217.25,18220.75,18201.25,18202.25,1243
2026-01-20 08:45:00,18202.25,18214.75,18199.75,18213.75,885
2026-01-20 08:46:00,18213.75,18215.00,18196.00,18197.75,567
2026-01-20 08:47:00,18197.75,18198.75,18189.75,18193.25,816
2026-01-20 08:48:00,18193.25,18208.50,18192.00,18207.25,1427
2026-01-20 08:49:00,18207.25,18210.50,18204.75,18209.25,918
2026-01-20 08:50:00,18209.25,18210.25,18198.75,18202.75,1496
2026-01-20 08:51:00,18202.75,18206.75,18202.25,18205.75,1446
2026-01-20 08:52:00,18205.75,18206.00,18195.75,18203.75,669
2026-01-20 08:53:00,18203.75,18215.50,18201.50,18211.50,1369
2026-01-20 08:54:00,18211.50,18220.75,18203.00,18203.75,933
2026-01-20 08:55:00,18203.75,18204.50,18200.75,18203.00,634
2026-01-20 08:56:00,18203.00,18216.50,18199.75,18209.00,1380
2026-01-20 08:57:00,18209.00,18211.50,18195.25,18200.00,628
2026-01-20 08:58:00,18200.00,18209.25,18196.00,18205.75,854
2026-01-20 08:59:00,18205.75,18211.75,18195.75,18198.25,433
2026-01-20 09:00:00,18198.25,18211.25,18193.75,18209.00,905
2026-01-20 09:01:00,18209.00,18219.25,18205.50,18213.75,1432
2026-01-20 09:02:00,18213.75,18215.25,18207.75,18211.75,1393
2026-01-20 09:03:00,18211.75,18214.25,18198.75,18199.00,1217
2026-01-20 09:04:00,18199.00,18210.00,18197.00,18209.25,1136
2026-01-20 09:05:00,18209.25,18209.50,18202.25,18205.00,1226
2026-01-20 09:06:00,18205.00,18206.50,18196.75,18202.25,1094
2026-01-20 09:07:00,18202.25,18216.75,18202.25,18214.25,650
2026-01-20 09:08:00,18214.25,18214.75,18208.25,18208.50,651
2026-01-20 09:09:00,18208.50,18222.25,18199.00,18221.25,462
2026-01-20 09:10:00,18221.25,18224.50,18196.25,18196.50,1449
2026-01-20 09:11:00,18196.50,18217.50,18191.25,18210.75,704
2026-01-20 09:12:00,18210.75,18218.50,18207.25,18216.00,1377
2026-01-20 09:13:00,18216.00,18217.25,18206.75,18209.50,969
2026-01-20 09:14:00,18209.50,18211.50,18206.00,18209.00,1260
2026-01-20 09:15:00,18209.00,18217.00,18207.00,18216.50,703
2026-01-20 09:16:00,18216.50,18221.00,18205.25,18205.75,332
2026-01-20 09:17:00,18205.75,18210.75,18204.75,18207.75,1418
2026-01-20 09:18:00,18207.75,18210.25,18194.00,18202.00,1370
2026-01-20 09:19:00,18202.00,18205.25,18197.50,18202.50,1062
2026-01-20 09:20:00,18202.50,18211.75,18199.25,18209.50,1013
2026-01-20 09:21:00,18209.50,18219.75,18201.25,18204.50,1453
2026-01-20 09:22:00,18204.50,18214.50,18204.00,18210.25,448
2026-01-20 09:23:00,18210.25,18210.75,18200.25,18200.50,921
2026-01-20 09:24:00,18200.50,18207.25,18198.00,18201.00,308
2026-01-20 09:25:00,18201.00,18214.25,18199.00,18208.50,785
2026-01-20 09:26:00,18208.50,18210.25,18201.50,18205.75,1296
2026-01-20 09:27:00,18205.75,18208.75,18199.50,18199.50,1134
2026-01-20 09:28:00,18199.50,18219.50,18196.75,18213.50,279
2026-01-20 09:29:00,18213.50,18227.25,18208.25,18221.75,1500
2026-01-20 09:30:00,18221.75,18222.75,18208.25,18216.00,1123
2026-01-20 09:31:00,18216.00,18240.00,18214.25,18239.50,986
2026-01-20 09:32:00,18239.50,18241.75,18225.00,18228.50,697
2026-01-20 09:33:00,18228.50,18233.25,18226.25,18229.00,479
2026-01-20 09:34:00,18229.00,18231.75,18210.50,18218.75,1032
2026-01-20 09:35:00,18218.75,18219.25,18211.50,18212.25,1427
2026-01-20 09:36:00,18212.25,18212.25,18208.50,18210.25,278
2026-01-20 09:37:00,18210.25,18211.50,18199.75,18200.25,923
2026-01-20 09:38:00,18200.25,18219.25,18198.50,18217.75,1080
2026-01-20 09:39:00,18217.75,18220.75,18181.25,18182.50,1421
2026-01-20 09:40:00,18182.50,18182.75,18176.50,18177.50,292
2026-01-20 09:41:00,18177.50,18186.00,18175.75,18186.00,1398
2026-01-20 09:42:00,18186.00,18187.00,18165.75,18166.50,985
2026-01-20 09:43:00,18166.50,18167.25,18162.25,18162.50,861
2026-01-20 09:44:00,18162.50,18165.50,18159.50,18165.00,1242
2026-01-20 09:45:00,18165.00,18168.25,18163.00,18167.25,333
2026-01-20 09:46:00,18167.25,18188.00,18166.50,18184.75,598
2026-01-20 09:47:00,18184.75,18194.50,18181.00,18193.50,645
2026-01-20 09:48:00,18193.50,18211.75,18193.25,18211.50,873
2026-01-20 09:49:00,18211.50,18221.50,18210.25,18221.00,1294
2026-01-20 09:50:00,18221.00,18234.50,18219.25,18232.00,779
2026-01-20 09:51:00,18232.00,18238.75,18212.75,18216.00,1080
2026-01-20 09:52:00,18216.00,18230.50,18210.25,18229.25,1292
2026-01-20 09:53:00,18229.25,18232.25,18204.75,18215.75,1084
2026-01-20 09:54:00,18215.75,18221.25,18174.25,18193.00,252
2026-01-20 09:55:00,18193.00,18217.75,18190.25,18205.75,290
2026-01-20 09:56:00,18205.75,18205.75,18192.75,18196.00,1500
2026-01-20 09:57:00,18196.00,18198.00,18171.75,18182.75,616
2026-01-20 09:58:00,18182.75,18186.00,18174.25,18178.00,296
2026-01-20 09:59:00,18178.00,18182.00,18160.50,18166.00,1089
2026-01-20 10:00:00,18166.00,18168.25,18156.25,18161.00,1054
2026-01-20 10:01:00,18161.00,18165.00,18130.00,18131.00,929
2026-01-20 10:02:00,18131.00,18145.00,18128.25,18139.00,1358
2026-01-20 10:03:00,18139.00,18149.25,18126.75,18136.75,269
2026-01-20 10:04:00,18136.75,18144.50,18127.50,18129.25,609
2026-01-20 10:05:00,18129.25,18136.00,18128.50,18131.50,914
2026-01-20 10:06:00,18131.50,18143.00,18108.25,18109.50,1175
2026-01-20 10:07:00,18109.50,18114.50,18100.25,18113.75,202
2026-01-20 10:08:00,18113.75,18115.50,18092.75,18094.25,1182
2026-01-20 10:09:00,18094.25,18098.75,18077.00,18077.75,911
2026-01-20 10:10:00,18077.75,18090.00,18069.00,18088.50,377
2026-01-20 10:11:00,18088.50,18106.75,18077.75,18083.75,946
2026-01-20 10:12:00,18083.75,18087.50,18064.50,18070.00,353
2026-01-20 10:13:00,18070.00,18073.25,18065.25,18069.75,1452
2026-01-20 10:14:00,18069.75,18071.00,18047.50,18048.50,1284
2026-01-20 10:15:00,18048.50,18054.75,18037.25,18039.25,1114
2026-01-20 10:16:00,18039.25,18048.00,18036.50,18045.50,1400
2026-01-20 10:17:00,18045.50,18050.75,18033.75,18037.75,819
2026-01-20 10:18:00,18037.75,18046.50,18035.75,18043.00,450
2026-01-20 10:19:00,18043.00,18045.75,18023.75,18027.75,543
2026-01-20 10:20:00,18027.75,18049.25,18026.50,18048.75,207
2026-01-20 10:21:00,18048.75,18050.75,18032.75,18038.00,483
2026-01-20 10:22:00,18038.00,18038.25,18034.50,18035.25,307
2026-01-20 10:23:00,18035.25,18046.00,18034.25,18038.50,530
2026-01-20 10:24:00,18038.50,18043.00,18032.25,18037.50,820
2026-01-20 10:25:00,18037.50,18038.25,18022.25,18025.00,1070
2026-01-20 10:26:00,18025.00,18048.50,18021.75,18044.00,973
2026-01-20 10:27:00,18044.00,18050.25,18037.00,18044.25,787
2026-01-20 10:28:00,18044.25,18050.50,18035.50,18036.50,1018
2026-01-20 10:29:00,18036.50,18055.00,18036.25,18051.50,1422
2026-01-20 10:30:00,18051.50,18054.00,18023.25,18030.25,364
2026-01-20 10:31:00,18030.25,18036.00,18028.50,18030.50,1285
2026-01-20 10:32:00,18030.50,18040.00,18021.75,18032.25,1273
2026-01-20 10:33:00,18032.25,18042.00,18027.50,18038.00,665
2026-01-20 10:34:00,18038.00,18054.50,18036.25,18051.00,1197
2026-01-20 10:35:00,18051.00,18052.75,18036.00,18039.75,659
2026-01-20 10:36:00,18039.75,18042.25,18033.25,18033.50,254
2026-01-20 10:37:00,18033.50,18043.00,18032.25,18040.50,965
2026-01-20 10:38:00,18040.50,18049.75,18033.75,18039.50,1175
2026-01-20 10:39:00,18039.50,18041.00,18035.25,18036.50,1189
2026-01-20 10:40:00,18036.50,18041.00,18032.25,18033.25,417
2026-01-20 10:41:00,18033.25,18035.00,18030.50,18030.50,459
2026-01-20 10:42:00,18030.50,18035.25,18024.75,18028.25,908
2026-01-20 10:43:00,18028.25,18057.25,18025.50,18051.00,1218
2026-01-20 10:44:00,18051.00,18057.50,18029.00,18031.25,1115
2026-01-20 10:45:00,18031.25,18038.25,18026.00,18038.00,633
2026-01-20 10:46:00,18038.00,18038.25,18027.50,18029.25,1394
2026-01-20 10:47:00,18029.25,18043.75,18020.25,18043.00,959
2026-01-20 10:48:00,18043.00,18051.50,18034.25,18047.00,976
2026-01-20 10:49:00,18047.00,18049.25,18047.00,18048.00,513
2026-01-20 10:50:00,18048.00,18051.75,18027.50,18031.75,1290
2026-01-20 10:51:00,18031.75,18038.00,18029.00,18036.75,1251
2026-01-20 10:52:00,18036.75,18037.75,18034.75,18037.50,244
2026-01-20 10:53:00,18037.50,18042.25,18032.75,18036.25,1027
2026-01-20 10:54:00,18036.25,18041.50,18030.00,18031.25,1109
2026-01-20 10:55:00,18031.25,18052.75,18027.75,18052.00,1254
2026-01-20 10:56:00,18052.00,18058.00,18033.50,18034.50,397
2026-01-20 10:57:00,18034.50,18035.25,18029.50,18033.00,1026
2026-01-20 10:58:00,18033.00,18033.50,18025.75,18027.00,514
2026-01-20 10:59:00,18027.00,18044.50,18025.00,18043.25,218
2026-01-20 11:00:00,18043.25,18043.25,18023.50,18040.25,1002
2026-01-20 11:01:00,18040.25,18041.25,18034.25,18040.00,371
2026-01-20 11:02:00,18040.00,18041.00,18026.00,18030.50,200
2026-01-20 11:03:00,18030.50,18041.75,18026.00,18039.50,1145
2026-01-20 11:04:00,18039.50,18050.50,18033.25,18049.50,457
2026-01-20 11:05:00,18049.50,18052.75,18040.00,18044.75,1018
2026-01-20 11:06:00,18044.75,18045.75,18030.50,18038.25,890
2026-01-20 11:07:00,18038.25,18040.00,18035.25,18035.25,767
2026-01-20 11:08:00,18035.25,18047.00,18030.25,18041.00,474
2026-01-20 11:09:00,18041.00,18051.00,18028.75,18030.75,211
2026-01-20 11:10:00,18030.75,18038.00,18022.75,18037.00,466
2026-01-20 11:11:00,18037.00,18040.50,18034.50,18036.50,413
2026-01-20 11:12:00,18036.50,18051.25,18030.25,18043.25,782
2026-01-20 11:13:00,18043.25,18044.50,18033.75,18034.00,1107
2026-01-20 11:14:00,18034.00,18038.50,18027.75,18032.00,1117
2026-01-20 11:15:00,18032.00,18044.75,18021.75,18037.75,492
2026-01-20 11:16:00,18037.75,18042.75,18036.25,18038.25,717
2026-01-20 11:17:00,18038.25,18041.50,18031.50,18035.25,1396
2026-01-20 11:18:00,18035.25,18050.25,18034.25,18038.50,1005
2026-01-20 11:19:00,18038.50,18056.50,18035.00,18051.00,905
2026-01-20 11:20:00,18051.00,18053.75,18035.25,18037.25,1335
2026-01-20 11:21:00,18037.25,18037.50,18032.50,18034.50,680
2026-01-20 11:22:00,18034.50,18037.00,18032.00,18035.25,1246
2026-01-20 11:23:00,18035.25,18040.75,18034.00,18034.50,871
2026-01-20 11:24:00,18034.50,18046.75,18030.25,18042.50,720
2026-01-20 11:25:00,18042.50,18045.00,18013.25,18017.50,577
2026-01-20 11:26:00,18017.50,18044.00,18016.75,18042.00,1336
2026-01-20 11:27:00,18042.00,18058.25,18041.50,18054.75,1201
2026-01-20 11:28:00,18054.75,18056.50,18030.25,18032.50,374
2026-01-20 11:29:00,18032.50,18037.75,18014.25,18025.50,716
2026-01-20 11:30:00,18025.50,18045.00,18024.25,18040.00,282
2026-01-20 11:31:00,18040.00,18047.50,18029.50,18047.00,378
2026-01-20 11:32:00,18047.00,18047.00,18042.50,18043.50,1117
2026-01-20 11:33:00,18043.50,18052.50,18028.75,18030.25,760
2026-01-20 11:34:00,18030.25,18057.75,18029.00,18051.25,285
2026-01-20 11:35:00,18051.25,18055.75,18026.50,18026.50,415
2026-01-20 11:36:00,18026.50,18034.00,18023.50,18032.00,718
2026-01-20 11:37:00,18032.00,18047.25,18028.25,18041.50,450
2026-01-20 11:38:00,18041.50,18042.75,18037.25,18042.00,345
2026-01-20 11:39:00,18042.00,18052.25,18037.50,18040.75,396
2026-01-20 11:40:00,18040.75,18052.50,18036.00,18039.25,1198
2026-01-20 11:41:00,18039.25,18047.75,18023.00,18026.25,1237
2026-01-20 11:42:00,18026.25,18045.50,18026.00,18038.75,202
2026-01-20 11:43:00,18038.75,18039.00,18018.75,18025.25,686
2026-01-20 11:44:00,18025.25,18048.75,18024.50,18048.00,802
2026-01-20 11:45:00,18048.00,18052.75,18033.00,18033.50,484
2026-01-20 11:46:00,18033.50,18037.25,18029.25,18035.50,1122
2026-01-20 11:47:00,18035.50,18038.25,18028.75,18029.75,866
2026-01-20 11:48:00,18029.75,18031.00,18003.75,18020.00,1375
2026-01-20 11:49:00,18020.00,18038.50,18019.00,18038.25,300
2026-01-20 11:50:00,18038.25,18038.75,18031.25,18033.75,301
2026-01-20 11:51:00,18033.75,18050.50,18030.50,18047.25,1050
2026-01-20 11:52:00,18047.25,18050.25,18028.50,18030.50,542
2026-01-20 11:53:00,18030.50,18052.00,18025.25,18041.75,1211
2026-01-20 11:54:00,18041.75,18047.50,18036.25,18037.25,752
2026-01-20 11:55:00,18037.25,18052.50,18037.00,18050.00,1471
2026-01-20 11:56:00,18050.00,18057.25,18028.00,18030.75,1082
2026-01-20 11:57:00,18030.75,18032.00,18028.75,18029.00,1240
2026-01-20 11:58:00,18029.00,18052.50,18029.00,18044.00,960
2026-01-20 11:59:00,18044.00,18057.75,18041.75,18053.25,302
2026-01-20 12:00:00,18053.25,18055.25,18031.50,18036.50,906
2026-01-20 12:01:00,18036.50,18040.50,18031.00,18035.00,1292
2026-01-20 12:02:00,18035.00,18048.25,18022.25,18043.00,715
2026-01-20 12:03:00,18043.00,18056.50,18036.75,18052.50,450
2026-01-20 12:04:00,18052.50,18055.75,18038.25,18038.50,638
2026-01-20 12:05:00,18038.50,18041.00,18037.00,18038.75,990
2026-01-20 12:06:00,18038.75,18040.25,18026.50,18033.50,605
2026-01-20 12:07:00,18033.50,18038.25,18027.75,18028.25,276
2026-01-20 12:08:00,18028.25,18052.50,18026.00,18048.00,1138
2026-01-20 12:09:00,18048.00,18059.00,18045.50,18049.75,276
2026-01-20 12:10:00,18049.75,18060.00,18039.00,18045.75,985
2026-01-20 12:11:00,18045.75,18050.25,18017.00,18022.75,810
2026-01-20 12:12:00,18022.75,18044.00,18022.00,18033.00,1403
2026-01-20 12:13:00,18033.00,18039.25,18028.75,18034.50,930
2026-01-20 12:14:00,18034.50,18050.75,18034.25,18042.75,881
2026-01-20 12:15:00,18042.75,18048.50,18040.00,18046.25,1388
2026-01-20 12:16:00,18046.25,18051.00,18038.50,18044.50,1328
2026-01-20 12:17:00,18044.50,18060.75,18041.50,18054.00,669
2026-01-20 12:18:00,18054.00,18054.00,18035.25,18035.50,866
2026-01-20 12:19:00,18035.50,18064.25,18034.75,18047.75,756
2026-01-20 12:20:00,18047.75,18057.00,18034.50,18038.25,445
2026-01-20 12:21:00,18038.25,18042.00,18030.00,18030.75,245
2026-01-20 12:22:00,18030.75,18042.25,18027.50,18038.50,1054
2026-01-20 12:23:00,18038.50,18042.00,18025.50,18033.00,1311
2026-01-20 12:24:00,18033.00,18039.75,18016.75,18021.00,391
2026-01-20 12:25:00,18021.00,18049.00,18019.00,18047.75,705
2026-01-20 12:26:00,18047.75,18054.00,18041.50,18042.00,966
2026-01-20 12:27:00,18042.00,18042.25,18022.50,18029.25,1470
2026-01-20 12:28:00,18029.25,18051.75,18023.75,18040.50,758
2026-01-20 12:29:00,18040.50,18063.25,18033.50,18055.25,672
2026-01-20 12:30:00,18055.25,18062.00,18024.75,18037.50,692
2026-01-20 12:31:00,18037.50,18043.75,18030.25,18036.50,206
2026-01-20 12:32:00,18036.50,18049.75,18035.00,18049.75,618
2026-01-20 12:33:00,18049.75,18054.75,18044.00,18049.50,746
2026-01-20 12:34:00,18049.50,18053.25,18044.50,18048.75,1174
2026-01-20 12:35:00,18048.75,18053.75,18030.75,18031.00,1117
2026-01-20 12:36:00,18031.00,18035.00,18028.25,18030.25,419
2026-01-20 12:37:00,18030.25,18042.50,18029.00,18038.00,514
2026-01-20 12:38:00,18038.00,18039.00,18027.25,18035.50,1232
2026-01-20 12:39:00,18035.50,18045.00,18029.25,18037.50,1195
2026-01-20 12:40:00,18037.50,18039.25,18033.50,18036.00,1211
2026-01-20 12:41:00,18036.00,18049.00,18025.75,18028.00,373
2026-01-20 12:42:00,18028.00,18036.25,18025.25,18030.75,1331
2026-01-20 12:43:00,18030.75,18040.25,18025.00,18026.75,1283
2026-01-20 12:44:00,18026.75,18045.25,18024.75,18043.25,1338
2026-01-20 12:45:00,18043.25,18051.75,18035.75,18039.00,975
2026-01-20 12:46:00,18039.00,18045.75,18027.75,18029.00,1440
2026-01-20 12:47:00,18029.00,18048.00,18022.75,18046.50,354
2026-01-20 12:48:00,18046.50,18056.75,18044.50,18053.25,762
2026-01-20 12:49:00,18053.25,18054.00,18037.75,18039.50,1430
2026-01-20 12:50:00,18039.50,18041.00,18035.50,18039.25,731
2026-01-20 12:51:00,18039.25,18040.50,18031.25,18038.25,638
2026-01-20 12:52:00,18038.25,18057.25,18032.25,18056.50,1275
2026-01-20 12:53:00,18056.50,18062.00,18023.75,18027.50,310
2026-01-20 12:54:00,18027.50,18033.25,18026.25,18032.00,1199
2026-01-20 12:55:00,18032.00,18036.50,18031.00,18033.75,468
2026-01-20 12:56:00,18033.75,18037.00,18022.25,18028.25,412
2026-01-20 12:57:00,18028.25,18049.25,18027.50,18044.50,597
2026-01-20 12:58:00,18044.50,18050.00,18034.00,18041.75,1497
2026-01-20 12:59:00,18041.75,18056.25,18035.00,18052.25,867
2026-01-20 13:00:00,18052.25,18054.75,18026.25,18032.00,344
2026-01-20 13:01:00,18032.00,18048.75,18030.50,18047.25,578
2026-01-20 13:02:00,18047.25,18056.25,18046.50,18054.25,1302
2026-01-20 13:03:00,18054.25,18063.00,18041.50,18046.25,982
2026-01-20 13:04:00,18046.25,18051.50,18016.00,18024.25,757
2026-01-20 13:05:00,18024.25,18043.25,18012.00,18032.25,1398
2026-01-20 13:06:00,18032.25,18061.50,18029.00,18053.75,711
2026-01-20 13:07:00,18053.75,18059.50,18048.25,18048.75,699
2026-01-20 13:08:00,18048.75,18051.25,18048.00,18049.00,774
2026-01-20 13:09:00,18049.00,18050.00,18027.00,18032.75,1051
2026-01-20 13:10:00,18032.75,18037.25,18032.75,18032.75,1162
2026-01-20 13:11:00,18032.75,18041.50,18026.75,18039.00,990
2026-01-20 13:12:00,18039.00,18041.00,18031.00,18033.00,571
2026-01-20 13:13:00,18033.00,18037.25,18032.00,18035.00,951
2026-01-20 13:14:00,18035.00,18057.00,18025.00,18053.00,1311
2026-01-20 13:15:00,18053.00,18055.00,18034.50,18036.50,885
2026-01-20 13:16:00,18036.50,18053.50,18026.75,18045.75,1036
2026-01-20 13:17:00,18045.75,18052.50,18043.50,18046.00,1385
2026-01-20 13:18:00,18046.00,18049.25,18022.50,18025.50,777
2026-01-20 13:19:00,18025.50,18043.00,18019.25,18037.75,479
2026-01-20 13:20:00,18037.75,18044.50,18034.75,18041.75,1418
2026-01-20 13:21:00,18041.75,18050.00,18028.50,18029.25,794
2026-01-20 13:22:00,18029.25,18044.50,18029.25,18037.50,678
2026-01-20 13:23:00,18037.50,18044.00,18024.00,18031.00,1302
2026-01-20 13:24:00,18031.00,18032.25,18021.50,18027.25,566
2026-01-20 13:25:00,18027.25,18038.50,18021.75,18037.25,1471
2026-01-20 13:26:00,18037.25,18039.50,18017.25,18028.25,773
2026-01-20 13:27:00,18028.25,18046.50,18027.00,18038.00,1343
2026-01-20 13:28:00,18038.00,18048.75,18022.50,18047.00,650
2026-01-20 13:29:00,18047.00,18049.50,18030.25,18035.00,660
2026-01-20 13:30:00,18035.00,18039.00,18034.00,18038.50,784
2026-01-20 13:31:00,18038.50,18050.50,18031.25,18044.50,1040
2026-01-20 13:32:00,18044.50,18052.50,18043.50,18048.50,527
2026-01-20 13:33:00,18048.50,18050.00,18033.50,18036.00,540
2026-01-20 13:34:00,18036.00,18043.25,18027.50,18032.25,1464
2026-01-20 13:35:00,18032.25,18035.00,18023.25,18032.25,376
2026-01-20 13:36:00,18032.25,18056.75,18026.25,18051.00,1407
2026-01-20 13:37:00,18051.00,18057.00,18031.75,18038.50,487
2026-01-20 13:38:00,18038.50,18046.50,18038.00,18039.00,376
2026-01-20 13:39:00,18039.00,18039.00,18032.25,18033.75,550
2026-01-20 13:40:00,18033.75,18056.00,18025.50,18052.50,456
2026-01-20 13:41:00,18052.50,18053.00,18029.25,18034.50,1029
2026-01-20 13:42:00,18034.50,18051.25,18033.00,18044.25,639
2026-01-20 13:43:00,18044.25,18054.50,18040.75,18053.75,994
2026-01-20 13:44:00,18053.75,18054.50,18030.75,18034.50,1280
2026-01-20 13:45:00,18034.50,18050.75,18032.25,18049.25,529
2026-01-20 13:46:00,18049.25,18056.50,18039.75,18047.00,854
2026-01-20 13:47:00,18047.00,18048.50,18033.00,18033.25,949
2026-01-20 13:48:00,18033.25,18044.00,18028.00,18042.50,740
2026-01-20 13:49:00,18042.50,18048.25,18028.75,18036.75,920
2026-01-20 13:50:00,18036.75,18043.00,18022.00,18024.00,1133
2026-01-20 13:51:00,18024.00,18053.00,18017.00,18048.00,1124
2026-01-20 13:52:00,18048.00,18052.50,18027.25,18030.75,1245
2026-01-20 13:53:00,18030.75,18059.25,18030.75,18051.75,294
2026-01-20 13:54:00,18051.75,18052.75,18028.50,18030.50,925
2026-01-20 13:55:00,18030.50,18052.50,18025.50,18047.75,1091
2026-01-20 13:56:00,18047.75,18048.00,18042.50,18047.00,719
2026-01-20 13:57:00,18047.00,18051.75,18030.25,18034.00,1274
2026-01-20 13:58:00,18034.00,18059.25,18033.75,18054.25,775
2026-01-20 13:59:00,18054.25,18061.25,18026.00,18038.75,884
2026-01-20 14:00:00,18038.75,18045.50,18035.50,18045.00,543
2026-01-20 14:01:00,18045.00,18046.50,18035.00,18037.25,1057
2026-01-20 14:02:00,18037.25,18048.25,18032.00,18043.50,1447
2026-01-20 14:03:00,18043.50,18048.50,18036.25,18037.75,743
2026-01-20 14:04:00,18037.75,18038.25,18025.00,18032.50,971
2026-01-20 14:05:00,18032.50,18053.75,18024.00,18051.50,1486
2026-01-20 14:06:00,18051.50,18056.25,18035.25,18037.50,309
2026-01-20 14:07:00,18037.50,18041.00,18030.75,18033.50,1346
2026-01-20 14:08:00,18033.50,18056.50,18031.25,18048.75,963
2026-01-20 14:09:00,18048.75,18052.25,18031.00,18032.75,900
2026-01-20 14:10:00,18032.75,18039.00,18029.50,18032.25,640
2026-01-20 14:11:00,18032.25,18034.00,18017.75,18028.50,731
2026-01-20 14:12:00,18028.50,18030.00,18016.25,18019.50,769
2026-01-20 14:13:00,18019.50,18030.00,18014.75,18028.00,1291
2026-01-20 14:14:00,18028.00,18049.00,18020.75,18039.50,1187
2026-01-20 14:15:00,18039.50,18054.75,18029.75,18054.00,1021
2026-01-20 14:16:00,18054.00,18058.25,18038.50,18040.50,267
2026-01-20 14:17:00,18040.50,18049.50,18036.50,18040.00,1245
2026-01-20 14:18:00,18040.00,18044.25,18030.75,18035.25,1400
2026-01-20 14:19:00,18035.25,18038.50,18030.00,18030.75,268
2026-01-20 14:20:00,18030.75,18041.25,18029.00,18037.50,864
2026-01-20 14:21:00,18037.50,18044.25,18035.00,18035.75,336
2026-01-20 14:22:00,18035.75,18036.00,18021.25,18031.50,1223
2026-01-20 14:23:00,18031.50,18043.00,18029.25,18034.75,1045
2026-01-20 14:24:00,18034.75,18040.25,18032.00,18038.50,1215
2026-01-20 14:25:00,18038.50,18043.25,18035.75,18042.50,1314
2026-01-20 14:26:00,18042.50,18045.00,18027.50,18036.25,234
2026-01-20 14:27:00,18036.25,18047.25,18034.00,18045.25,949
2026-01-20 14:28:00,18045.25,18050.25,18037.25,18049.75,894
2026-01-20 14:29:00,18049.75,18051.00,18034.50,18036.50,892
2026-01-20 14:30:00,18036.50,18041.00,18028.50,18036.00,382
2026-01-20 14:31:00,18036.00,18037.50,18030.25,18030.75,1037
2026-01-20 14:32:00,18030.75,18036.25,18029.25,18031.50,1496
2026-01-20 14:33:00,18031.50,18035.00,18031.00,18034.00,725
2026-01-20 14:34:00,18034.00,18034.00,18029.75,18032.50,1436
2026-01-20 14:35:00,18032.50,18033.50,18021.00,18025.25,1055
2026-01-20 14:36:00,18025.25,18043.25,18022.25,18042.75,974
2026-01-20 14:37:00,18042.75,18050.50,18033.50,18034.25,655
2026-01-20 14:38:00,18034.25,18037.00,18020.25,18023.00,533
2026-01-20 14:39:00,18023.00,18041.00,18021.50,18037.00,1112
2026-01-20 14:40:00,18037.00,18057.00,18030.50,18057.00,328
2026-01-20 14:41:00,18057.00,18057.50,18049.75,18050.25,1265
2026-01-20 14:42:00,18050.25,18050.25,18025.00,18029.25,1020
2026-01-20 14:43:00,18029.25,18037.50,18028.50,18035.00,1458
2026-01-20 14:44:00,18035.00,18049.75,18032.75,18047.50,745
2026-01-20 14:45:00,18047.50,18053.50,18041.75,18043.25,323
2026-01-20 14:46:00,18043.25,18043.50,18024.00,18027.25,1493
2026-01-20 14:47:00,18027.25,18058.50,18021.50,18055.50,219
2026-01-20 14:48:00,18055.50,18057.50,18035.00,18039.75,503
2026-01-20 14:49:00,18039.75,18045.25,18039.25,18040.50,1047
2026-01-20 14:50:00,18040.50,18060.75,18035.75,18056.75,485
2026-01-20 14:51:00,18056.75,18060.25,18032.00,18038.50,869
2026-01-20 14:52:00,18038.50,18043.00,18037.25,18037.50,1499
2026-01-20 14:53:00,18037.50,18050.25,18035.75,18048.75,521
2026-01-20 14:54:00,18048.75,18049.00,18039.75,18043.75,496
2026-01-20 14:55:00,18043.75,18045.50,18041.00,18042.50,226
2026-01-20 14:56:00,18042.50,18043.25,18028.00,18033.25,868
2026-01-20 14:57:00,18033.25,18043.50,18025.25,18043.00,1068
2026-01-20 14:58:00,18043.00,18045.25,18041.50,18043.50,968
2026-01-20 14:59:00,18043.50,18050.00,18037.00,18038.25,537
2026-01-20 15:00:00,18038.25,18047.25,18029.75,18040.75,930
2026-01-20 15:01:00,18040.75,18046.25,18027.25,18033.00,967
2026-01-20 15:02:00,18033.00,18034.75,18025.75,18030.75,271
2026-01-20 15:03:00,18030.75,18038.25,18026.75,18027.25,1196
2026-01-20 15:04:00,18027.25,18044.25,18024.00,18043.75,254
2026-01-20 15:05:00,18043.75,18044.50,18034.00,18035.25,834
2026-01-20 15:06:00,18035.25,18038.00,18034.50,18036.75,466
2026-01-20 15:07:00,18036.75,18043.25,18024.25,18029.00,1399
2026-01-20 15:08:00,18029.00,18031.25,18015.25,18019.50,909
2026-01-20 15:09:00,18019.50,18034.75,18013.75,18033.75,254
2026-01-20 15:10:00,18033.75,18038.00,18029.50,18036.25,361
2026-01-20 15:11:00,18036.25,18040.75,18031.25,18033.75,672
2026-01-20 15:12:00,18033.75,18036.00,18018.75,18028.00,968
2026-01-20 15:13:00,18028.00,18044.75,18023.25,18043.50,1382
2026-01-20 15:14:00,18043.50,18046.75,18027.00,18033.50,944
2026-01-20 15:15:00,18033.50,18049.75,18026.25,18048.00,1497
2026-01-20 15:16:00,18048.00,18051.75,18025.75,18034.75,719
2026-01-20 15:17:00,18034.75,18046.50,18030.25,18045.75,1092
2026-01-20 15:18:00,18045.75,18052.00,18039.75,18044.25,897
2026-01-20 15:19:00,18044.25,18045.00,18041.50,18043.50,882
2026-01-20 15:20:00,18043.50,18045.75,18023.00,18026.75,950
2026-01-20 15:21:00,18026.75,18043.25,18021.00,18043.00,1404
2026-01-20 15:22:00,18043.00,18049.00,18029.50,18031.00,311
2026-01-20 15:23:00,18031.00,18042.00,18029.50,18036.00,650
2026-01-20 15:24:00,18036.00,18040.75,18022.25,18031.50,472
2026-01-20 15:25:00,18031.50,18044.00,18024.00,18041.75,543
2026-01-20 15:26:00,18041.75,18047.00,18023.75,18046.50,1412
2026-01-20 15:27:00,18046.50,18050.75,18024.00,18024.50,1055
2026-01-20 15:28:00,18024.50,18051.00,18022.00,18049.75,638
2026-01-20 15:29:00,18049.75,18055.25,18020.50,18023.75,1403
2026-01-20 15:30:00,18023.75,18031.50,18014.25,18029.00,347
2026-01-20 15:31:00,18029.00,18032.00,18028.75,18029.50,252
2026-01-20 15:32:00,18029.50,18045.50,18024.50,18043.50,1273
2026-01-20 15:33:00,18043.50,18052.00,18040.00,18050.50,849
2026-01-20 15:34:00,18050.50,18058.25,18027.75,18032.50,1401
2026-01-20 15:35:00,18032.50,18046.00,18028.75,18039.00,786
2026-01-20 15:36:00,18039.00,18046.00,18022.25,18025.25,794
2026-01-20 15:37:00,18025.25,18052.25,18024.25,18050.50,223
2026-01-20 15:38:00,18050.50,18055.25,18033.75,18035.25,692
2026-01-20 15:39:00,18035.25,18044.00,18023.75,18024.50,528
2026-01-20 15:40:00,18024.50,18045.25,18024.25,18038.75,768
2026-01-20 15:41:00,18038.75,18050.50,18032.50,18044.25,682
2026-01-20 15:42:00,18044.25,18046.75,18043.75,18044.50,1087
2026-01-20 15:43:00,18044.50,18047.75,18021.25,18025.25,251
2026-01-20 15:44:00,18025.25,18050.00,18022.50,18048.25,1494
2026-01-20 15:45:00,18048.25,18049.00,18038.50,18045.75,326
2026-01-20 15:46:00,18045.75,18048.25,18037.75,18043.00,200
2026-01-20 15:47:00,18043.00,18049.25,18040.75,18041.50,1190
2026-01-20 15:48:00,18041.50,18044.25,18023.25,18025.75,581
2026-01-20 15:49:00,18025.75,18048.00,18024.00,18047.75,1394
2026-01-20 15:50:00,18047.75,18049.75,18042.25,18048.25,906
2026-01-20 15:51:00,18048.25,18049.00,18046.50,18048.50,840
2026-01-20 15:52:00,18048.50,18050.50,18041.75,18045.50,1293
2026-01-20 15:53:00,18045.50,18056.25,18021.00,18027.75,251
2026-01-20 15:54:00,18027.75,18036.50,18025.00,18036.00,523
2026-01-20 15:55:00,18036.00,18037.75,18029.50,18032.00,701
2026-01-20 15:56:00,18032.00,18042.25,18028.75,18042.25,692
2026-01-20 15:57:00,18042.25,18045.25,18022.75,18024.75,200
2026-01-20 15:58:00,18024.75,18036.25,18019.25,18028.50,988
2026-01-20 15:59:00,18028.50,18042.00,18024.25,18041.50,368
2026-01-21 08:00:00,17912.00,17919.75,17906.75,17916.25,835
2026-01-21 08:01:00,17916.25,17919.00,17901.00,17901.50,1427
2026-01-21 08:02:00,17901.50,17928.50,17900.50,17927.75,1344
2026-01-21 08:03:00,17927.75,17935.00,17910.75,17912.75,1048
2026-01-21 08:04:00,17912.75,17922.50,17910.25,17918.25,1303
2026-01-21 08:05:00,17918.25,17924.00,17902.75,17906.25,1425
2026-01-21 08:06:00,17906.25,17919.75,17902.25,17914.75,641
2026-01-21 08:07:00,17914.75,17921.25,17911.00,17918.50,777
2026-01-21 08:08:00,17918.50,17919.50,17911.50,17912.75,1299
2026-01-21 08:09:00,17912.75,17920.25,17912.75,17919.25,383
2026-01-21 08:10:00,17919.25,17920.75,17907.75,17910.00,1318
2026-01-21 08:11:00,17910.00,17912.25,17904.00,17904.75,496
2026-01-21 08:12:00,17904.75,17913.00,17904.50,17911.75,1369
2026-01-21 08:13:00,17911.75,17920.00,17910.50,17917.00,795
2026-01-21 08:14:00,17917.00,17919.00,17909.00,17913.25,1352
2026-01-21 08:15:00,17913.25,17921.50,17901.25,17907.50,949
2026-01-21 08:16:00,17907.50,17919.50,17906.25,17915.50,532
2026-01-21 08:17:00,17915.50,17917.25,17908.50,17916.00,221
2026-01-21 08:18:00,17916.00,17921.75,17904.50,17907.25,605
2026-01-21 08:19:00,17907.25,17923.25,17907.00,17922.25,292
2026-01-21 08:20:00,17922.25,17925.50,17909.75,17911.50,374
2026-01-21 08:21:00,17911.50,17912.00,17904.50,17908.00,987
2026-01-21 08:22:00,17908.00,17911.75,17901.75,17905.00,1220
2026-01-21 08:23:00,17905.00,17924.00,17903.25,17916.75,1411
2026-01-21 08:24:00,17916.75,17917.75,17903.25,17909.50,974
2026-01-21 08:25:00,17909.50,17914.50,17897.25,17898.50,1475
2026-01-21 08:26:00,17898.50,17913.75,17898.25,17913.75,710
2026-01-21 08:27:00,17913.75,17914.50,17906.25,17907.25,450
2026-01-21 08:28:00,17907.25,17929.50,17901.50,17926.50,1330
2026-01-21 08:29:00,17926.50,17930.50,17913.00,17917.25,789
2026-01-21 08:30:00,17917.25,17932.50,17916.25,17927.50,1484
2026-01-21 08:31:00,17927.50,17930.50,17909.75,17911.00,484
2026-01-21 08:32:00,17911.00,17912.25,17905.25,17905.75,811
2026-01-21 08:33:00,17905.75,17911.00,17904.25,17910.25,521
2026-01-21 08:34:00,17910.25,17916.50,17905.25,17912.25,766
2026-01-21 08:35:00,17912.25,17914.25,17900.50,17901.00,1095
2026-01-21 08:36:00,17901.00,17905.00,17894.75,17904.00,875
2026-01-21 08:37:00,17904.00,17919.50,17896.25,17915.50,1256
2026-01-21 08:38:00,17915.50,17917.50,17890.00,17896.25,403
2026-01-21 08:39:00,17896.25,17918.50,17891.25,17916.50,541
2026-01-21 08:40:00,17916.50,17920.00,17910.25,17913.00,1251
2026-01-21 08:41:00,17913.00,17922.75,17909.75,17921.50,233
2026-01-21 08:42:00,17921.50,17924.50,17904.25,17909.50,1208
2026-01-21 08:43:00,17909.50,17917.00,17909.50,17912.75,983
2026-01-21 08:44:00,17912.75,17916.25,17907.75,17908.25,1220
2026-01-21 08:45:00,17908.25,17913.75,17907.00,17912.00,250
2026-01-21 08:46:00,17912.00,17921.00,17908.75,17918.75,1436
2026-01-21 08:47:00,17918.75,17920.00,17904.50,17911.50,546
2026-01-21 08:48:00,17911.50,17915.75,17909.25,17915.25,861
2026-01-21 08:49:00,17915.25,17921.00,17894.25,17897.50,422
2026-01-21 08:50:00,17897.50,17921.00,17894.50,17920.00,1468
2026-01-21 08:51:00,17920.00,17920.50,17914.00,17914.25,856
2026-01-21 08:52:00,17914.25,17916.75,17897.50,17899.00,1233
2026-01-21 08:53:00,17899.00,17916.50,17896.00,17916.25,867
2026-01-21 08:54:00,17916.25,17919.75,17907.00,17909.25,475
2026-01-21 08:55:00,17909.25,17932.75,17908.50,17928.75,981
2026-01-21 08:56:00,17928.75,17929.00,17915.75,17916.75,257
2026-01-21 08:57:00,17916.75,17917.75,17906.75,17911.75,1453
2026-01-21 08:58:00,17911.75,17923.25,17909.25,17917.25,642
2026-01-21 08:59:00,17917.25,17921.50,17906.75,17907.25,307
2026-01-21 09:00:00,17907.25,17908.00,17906.00,17907.75,748
2026-01-21 09:01:00,17907.75,17916.75,17897.25,17915.50,344
2026-01-21 09:02:00,17915.50,17925.00,17914.50,17918.00,1358
2026-01-21 09:03:00,17918.00,17919.25,17903.50,17907.50,434
2026-01-21 09:04:00,17907.50,17915.25,17905.00,17913.00,943
2026-01-21 09:05:00,17913.00,17928.75,17912.25,17928.50,772
2026-01-21 09:06:00,17928.50,17929.25,17905.75,17907.00,693
2026-01-21 09:07:00,17907.00,17919.75,17904.50,17918.75,695
2026-01-21 09:08:00,17918.75,17922.75,17902.25,17903.75,932
2026-01-21 09:09:00,17903.75,17914.00,17901.75,17907.75,966
2026-01-21 09:10:00,17907.75,17919.75,17903.25,17915.50,1326
2026-01-21 09:11:00,17915.50,17926.00,17913.75,17925.00,358
2026-01-21 09:12:00,17925.00,17931.00,17909.25,17917.75,796
2026-01-21 09:13:00,17917.75,17918.25,17911.50,17913.50,278
2026-01-21 09:14:00,17913.50,17917.50,17911.50,17912.00,1276
2026-01-21 09:15:00,17912.00,17923.50,17905.25,17920.00,525
2026-01-21 09:16:00,17920.00,17926.50,17916.75,17924.50,578
2026-01-21 09:17:00,17924.50,17926.25,17910.50,17914.50,1335
2026-01-21 09:18:00,17914.50,17917.00,17908.75,17916.25,1041
2026-01-21 09:19:00,17916.25,17923.50,17913.25,17917.75,1485
2026-01-21 09:20:00,17917.75,17922.75,17909.50,17913.50,1111
2026-01-21 09:21:00,17913.50,17917.00,17912.00,17916.75,661
2026-01-21 09:22:00,17916.75,17921.75,17910.50,17911.00,870
2026-01-21 09:23:00,17911.00,17918.50,17903.00,17916.75,1310
2026-01-21 09:24:00,17915.25,17915.75,17909.75,17911.00,1059
2026-01-21 09:25:00,17911.00,17915.00,17883.75,17887.00,1204
2026-01-21 09:26:00,17887.00,17899.25,17882.50,17891.50,280
2026-01-21 09:27:00,17891.50,17897.50,17870.00,17876.00,437
2026-01-21 09:28:00,17876.00,17878.50,17863.50,17869.75,1161
2026-01-21 09:29:00,17869.75,17883.25,17869.50,17882.25,1226
2026-01-21 09:30:00,17882.25,17882.75,17877.50,17878.75,680
2026-01-21 09:31:00,17878.75,17905.50,17878.00,17905.50,499
2026-01-21 09:32:00,17905.50,17907.25,17905.25,17907.25,267
2026-01-21 09:33:00,17907.25,17916.00,17906.25,17915.25,576
2026-01-21 09:34:00,17915.25,17920.25,17914.00,17920.25,363
2026-01-21 09:35:00,17920.25,17925.50,17919.25,17924.50,614
2026-01-21 09:36:00,17924.50,17924.50,17909.00,17909.25,1198
2026-01-21 09:37:00,17909.25,17925.50,17905.75,17924.75,1320
2026-01-21 09:38:00,17924.75,17952.75,17924.25,17952.25,1381
2026-01-21 09:39:00,17952.25,17954.25,17946.75,17947.75,1445
2026-01-21 09:40:00,17947.75,17955.00,17937.75,17940.25,583
2026-01-21 09:41:00,17940.25,17941.25,17919.75,17920.00,656
2026-01-21 09:42:00,17920.00,17922.50,17907.00,17909.50,232
2026-01-21 09:43:00,17909.50,17913.50,17894.50,17894.50,669
2026-01-21 09:44:00,17894.50,17896.75,17886.75,17891.00,1463
2026-01-21 09:45:00,17891.00,17897.75,17890.00,17894.25,384
2026-01-21 09:46:00,17894.25,17918.00,17889.25,17911.25,249
2026-01-21 09:47:00,17911.25,17924.00,17901.25,17918.00,1251
2026-01-21 09:48:00,17918.00,17921.00,17909.25,17915.00,640
2026-01-21 09:49:00,17915.00,17928.75,17912.75,17921.25,477
2026-01-21 09:50:00,17921.25,17951.00,17917.50,17949.50,971
2026-01-21 09:51:00,17949.50,17960.75,17939.50,17954.75,718
2026-01-21 09:52:00,17954.75,17960.00,17944.25,17946.75,1135
2026-01-21 09:53:00,17946.75,17958.75,17942.50,17953.75,389
2026-01-21 09:54:00,17953.75,17973.25,17947.00,17964.25,423
2026-01-21 09:55:00,17964.25,17980.25,17951.50,17961.00,409
2026-01-21 09:56:00,17961.00,17978.50,17956.25,17970.75,880
2026-01-21 09:57:00,17970.75,17991.50,17969.75,17986.75,615
2026-01-21 09:58:00,17986.75,17999.75,17985.00,17996.50,571
2026-01-21 09:59:00,17996.50,18005.50,17996.00,18003.75,813
2026-01-21 10:00:00,18003.75,18036.00,17999.50,18032.25,802
2026-01-21 10:01:00,18032.25,18040.00,18009.75,18013.50,202
2026-01-21 10:02:00,18013.50,18020.00,18010.00,18016.00,250
2026-01-21 10:03:00,18016.00,18031.75,18010.50,18029.00,296
2026-01-21 10:04:00,18029.00,18030.75,18004.00,18015.50,1364
2026-01-21 10:05:00,18015.50,18042.50,18010.00,18031.25,734
2026-01-21 10:06:00,18031.25,18047.50,18030.25,18044.50,886
2026-01-21 10:07:00,18044.50,18053.50,18034.50,18046.25,247
2026-01-21 10:08:00,18046.25,18066.75,18038.50,18063.00,706
2026-01-21 10:09:00,18063.00,18074.75,18060.00,18073.75,984
2026-01-21 10:10:00,18073.75,18080.50,18072.75,18074.75,1297
2026-01-21 10:11:00,18074.75,18077.75,18073.75,18076.25,1318
2026-01-21 10:12:00,18076.25,18078.75,18071.00,18074.00,323
2026-01-21 10:13:00,18074.00,18085.75,18068.50,18082.00,415
2026-01-21 10:14:00,18082.00,18088.00,18064.50,18073.00,525
2026-01-21 10:15:00,18073.00,18074.25,18061.50,18064.25,662
2026-01-21 10:16:00,18064.25,18073.00,18058.75,18070.00,474
2026-01-21 10:17:00,18070.00,18087.00,18064.75,18081.25,871
2026-01-21 10:18:00,18081.25,18082.00,18064.75,18070.75,1290
2026-01-21 10:19:00,18070.75,18079.50,18063.75,18074.25,262
2026-01-21 10:20:00,18074.25,18083.25,18059.50,18070.00,1169
2026-01-21 10:21:00,18070.00,18081.25,18068.00,18077.25,827
2026-01-21 10:22:00,18077.25,18079.50,18066.25,18071.50,341
2026-01-21 10:23:00,18071.50,18075.00,18061.00,18072.00,1261
2026-01-21 10:24:00,18072.00,18079.00,18065.00,18076.50,1060
2026-01-21 10:25:00,18076.50,18088.75,18075.25,18078.50,785
2026-01-21 10:26:00,18078.50,18079.25,18074.00,18075.50,653
2026-01-21 10:27:00,18075.50,18082.75,18066.00,18079.25,1439
2026-01-21 10:28:00,18079.25,18082.00,18066.00,18075.00,1366
2026-01-21 10:29:00,18075.00,18095.50,18071.75,18091.75,575
2026-01-21 10:30:00,18091.75,18093.50,18059.25,18066.25,1171
2026-01-21 10:31:00,18066.25,18076.00,18062.50,18066.75,670
2026-01-21 10:32:00,18066.75,18077.25,18057.25,18075.50,813
2026-01-21 10:33:00,18075.50,18077.00,18066.50,18069.00,647
2026-01-21 10:34:00,18069.00,18072.00,18066.50,18070.25,930
2026-01-21 10:35:00,18070.25,18071.50,18062.00,18063.00,1330
2026-01-21 10:36:00,18063.00,18074.25,18062.50,18072.25,417
2026-01-21 10:37:00,18072.25,18072.75,18059.50,18064.50,846
2026-01-21 10:38:00,18064.50,18076.75,18060.25,18071.75,298
2026-01-21 10:39:00,18071.75,18082.75,18069.25,18077.00,1141
2026-01-21 10:40:00,18077.00,18081.75,18064.50,18072.00,516
2026-01-21 10:41:00,18072.00,18085.25,18069.25,18078.50,455
2026-01-21 10:42:00,18078.50,18086.50,18078.00,18085.25,1399
2026-01-21 10:43:00,18085.25,18093.50,18072.25,18075.75,527
2026-01-21 10:44:00,18075.75,18081.50,18053.25,18054.50,625
2026-01-21 10:45:00,18054.50,18065.50,18051.25,18062.00,1028
2026-01-21 10:46:00,18062.00,18079.25,18059.50,18074.00,1250
2026-01-21 10:47:00,18074.00,18076.25,18061.50,18065.00,516
2026-01-21 10:48:00,18065.00,18086.25,18057.75,18082.75,1058
2026-01-21 10:49:00,18082.75,18088.00,18060.75,18062.00,1135
2026-01-21 10:50:00,18062.00,18073.75,18059.00,18070.00,533
2026-01-21 10:51:00,18070.00,18073.00,18069.00,18071.25,968
2026-01-21 10:52:00,18071.25,18082.50,18066.50,18079.00,1350
2026-01-21 10:53:00,18079.00,18084.00,18069.00,18077.25,1340
2026-01-21 10:54:00,18077.25,18079.25,18064.00,18066.75,1054
2026-01-21 10:55:00,18066.75,18078.25,18061.00,18075.00,1470
2026-01-21 10:56:00,18075.00,18088.00,18070.25,18079.25,1037
2026-01-21 10:57:00,18079.25,18079.25,18058.75,18063.50,487
2026-01-21 10:58:00,18063.50,18082.25,18061.75,18075.75,1001
2026-01-21 10:59:00,18075.75,18077.25,18064.00,18069.50,430
2026-01-21 11:00:00,18069.50,18085.25,18069.00,18081.50,955
2026-01-21 11:01:00,18081.50,18088.25,18078.25,18082.50,1133
2026-01-21 11:02:00,18082.50,18084.50,18069.50,18071.75,1074
2026-01-21 11:03:00,18071.75,18086.00,18070.00,18082.25,364
2026-01-21 11:04:00,18082.25,18083.75,18081.25,18082.50,1276
2026-01-21 11:05:00,18082.50,18088.25,18072.00,18079.50,768
2026-01-21 11:06:00,18079.50,18082.00,18076.25,18080.50,797
2026-01-21 11:07:00,18080.50,18084.25,18064.75,18073.00,412
2026-01-21 11:08:00,18073.00,18073.25,18066.25,18068.25,410
2026-01-21 11:09:00,18068.25,18076.50,18068.25,18074.50,792
2026-01-21 11:10:00,18074.50,18097.00,18070.00,18089.75,682
2026-01-21 11:11:00,18089.75,18092.00,18051.00,18058.50,1328
2026-01-21 11:12:00,18058.50,18091.75,18055.25,18085.75,943
2026-01-21 11:13:00,18085.75,18089.00,18079.00,18082.00,1230
2026-01-21 11:14:00,18082.00,18085.50,18067.75,18069.25,804
2026-01-21 11:15:00,18069.25,18074.75,18063.00,18067.25,1022
2026-01-21 11:16:00,18067.25,18085.50,18062.75,18084.50,238
2026-01-21 11:17:00,18084.50,18088.75,18076.25,18086.75,511
2026-01-21 11:18:00,18086.75,18093.25,18078.50,18079.50,1403
2026-01-21 11:19:00,18079.50,18080.50,18068.25,18073.25,1297
2026-01-21 11:20:00,18073.25,18081.50,18069.50,18073.50,1155
2026-01-21 11:21:00,18073.50,18073.75,18062.25,18067.75,929
2026-01-21 11:22:00,18067.75,18081.75,18066.25,18079.75,333
2026-01-21 11:23:00,18079.75,18088.00,18077.75,18080.25,523
2026-01-21 11:24:00,18080.25,18080.50,18065.50,18069.75,625
2026-01-21 11:25:00,18069.75,18078.00,18067.75,18072.50,1090
2026-01-21 11:26:00,18072.50,18077.75,18071.75,18073.75,327
2026-01-21 11:27:00,18073.75,18080.50,18069.00,18075.50,1344
2026-01-21 11:28:00,18075.50,18088.00,18075.00,18087.00,1170
2026-01-21 11:29:00,18087.00,18091.50,18083.00,18089.25,345
2026-01-21 11:30:00,18089.25,18089.75,18076.75,18079.00,1305
2026-01-21 11:31:00,18079.00,18084.25,18066.00,18076.00,435
2026-01-21 11:32:00,18076.00,18083.50,18063.25,18063.75,1301
2026-01-21 11:33:00,18063.75,18074.25,18060.50,18073.50,265
2026-01-21 11:34:00,18073.50,18094.00,18072.50,18090.00,919
2026-01-21 11:35:00,18090.00,18091.00,18062.50,18065.50,1132
2026-01-21 11:36:00,18065.50,18095.75,18065.00,18091.75,398
2026-01-21 11:37:00,18091.75,18099.00,18066.50,18068.00,302
2026-01-21 11:38:00,18068.00,18076.00,18065.50,18074.75,1378
2026-01-21 11:39:00,18074.75,18081.75,18060.25,18061.75,748
2026-01-21 11:40:00,18061.75,18076.50,18059.50,18075.00,460
2026-01-21 11:41:00,18075.00,18080.50,18069.75,18070.25,961
2026-01-21 11:42:00,18070.25,18081.00,18067.25,18077.25,1435
2026-01-21 11:43:00,18077.25,18077.25,18067.75,18069.50,765
2026-01-21 11:44:00,18069.50,18083.50,18067.75,18075.00,1243
2026-01-21 11:45:00,18075.00,18083.50,18074.50,18077.25,895
2026-01-21 11:46:00,18077.25,18079.75,18057.25,18065.25,777
2026-01-21 11:47:00,18065.25,18084.00,18064.25,18078.25,1109
2026-01-21 11:48:00,18078.25,18080.00,18066.00,18069.75,1177
2026-01-21 11:49:00,18069.75,18089.25,18069.25,18089.25,721
2026-01-21 11:50:00,18089.25,18097.50,18084.25,18087.50,700
2026-01-21 11:51:00,18087.50,18096.50,18082.75,18087.00,1081
2026-01-21 11:52:00,18087.00,18089.75,18075.50,18080.00,1208
2026-01-21 11:53:00,18080.00,18092.25,18077.50,18085.25,1305
2026-01-21 11:54:00,18085.25,18087.25,18069.00,18073.25,324
2026-01-21 11:55:00,18073.25,18080.50,18069.50,18077.25,387
2026-01-21 11:56:00,18077.25,18094.50,18076.75,18093.00,393
2026-01-21 11:57:00,18093.00,18100.50,18083.50,18096.25,362
2026-01-21 11:58:00,18096.25,18099.25,18057.00,18066.00,651
2026-01-21 11:59:00,18066.00,18075.75,18062.00,18073.75,907
2026-01-21 12:00:00,18073.75,18077.75,18069.50,18075.00,726
2026-01-21 12:01:00,18075.00,18098.00,18070.25,18090.50,341
2026-01-21 12:02:00,18090.50,18099.25,18085.00,18096.75,390
2026-01-21 12:03:00,18096.75,18100.25,18075.50,18082.25,405
2026-01-21 12:04:00,18082.25,18103.00,18078.25,18097.50,900
2026-01-21 12:05:00,18097.50,18101.00,18073.25,18074.50,1402
2026-01-21 12:06:00,18074.50,18076.50,18073.75,18075.00,642
2026-01-21 12:07:00,18075.00,18091.50,18070.75,18085.25,1344
2026-01-21 12:08:00,18085.25,18092.50,18069.75,18071.25,228
2026-01-21 12:09:00,18071.25,18091.25,18067.50,18089.75,1288
2026-01-21 12:10:00,18089.75,18094.00,18065.75,18069.25,1318
2026-01-21 12:11:00,18069.25,18092.25,18063.50,18084.00,1331
2026-01-21 12:12:00,18084.00,18097.50,18080.75,18092.75,233
2026-01-21 12:13:00,18092.75,18094.50,18073.00,18075.25,1087
2026-01-21 12:14:00,18075.25,18079.25,18068.25,18071.25,801
2026-01-21 12:15:00,18071.25,18079.00,18059.75,18078.25,1106
2026-01-21 12:16:00,18078.25,18082.25,18068.25,18081.50,762
2026-01-21 12:17:00,18081.50,18094.00,18074.75,18092.25,516
2026-01-21 12:18:00,18092.25,18096.75,18058.00,18061.50,890
2026-01-21 12:19:00,18061.50,18080.00,18061.00,18076.75,1289
2026-01-21 12:20:00,18076.75,18090.00,18076.50,18089.50,1460
2026-01-21 12:21:00,18089.50,18091.75,18059.75,18063.25,908
2026-01-21 12:22:00,18063.25,18081.75,18062.75,18075.25,1211
2026-01-21 12:23:00,18075.25,18084.25,18072.25,18076.00,283
2026-01-21 12:24:00,18076.00,18079.00,18069.75,18072.00,752
2026-01-21 12:25:00,18072.00,18087.00,18069.50,18078.25,603
2026-01-21 12:26:00,18078.25,18088.00,18074.00,18086.50,315
2026-01-21 12:27:00,18086.50,18090.50,18076.50,18079.50,672
2026-01-21 12:28:00,18079.50,18081.00,18076.50,18078.25,1385
2026-01-21 12:29:00,18078.25,18089.50,18075.75,18085.75,377
2026-01-21 12:30:00,18085.75,18094.25,18059.50,18069.25,645
2026-01-21 12:31:00,18069.25,18081.00,18066.50,18076.25,262
2026-01-21 12:32:00,18076.25,18095.75,18076.00,18092.50,1193
2026-01-21 12:33:00,18092.50,18096.50,18063.00,18072.00,891
2026-01-21 12:34:00,18072.00,18076.25,18066.75,18068.25,1159
2026-01-21 12:35:00,18068.25,18096.75,18062.75,18086.75,1051
2026-01-21 12:36:00,18086.75,18088.25,18060.50,18069.50,1337
2026-01-21 12:37:00,18069.50,18075.75,18064.75,18071.50,651
2026-01-21 12:38:00,18071.50,18075.00,18064.25,18071.00,294
2026-01-21 12:39:00,18071.00,18085.50,18070.00,18085.25,1281
2026-01-21 12:40:00,18085.25,18090.50,18084.50,18085.50,688
2026-01-21 12:41:00,18085.50,18091.00,18077.25,18077.50,1188
2026-01-21 12:42:00,18077.50,18080.25,18071.75,18073.50,1153
2026-01-21 12:43:00,18073.50,18083.75,18073.50,18081.50,301
2026-01-21 12:44:00,18081.50,18083.50,18066.75,18067.25,833
2026-01-21 12:45:00,18067.25,18088.75,18061.75,18079.00,1039
2026-01-21 12:46:00,18079.00,18079.50,18053.25,18064.75,1156
2026-01-21 12:47:00,18064.75,18081.00,18058.75,18074.50,430
2026-01-21 12:48:00,18074.50,18077.25,18050.25,18060.50,229
2026-01-21 12:49:00,18060.50,18091.50,18056.25,18090.75,1372
2026-01-21 12:50:00,18090.75,18097.50,18075.25,18076.25,1024
2026-01-21 12:51:00,18076.25,18094.00,18058.75,18066.75,208
2026-01-21 12:52:00,18066.75,18080.75,18064.00,18076.25,576
2026-01-21 12:53:00,18076.25,18085.00,18068.75,18076.25,1152
2026-01-21 12:54:00,18076.25,18089.75,18071.50,18086.50,617
2026-01-21 12:55:00,18086.50,18091.50,18065.75,18073.75,1248
2026-01-21 12:56:00,18073.75,18081.00,18071.00,18077.75,1420
2026-01-21 12:57:00,18077.75,18086.00,18072.25,18082.75,1067
2026-01-21 12:58:00,18082.75,18085.75,18071.00,18075.00,1400
2026-01-21 12:59:00,18075.00,18083.50,18068.25,18068.25,1296
2026-01-21 13:00:00,18068.25,18077.00,18061.00,18065.25,1335
2026-01-21 13:01:00,18065.25,18075.75,18063.00,18071.50,1387
2026-01-21 13:02:00,18071.50,18099.25,18069.25,18090.75,1408
2026-01-21 13:03:00,18090.75,18090.75,18059.75,18064.25,1214
2026-01-21 13:04:00,18064.25,18074.25,18063.75,18070.25,1494
2026-01-21 13:05:00,18070.25,18086.00,18069.50,18079.25,897
2026-01-21 13:06:00,18079.25,18083.25,18067.75,18070.25,302
2026-01-21 13:07:00,18070.25,18078.25,18059.25,18067.25,357
2026-01-21 13:08:00,18067.25,18084.25,18063.25,18082.25,293
2026-01-21 13:09:00,18082.25,18089.50,18078.00,18086.00,396
2026-01-21 13:10:00,18086.00,18088.75,18081.50,18082.25,1345
2026-01-21 13:11:00,18082.25,18088.50,18081.75,18085.00,1451
2026-01-21 13:12:00,18085.00,18088.75,18078.75,18080.75,907
2026-01-21 13:13:00,18080.75,18085.25,18065.00,18074.00,906
2026-01-21 13:14:00,18074.00,18085.25,18072.75,18077.75,789
2026-01-21 13:15:00,18077.75,18083.75,18069.50,18078.75,1166
2026-01-21 13:16:00,18078.75,18079.25,18065.75,18072.75,966
2026-01-21 13:17:00,18072.75,18083.50,18070.00,18080.75,1179
2026-01-21 13:18:00,18080.75,18086.00,18063.25,18066.75,1011
2026-01-21 13:19:00,18066.75,18088.25,18064.25,18085.25,280
2026-01-21 13:20:00,18085.25,18087.25,18073.50,18080.50,271
2026-01-21 13:21:00,18080.50,18093.25,18076.75,18079.50,982
2026-01-21 13:22:00,18079.50,18085.25,18077.75,18080.50,1297
2026-01-21 13:23:00,18080.50,18083.25,18071.75,18076.25,421
2026-01-21 13:24:00,18076.25,18085.25,18073.25,18079.25,358
2026-01-21 13:25:00,18079.25,18092.75,18069.75,18087.50,493
2026-01-21 13:26:00,18087.50,18093.50,18072.00,18078.75,966
2026-01-21 13:27:00,18078.75,18089.25,18076.50,18081.50,245
2026-01-21 13:28:00,18081.50,18096.75,18080.75,18088.25,801
2026-01-21 13:29:00,18088.25,18092.75,18080.50,18092.50,948
2026-01-21 13:30:00,18092.50,18102.00,18078.75,18085.50,796
2026-01-21 13:31:00,18085.50,18086.25,18081.25,18084.50,512
2026-01-21 13:32:00,18084.50,18085.25,18074.25,18081.75,929
2026-01-21 13:33:00,18081.75,18087.75,18074.25,18078.00,877
2026-01-21 13:34:00,18078.00,18085.75,18077.00,18085.25,522
2026-01-21 13:35:00,18085.25,18091.50,18076.00,18078.25,1171
2026-01-21 13:36:00,18078.25,18080.00,18072.25,18076.75,1196
2026-01-21 13:37:00,18076.75,18077.25,18074.50,18075.25,1281
2026-01-21 13:38:00,18075.25,18077.25,18073.75,18076.00,1496
2026-01-21 13:39:00,18076.00,18082.25,18069.25,18071.75,392
2026-01-21 13:40:00,18071.75,18074.50,18067.75,18070.25,1453
2026-01-21 13:41:00,18070.25,18079.00,18069.25,18074.25,1454
2026-01-21 13:42:00,18074.25,18085.25,18065.25,18078.25,1309
2026-01-21 13:43:00,18078.25,18090.25,18071.75,18081.75,1430
2026-01-21 13:44:00,18081.75,18086.75,18075.75,18078.50,1185
2026-01-21 13:45:00,18078.50,18088.00,18072.25,18074.50,1247
2026-01-21 13:46:00,18074.50,18092.50,18072.50,18092.00,913
2026-01-21 13:47:00,18092.00,18093.00,18077.25,18083.50,212
2026-01-21 13:48:00,18083.50,18093.75,18083.25,18092.25,885
2026-01-21 13:49:00,18092.25,18095.75,18065.25,18068.00,567
2026-01-21 13:50:00,18068.00,18073.25,18066.25,18073.00,1116
2026-01-21 13:51:00,18073.00,18080.75,18070.75,18074.50,1473
2026-01-21 13:52:00,18074.50,18087.00,18068.75,18080.25,832
2026-01-21 13:53:00,18080.25,18093.75,18075.50,18090.00,1157
2026-01-21 13:54:00,18090.00,18090.75,18077.00,18080.00,768
2026-01-21 13:55:00,18080.00,18089.50,18079.00,18087.25,355
2026-01-21 13:56:00,18087.25,18096.25,18080.25,18080.75,716
2026-01-21 13:57:00,18080.75,18086.00,18072.75,18077.00,737
2026-01-21 13:58:00,18077.00,18082.00,18069.00,18077.75,1426
2026-01-21 13:59:00,18077.75,18095.25,18075.75,18092.50,796
2026-01-21 14:00:00,18092.50,18093.50,18085.50,18088.00,322
2026-01-21 14:01:00,18088.00,18093.25,18066.25,18068.50,1315
2026-01-21 14:02:00,18068.50,18099.75,18064.00,18092.50,1322
2026-01-21 14:03:00,18092.50,18097.75,18082.50,18085.75,806
2026-01-21 14:04:00,18085.75,18086.25,18076.00,18082.25,270
2026-01-21 14:05:00,18082.25,18084.00,18071.25,18074.00,1267
2026-01-21 14:06:00,18074.00,18088.25,18069.25,18086.25,1153
2026-01-21 14:07:00,18086.25,18092.75,18077.00,18080.50,335
2026-01-21 14:08:00,18080.50,18082.50,18068.50,18072.00,606
2026-01-21 14:09:00,18072.00,18088.50,18069.00,18082.00,955
2026-01-21 14:10:00,18082.00,18091.75,18078.50,18085.75,574
2026-01-21 14:11:00,18085.75,18095.25,18079.50,18087.50,603
2026-01-21 14:12:00,18087.50,18090.50,18081.25,18083.75,1440
2026-01-21 14:13:00,18083.75,18084.50,18078.50,18083.00,249
2026-01-21 14:14:00,18083.00,18090.75,18070.50,18071.75,1135
2026-01-21 14:15:00,18071.75,18082.50,18069.00,18082.00,1431
2026-01-21 14:16:00,18082.00,18083.25,18064.75,18068.75,1369
2026-01-21 14:17:00,18068.75,18085.75,18066.75,18084.75,657
2026-01-21 14:18:00,18084.75,18090.25,18066.75,18071.25,426
2026-01-21 14:19:00,18071.25,18089.25,18065.25,18086.50,370
2026-01-21 14:20:00,18086.50,18092.50,18083.00,18088.75,437
2026-01-21 14:21:00,18088.75,18092.00,18088.25,18090.25,1086
2026-01-21 14:22:00,18090.25,18093.00,18071.75,18073.00,1202
2026-01-21 14:23:00,18073.00,18077.00,18068.25,18072.50,398
2026-01-21 14:24:00,18072.50,18085.75,18065.00,18081.00,1454
2026-01-21 14:25:00,18081.00,18084.25,18068.75,18070.50,716
2026-01-21 14:26:00,18070.50,18091.25,18068.75,18081.75,387
2026-01-21 14:27:00,18081.75,18082.50,18062.50,18078.00,440
2026-01-21 14:28:00,18078.00,18080.25,18075.50,18076.25,1230
2026-01-21 14:29:00,18076.25,18081.50,18075.25,18080.50,1300
2026-01-21 14:30:00,18080.50,18103.25,18071.50,18088.25,882
2026-01-21 14:31:00,18088.25,18095.50,18088.25,18092.25,254
2026-01-21 14:32:00,18092.25,18092.75,18085.00,18088.75,629
2026-01-21 14:33:00,18088.75,18092.25,18085.25,18087.75,1364
2026-01-21 14:34:00,18087.75,18089.00,18086.25,18086.25,1014
2026-01-21 14:35:00,18086.25,18087.75,18075.00,18086.50,346
2026-01-21 14:36:00,18086.50,18087.50,18063.25,18069.00,1009
2026-01-21 14:37:00,18069.00,18083.75,18066.00,18076.50,855
2026-01-21 14:38:00,18076.50,18091.75,18070.00,18083.75,201
2026-01-21 14:39:00,18083.75,18084.50,18081.00,18083.75,204
2026-01-21 14:40:00,18083.75,18099.50,18083.50,18093.75,272
2026-01-21 14:41:00,18093.75,18096.25,18072.50,18079.00,1254
2026-01-21 14:42:00,18079.00,18087.00,18073.25,18082.75,1259
2026-01-21 14:43:00,18082.75,18088.50,18081.00,18085.00,1275
2026-01-21 14:44:00,18085.00,18088.25,18073.75,18080.75,1430
2026-01-21 14:45:00,18080.75,18085.25,18071.00,18078.00,515
2026-01-21 14:46:00,18078.00,18086.50,18075.00,18083.00,659
2026-01-21 14:47:00,18083.00,18090.50,18078.50,18090.25,1255
2026-01-21 14:48:00,18090.25,18092.50,18072.75,18078.75,491
2026-01-21 14:49:00,18078.75,18089.75,18076.50,18088.50,832
2026-01-21 14:50:00,18088.50,18094.25,18083.75,18091.25,1038
2026-01-21 14:51:00,18091.25,18094.25,18071.75,18074.75,1425
2026-01-21 14:52:00,18074.75,18090.25,18071.25,18084.50,555
2026-01-21 14:53:00,18084.50,18086.75,18064.00,18078.50,469
2026-01-21 14:54:00,18078.50,18082.75,18076.00,18081.00,471
2026-01-21 14:55:00,18081.00,18087.25,18073.50,18079.00,1131
2026-01-21 14:56:00,18079.00,18080.75,18070.75,18077.25,608
2026-01-21 14:57:00,18077.25,18095.75,18072.50,18094.75,1374
2026-01-21 14:58:00,18094.75,18105.50,18078.25,18080.00,231
2026-01-21 14:59:00,18080.00,18083.75,18076.50,18077.75,1458
2026-01-21 15:00:00,18077.75,18079.00,18071.75,18077.75,987
2026-01-21 15:01:00,18077.75,18078.00,18070.00,18077.25,767
2026-01-21 15:02:00,18077.25,18080.00,18068.75,18075.50,601
2026-01-21 15:03:00,18075.50,18096.50,18074.00,18093.75,234
2026-01-21 15:04:00,18093.75,18095.25,18072.00,18074.00,521
2026-01-21 15:05:00,18074.00,18098.25,18067.25,18096.00,715
2026-01-21 15:06:00,18096.00,18096.75,18068.25,18077.25,923
2026-01-21 15:07:00,18077.25,18096.25,18072.50,18089.25,1281
2026-01-21 15:08:00,18089.25,18095.00,18082.25,18088.00,1294
2026-01-21 15:09:00,18088.00,18092.50,18075.00,18075.50,941
2026-01-21 15:10:00,18075.50,18090.75,18073.75,18081.25,606
2026-01-21 15:11:00,18081.25,18089.25,18071.00,18076.25,908
2026-01-21 15:12:00,18076.25,18106.75,18072.75,18100.50,627
2026-01-21 15:13:00,18100.50,18102.25,18083.50,18088.00,396
2026-01-21 15:14:00,18088.00,18091.00,18077.00,18081.25,1265
2026-01-21 15:15:00,18081.25,18100.75,18080.25,18099.25,1405
2026-01-21 15:16:00,18099.25,18100.75,18080.50,18083.00,1219
2026-01-21 15:17:00,18083.00,18094.00,18078.00,18093.00,353
2026-01-21 15:18:00,18093.00,18095.25,18075.00,18083.00,1167
2026-01-21 15:19:00,18083.00,18087.75,18078.25,18086.00,401
2026-01-21 15:20:00,18086.00,18094.50,18078.25,18082.75,775
2026-01-21 15:21:00,18082.75,18088.25,18074.00,18078.50,1280
2026-01-21 15:22:00,18078.50,18097.00,18075.25,18096.25,722
2026-01-21 15:23:00,18096.25,18097.25,18091.25,18095.75,1116
2026-01-21 15:24:00,18095.75,18098.75,18086.50,18087.25,1252
2026-01-21 15:25:00,18087.25,18094.00,18086.00,18093.75,1354
2026-01-21 15:26:00,18093.75,18098.00,18080.75,18081.75,210
2026-01-21 15:27:00,18081.75,18095.50,18076.25,18095.00,794
2026-01-21 15:28:00,18095.00,18100.75,18061.25,18068.25,391
2026-01-21 15:29:00,18068.25,18075.25,18067.00,18073.75,1121
2026-01-21 15:30:00,18073.75,18085.00,18072.75,18081.00,688
2026-01-21 15:31:00,18081.00,18086.25,18070.50,18073.25,710
2026-01-21 15:32:00,18073.25,18088.75,18072.75,18087.25,906
2026-01-21 15:33:00,18087.25,18087.50,18072.25,18075.50,1162
2026-01-21 15:34:00,18075.50,18089.00,18072.25,18086.00,350
2026-01-21 15:35:00,18086.00,18093.25,18075.00,18080.00,311
2026-01-21 15:36:00,18080.00,18081.75,18074.50,18080.25,390
2026-01-21 15:37:00,18080.25,18085.25,18069.00,18085.25,571
2026-01-21 15:38:00,18085.25,18090.75,18072.50,18082.50,297
2026-01-21 15:39:00,18082.50,18096.75,18078.00,18095.25,853
2026-01-21 15:40:00,18095.25,18099.25,18087.00,18092.75,1010
2026-01-21 15:41:00,18092.75,18100.25,18089.50,18092.25,1039
2026-01-21 15:42:00,18092.25,18094.50,18070.25,18076.00,1479
2026-01-21 15:43:00,18076.00,18093.75,18072.25,18087.25,748
2026-01-21 15:44:00,18087.25,18100.50,18081.50,18095.00,263
2026-01-21 15:45:00,18095.00,18099.25,18084.75,18089.00,891
2026-01-21 15:46:00,18089.00,18091.75,18080.00,18082.00,893
2026-01-21 15:47:00,18082.00,18090.50,18081.00,18086.25,732
2026-01-21 15:48:00,18086.25,18089.50,18075.00,18079.00,626
2026-01-21 15:49:00,18079.00,18083.00,18073.00,18078.00,217
2026-01-21 15:50:00,18078.00,18088.25,18076.25,18083.75,607
2026-01-21 15:51:00,18083.75,18087.75,18077.50,18080.00,1396
2026-01-21 15:52:00,18080.00,18081.25,18064.75,18073.75,1096
2026-01-21 15:53:00,18073.75,18091.00,18070.50,18084.75,480
2026-01-21 15:54:00,18084.75,18088.50,18075.75,18079.75,316
2026-01-21 15:55:00,18079.75,18086.25,18079.25,18083.75,1464
2026-01-21 15:56:00,18083.75,18090.25,18083.75,18084.00,237
2026-01-21 15:57:00,18084.00,18095.00,18081.75,18083.75,313
2026-01-21 15:58:00,18083.75,18087.50,18062.75,18075.50,489
2026-01-21 15:59:00,18075.50,18093.75,18071.75,18088.25,1131
2026-01-22 08:00:00,18003.00,18013.00,18002.50,18009.25,1245
2026-01-22 08:01:00,18009.25,18018.75,18007.25,18010.00,1086
2026-01-22 08:02:00,18010.00,18011.00,17999.75,18001.50,1371
2026-01-22 08:03:00,18001.50,18004.25,17998.75,18001.50,1016
2026-01-22 08:04:00,18001.50,18005.75,17985.25,17986.00,1326
2026-01-22 08:05:00,17986.00,18004.25,17983.75,17999.75,792
2026-01-22 08:06:00,17999.75,18016.00,17997.50,18009.75,932
2026-01-22 08:07:00,18009.75,18016.00,18009.00,18013.50,895
2026-01-22 08:08:00,18013.50,18017.00,18002.50,18004.25,1222
2026-01-22 08:09:00,18004.25,18019.50,18001.00,18015.00,1367
2026-01-22 08:10:00,18015.00,18016.50,17991.25,17995.50,1389
2026-01-22 08:11:00,17995.50,18000.75,17990.25,17998.75,1275
2026-01-22 08:12:00,17998.75,18000.00,17991.75,17995.50,1009
2026-01-22 08:13:00,17995.50,18011.50,17995.50,18002.50,1296
2026-01-22 08:14:00,18002.50,18004.00,17990.00,18000.50,1438
2026-01-22 08:15:00,18000.50,18006.75,17996.75,18000.50,1142
2026-01-22 08:16:00,18000.50,18015.50,17994.50,18012.25,772
2026-01-22 08:17:00,18012.25,18018.00,18010.00,18017.00,1149
2026-01-22 08:18:00,18017.00,18024.25,17996.25,17997.25,1209
2026-01-22 08:19:00,17997.25,17998.00,17993.75,17994.00,805
2026-01-22 08:20:00,17994.00,18004.00,17992.75,18000.00,777
2026-01-22 08:21:00,18000.00,18000.75,17996.25,18000.50,763
2026-01-22 08:22:00,18000.50,18001.50,17993.75,17994.75,1217
2026-01-22 08:23:00,17994.75,18004.50,17994.50,18002.50,291
2026-01-22 08:24:00,18002.50,18005.50,17993.00,17999.00,1019
2026-01-22 08:25:00,17999.00,18003.75,17993.50,18001.75,668
2026-01-22 08:26:00,18001.75,18004.25,17997.25,17998.50,1333
2026-01-22 08:27:00,17998.50,18004.25,17994.00,18003.00,429
2026-01-22 08:28:00,18003.00,18006.75,17991.25,17993.00,485
2026-01-22 08:29:00,17993.00,18000.25,17988.75,17995.50,1045
2026-01-22 08:30:00,17995.50,17999.75,17994.25,17997.50,226
2026-01-22 08:31:00,17997.50,18011.25,17996.25,18008.50,397
2026-01-22 08:32:00,18008.50,18009.50,17986.25,17989.75,338
2026-01-22 08:33:00,17989.75,18000.00,17988.25,17999.00,231
2026-01-22 08:34:00,17999.00,18012.00,17995.00,18006.75,935
2026-01-22 08:35:00,18006.75,18009.00,17988.25,17994.50,1401
2026-01-22 08:36:00,17994.50,18008.25,17993.25,18005.75,254
2026-01-22 08:37:00,18005.75,18017.25,17999.75,18002.25,817
2026-01-22 08:38:00,18002.25,18004.25,17993.75,18000.00,850
2026-01-22 08:39:00,18000.00,18005.50,17984.75,17986.25,1198
2026-01-22 08:40:00,17986.25,18007.25,17986.00,18002.75,399
2026-01-22 08:41:00,18002.75,18010.00,17994.25,18007.75,204
2026-01-22 08:42:00,18007.75,18009.25,17989.50,17991.25,1489
2026-01-22 08:43:00,17991.25,18006.25,17987.25,17997.75,630
2026-01-22 08:44:00,17997.75,17999.75,17983.25,17992.25,682
2026-01-22 08:45:00,17992.25,17998.50,17987.25,17995.25,602
2026-01-22 08:46:00,17995.25,18012.50,17990.25,18008.25,998
2026-01-22 08:47:00,18008.25,18009.75,18001.00,18001.25,725
2026-01-22 08:48:00,18001.25,18005.50,17997.50,18003.25,1078
2026-01-22 08:49:00,18003.25,18011.50,17986.50,17990.25,1392
2026-01-22 08:50:00,17990.25,18000.50,17988.00,17999.75,1354
2026-01-22 08:51:00,17999.75,18005.00,17993.50,17994.25,1283
2026-01-22 08:52:00,17994.25,17998.00,17992.75,17993.00,329
2026-01-22 08:53:00,17993.00,18001.25,17990.75,18000.00,353
2026-01-22 08:54:00,18000.00,18002.50,17995.50,17998.25,1243
2026-01-22 08:55:00,17998.25,18000.50,17984.25,17985.25,634
2026-01-22 08:56:00,17985.25,18007.25,17985.00,18004.00,530
2026-01-22 08:57:00,18004.00,18006.75,17989.50,17990.50,445
2026-01-22 08:58:00,17990.50,18003.25,17989.25,18002.00,926
2026-01-22 08:59:00,18002.00,18009.25,17995.75,18008.75,1242
2026-01-22 09:00:00,18008.75,18015.25,17992.00,17995.00,277
2026-01-22 09:01:00,17995.00,18002.25,17988.25,18000.50,855
2026-01-22 09:02:00,18000.50,18009.00,18000.00,18006.25,1352
2026-01-22 09:03:00,18006.25,18007.75,17984.75,17991.25,573
2026-01-22 09:04:00,17991.25,18001.50,17986.50,18000.50,1394
2026-01-22 09:05:00,18000.50,18006.50,17997.75,18000.00,345
2026-01-22 09:06:00,18000.00,18004.25,17998.50,17998.75,794
2026-01-22 09:07:00,17998.75,18003.25,17985.25,17988.25,1321
2026-01-22 09:08:00,17988.25,17995.25,17985.25,17993.00,539
2026-01-22 09:09:00,17993.00,17998.75,17988.00,17994.75,364
2026-01-22 09:10:00,17994.75,18000.00,17984.25,17990.50,1100
2026-01-22 09:11:00,17990.50,17999.25,17986.50,17995.75,1234
2026-01-22 09:12:00,17995.75,18000.00,17991.25,17994.75,1279
2026-01-22 09:13:00,17994.75,17997.75,17979.50,17985.00,1350
2026-01-22 09:14:00,17985.00,18001.75,17981.00,18001.25,529
2026-01-22 09:15:00,18001.25,18005.25,18000.50,18004.00,954
2026-01-22 09:16:00,18004.00,18004.75,17995.50,17997.00,1378
2026-01-22 09:17:00,17997.00,17997.75,17987.25,17991.00,474
2026-01-22 09:18:00,17991.00,17991.25,17974.75,17980.50,932
2026-01-22 09:19:00,17980.50,17991.75,17980.00,17990.75,356
2026-01-22 09:20:00,17990.75,18003.00,17984.75,17998.00,1417
2026-01-22 09:21:00,17998.00,18003.75,17994.50,17996.25,1384
2026-01-22 09:22:00,17996.25,17998.00,17992.25,17998.00,1357
2026-01-22 09:23:00,17998.00,18003.25,17987.25,17991.00,512
2026-01-22 09:24:00,17991.00,17999.25,17989.25,17995.00,1394
2026-01-22 09:25:00,17995.00,17999.50,17988.50,17989.25,529
2026-01-22 09:26:00,17989.25,18001.50,17988.25,17997.50,477
2026-01-22 09:27:00,17997.50,17998.25,17991.75,17994.00,366
2026-01-22 09:28:00,17994.00,18002.75,17989.25,17992.50,796
2026-01-22 09:29:00,17992.50,17994.25,17972.00,17976.25,1256
2026-01-22 09:30:00,17976.25,17993.50,17969.00,17984.25,1003
2026-01-22 09:31:00,17984.25,17991.00,17978.50,17981.25,924
2026-01-22 09:32:00,17981.25,17982.50,17966.25,17967.00,945
2026-01-22 09:33:00,17967.00,17968.50,17951.75,17955.75,454
2026-01-22 09:34:00,17955.75,17968.75,17954.25,17962.00,724
2026-01-22 09:35:00,17962.00,17968.50,17961.25,17968.50,1432
2026-01-22 09:36:00,17968.50,17979.25,17968.50,17977.75,1222
2026-01-22 09:37:00,17977.75,17986.75,17977.75,17985.75,521
2026-01-22 09:38:00,17985.75,17992.25,17984.50,17990.50,214
2026-01-22 09:39:00,17990.50,17991.50,17980.75,17982.50,597
2026-01-22 09:40:00,17982.50,18001.25,17981.00,18000.00,1240
2026-01-22 09:41:00,18000.00,18017.75,18000.00,18017.75,629
2026-01-22 09:42:00,18017.75,18018.25,18006.50,18007.75,422
2026-01-22 09:43:00,18007.75,18015.50,18007.25,18014.00,843
2026-01-22 09:44:00,18014.00,18014.25,18012.25,18012.50,1202
2026-01-22 09:45:00,18012.50,18013.25,18004.50,18005.50,446
2026-01-22 09:46:00,18005.50,18010.75,18005.25,18007.50,644
2026-01-22 09:47:00,18007.50,18010.25,17994.25,17997.25,210
2026-01-22 09:48:00,17997.25,18002.25,17977.50,17980.50,563
2026-01-22 09:49:00,17980.50,17983.00,17972.50,17976.00,1324
2026-01-22 09:50:00,17976.00,17980.00,17969.00,17971.00,1363
2026-01-22 09:51:00,17971.00,17997.00,17963.25,17992.00,1105
2026-01-22 09:52:00,17992.00,17993.75,17976.25,17982.50,1130
2026-01-22 09:53:00,17982.50,17996.50,17981.25,17994.50,313
2026-01-22 09:54:00,17994.50,17996.75,17971.50,17976.50,878
2026-01-22 09:55:00,17976.50,18008.25,17975.75,18000.50,1090
2026-01-22 09:56:00,18000.50,18021.75,17991.00,18013.25,1444
2026-01-22 09:57:00,18013.25,18026.50,17998.50,18018.25,249
2026-01-22 09:58:00,18018.25,18031.50,18017.50,18022.25,1467
2026-01-22 09:59:00,18022.25,18043.25,18021.75,18035.75,757
2026-01-22 10:00:00,18035.75,18039.75,18035.50,18036.25,805
2026-01-22 10:01:00,18036.25,18065.75,18031.00,18055.00,1220
2026-01-22 10:02:00,18055.00,18059.75,18040.75,18045.25,515
2026-01-22 10:03:00,18045.25,18055.50,18041.75,18051.75,1111
2026-01-22 10:04:00,18051.75,18062.50,18047.50,18061.75,353
2026-01-22 10:05:00,18061.75,18089.25,18053.25,18081.25,206
2026-01-22 10:06:00,18081.25,18086.50,18076.25,18077.75,1424
2026-01-22 10:07:00,18077.75,18096.75,18074.75,18091.25,1353
2026-01-22 10:08:00,18091.25,18105.75,18084.75,18087.25,913
2026-01-22 10:09:00,18087.25,18123.75,18079.25,18123.00,969
2026-01-22 10:10:00,18123.00,18127.00,18098.00,18101.00,1281
2026-01-22 10:11:00,18101.00,18110.00,18092.00,18102.75,208
2026-01-22 10:12:00,18102.75,18124.25,18093.75,18118.50,1385
2026-01-22 10:13:00,18118.50,18120.25,18112.00,18114.25,1405
2026-01-22 10:14:00,18114.25,18137.50,18106.50,18135.50,672
2026-01-22 10:15:00,18135.50,18146.25,18135.00,18141.25,1184
2026-01-22 10:16:00,18141.25,18147.00,18135.00,18146.00,227
2026-01-22 10:17:00,18146.00,18149.25,18118.75,18129.50,563
2026-01-22 10:18:00,18129.50,18144.75,18120.75,18142.00,458
2026-01-22 10:19:00,18142.00,18144.00,18138.75,18140.50,718
2026-01-22 10:20:00,18140.50,18141.00,18130.00,18131.50,513
2026-01-22 10:21:00,18131.50,18149.00,18128.25,18141.75,317
2026-01-22 10:22:00,18141.75,18146.50,18132.75,18136.50,773
2026-01-22 10:23:00,18136.50,18144.75,18135.00,18142.75,385
2026-01-22 10:24:00,18142.75,18151.75,18139.75,18148.50,666
2026-01-22 10:25:00,18148.50,18150.50,18141.50,18144.75,774
2026-01-22 10:26:00,18144.75,18152.00,18139.75,18149.75,794
2026-01-22 10:27:00,18149.75,18155.50,18147.00,18155.00,1394
2026-01-22 10:28:00,18155.00,18156.50,18125.75,18141.25,1306
2026-01-22 10:29:00,18141.25,18152.50,18139.25,18151.50,693
2026-01-22 10:30:00,18151.50,18156.25,18142.00,18146.00,1181
2026-01-22 10:31:00,18146.00,18155.75,18125.50,18127.50,796
2026-01-22 10:32:00,18127.50,18135.50,18121.75,18134.50,529
2026-01-22 10:33:00,18134.50,18143.75,18131.00,18143.50,889
2026-01-22 10:34:00,18143.50,18155.75,18142.75,18154.00,1395
2026-01-22 10:35:00,18154.00,18158.50,18131.25,18131.75,1276
2026-01-22 10:36:00,18131.75,18145.50,18125.00,18144.75,920
2026-01-22 10:37:00,18144.75,18151.50,18143.25,18144.25,742
2026-01-22 10:38:00,18144.25,18146.50,18135.50,18135.50,704
2026-01-22 10:39:00,18135.50,18137.50,18121.75,18132.00,972
2026-01-22 10:40:00,18132.00,18141.50,18130.00,18140.75,1044
2026-01-22 10:41:00,18140.75,18143.25,18130.75,18133.25,543
2026-01-22 10:42:00,18133.25,18144.75,18130.00,18138.00,744
2026-01-22 10:43:00,18138.00,18146.25,18135.25,18145.75,815
2026-01-22 10:44:00,18145.75,18158.50,18138.75,18140.50,1405
2026-01-22 10:45:00,18140.50,18144.25,18138.00,18138.25,1238
2026-01-22 10:46:00,18138.25,18152.50,18135.00,18151.00,405
2026-01-22 10:47:00,18151.00,18152.00,18136.75,18142.00,1311
2026-01-22 10:48:00,18142.00,18142.75,18122.50,18132.00,638
2026-01-22 10:49:00,18132.00,18141.25,18131.50,18138.00,329
2026-01-22 10:50:00,18138.00,18146.50,18129.50,18145.25,1004
2026-01-22 10:51:00,18145.25,18150.50,18142.25,18150.50,1233
2026-01-22 10:52:00,18150.50,18152.25,18142.75,18143.00,1448
2026-01-22 10:53:00,18143.00,18154.75,18135.00,18142.00,910
2026-01-22 10:54:00,18142.00,18150.25,18137.00,18149.75,1424
2026-01-22 10:55:00,18149.75,18152.00,18131.75,18138.25,1397
2026-01-22 10:56:00,18138.25,18140.25,18131.75,18134.50,481
2026-01-22 10:57:00,18134.50,18158.25,18131.00,18153.50,1058
2026-01-22 10:58:00,18153.50,18159.50,18142.75,18145.25,505
2026-01-22 10:59:00,18145.25,18146.00,18132.25,18141.75,609
2026-01-22 11:00:00,18141.75,18145.75,18135.50,18139.25,1042
2026-01-22 11:01:00,18139.25,18149.00,18135.50,18138.00,1203
2026-01-22 11:02:00,18138.00,18145.75,18134.75,18145.00,591
2026-01-22 11:03:00,18145.00,18156.25,18139.25,18142.25,748
2026-01-22 11:04:00,18142.25,18156.75,18133.75,18156.75,1043
2026-01-22 11:05:00,18156.75,18159.50,18132.50,18138.25,860
2026-01-22 11:06:00,18138.25,18157.75,18135.00,18147.75,1176
2026-01-22 11:07:00,18147.75,18149.00,18139.25,18139.50,1332
2026-01-22 11:08:00,18139.50,18139.75,18124.75,18130.00,1293
2026-01-22 11:09:00,18130.00,18158.50,18128.00,18154.25,1164
2026-01-22 11:10:00,18154.25,18157.50,18142.25,18143.25,1454
2026-01-22 11:11:00,18143.25,18147.25,18139.25,18139.50,278
2026-01-22 11:12:00,18139.50,18144.50,18126.50,18127.75,1045
2026-01-22 11:13:00,18127.75,18158.25,18123.75,18146.50,1025
2026-01-22 11:14:00,18146.50,18149.00,18133.75,18144.00,451
2026-01-22 11:15:00,18144.00,18144.50,18139.00,18139.75,583
2026-01-22 11:16:00,18139.75,18144.25,18134.75,18142.75,248
2026-01-22 11:17:00,18142.75,18150.75,18139.75,18149.00,350
2026-01-22 11:18:00,18149.00,18151.75,18139.50,18147.50,1410
2026-01-22 11:19:00,18147.50,18147.50,18128.50,18130.50,1491
2026-01-22 11:20:00,18130.50,18146.25,18129.50,18141.50,256
2026-01-22 11:21:00,18141.50,18149.75,18129.00,18130.50,616
2026-01-22 11:22:00,18130.50,18133.25,18122.75,18131.25,662
2026-01-22 11:23:00,18131.25,18133.75,18128.50,18130.75,920
2026-01-22 11:24:00,18130.75,18147.25,18129.25,18144.25,585
2026-01-22 11:25:00,18144.25,18148.50,18127.00,18140.75,1408
2026-01-22 11:26:00,18140.75,18147.50,18126.50,18138.75,465
2026-01-22 11:27:00,18138.75,18142.75,18137.75,18139.25,354
2026-01-22 11:28:00,18139.25,18144.00,18131.50,18140.75,584
2026-01-22 11:29:00,18140.75,18150.25,18138.50,18146.50,857
2026-01-22 11:30:00,18146.50,18146.75,18132.00,18133.25,1239
2026-01-22 11:31:00,18133.25,18144.50,18127.25,18141.75,984
2026-01-22 11:32:00,18141.75,18150.00,18131.50,18144.00,699
2026-01-22 11:33:00,18144.00,18151.00,18139.50,18140.00,1066
2026-01-22 11:34:00,18140.00,18144.50,18130.50,18130.75,477
2026-01-22 11:35:00,18130.75,18152.00,18129.50,18147.25,1205
2026-01-22 11:36:00,18147.25,18152.00,18144.00,18147.00,658
2026-01-22 11:37:00,18147.00,18147.00,18129.50,18139.50,1413
2026-01-22 11:38:00,18139.50,18142.50,18134.00,18140.75,1241
2026-01-22 11:39:00,18140.75,18151.75,18136.75,18138.25,1271
2026-01-22 11:40:00,18138.25,18146.75,18138.00,18146.00,919
2026-01-22 11:41:00,18146.00,18148.50,18137.50,18139.50,296
2026-01-22 11:42:00,18139.50,18142.50,18133.75,18141.50,1136
2026-01-22 11:43:00,18141.50,18147.75,18134.75,18137.50,1302
2026-01-22 11:44:00,18137.50,18154.25,18135.75,18147.50,1122
2026-01-22 11:45:00,18147.50,18152.50,18136.25,18142.00,1351
2026-01-22 11:46:00,18142.00,18146.75,18140.25,18144.75,1422
2026-01-22 11:47:00,18144.75,18149.00,18143.00,18145.75,1100
2026-01-22 11:48:00,18145.75,18157.00,18143.25,18150.00,414
2026-01-22 11:49:00,18150.00,18152.50,18129.00,18130.75,339
2026-01-22 11:50:00,18130.75,18152.50,18125.75,18146.75,1207
2026-01-22 11:51:00,18146.75,18147.50,18140.00,18146.50,555
2026-01-22 11:52:00,18146.50,18151.25,18132.75,18134.75,1327
2026-01-22 11:53:00,18134.75,18134.75,18120.25,18124.75,298
2026-01-22 11:54:00,18124.75,18133.50,18124.25,18131.50,317
2026-01-22 11:55:00,18131.50,18153.25,18131.50,18144.25,484
2026-01-22 11:56:00,18144.25,18158.50,18140.25,18149.75,1186
2026-01-22 11:57:00,18149.75,18162.25,18148.75,18148.75,1106
2026-01-22 11:58:00,18148.75,18154.50,18140.25,18144.00,357
2026-01-22 11:59:00,18144.00,18145.00,18142.00,18144.25,573
2026-01-22 12:00:00,18144.25,18153.50,18137.00,18151.00,562
2026-01-22 12:01:00,18151.00,18152.50,18136.75,18141.50,347
2026-01-22 12:02:00,18141.50,18171.00,18133.75,18159.00,1313
2026-01-22 12:03:00,18159.00,18164.00,18138.50,18140.50,266
2026-01-22 12:04:00,18140.50,18151.50,18128.50,18146.50,1090
2026-01-22 12:05:00,18146.50,18146.75,18136.75,18139.75,1258
2026-01-22 12:06:00,18139.75,18145.00,18137.50,18138.00,795
2026-01-22 12:07:00,18138.00,18141.25,18126.00,18127.50,814
2026-01-22 12:08:00,18127.50,18146.00,18120.25,18143.00,225
2026-01-22 12:09:00,18143.00,18161.00,18137.25,18156.75,832
2026-01-22 12:10:00,18156.75,18157.50,18139.25,18141.25,716
2026-01-22 12:11:00,18141.25,18163.50,18140.50,18160.75,405
2026-01-22 12:12:00,18160.75,18161.75,18141.50,18143.00,1119
2026-01-22 12:13:00,18143.00,18146.75,18142.00,18144.00,1058
2026-01-22 12:14:00,18144.00,18151.25,18141.25,18146.75,1463
2026-01-22 12:15:00,18146.75,18147.25,18140.00,18142.75,436
2026-01-22 12:16:00,18142.75,18147.25,18125.25,18131.75,1088
2026-01-22 12:17:00,18131.75,18138.25,18127.25,18132.50,1107
2026-01-22 12:18:00,18132.50,18141.75,18131.00,18139.50,795
2026-01-22 12:19:00,18139.50,18158.50,18137.50,18145.50,752
2026-01-22 12:20:00,18145.50,18158.75,18143.50,18156.25,807
2026-01-22 12:21:00,18156.25,18156.50,18145.25,18146.25,357
2026-01-22 12:22:00,18146.25,18152.25,18146.00,18147.00,582
2026-01-22 12:23:00,18147.00,18153.75,18146.00,18153.50,293
2026-01-22 12:24:00,18153.50,18153.75,18143.25,18147.00,730
2026-01-22 12:25:00,18147.00,18149.50,18140.00,18144.75,1296
2026-01-22 12:26:00,18144.75,18151.00,18131.00,18132.50,362
2026-01-22 12:27:00,18132.50,18156.50,18130.00,18147.75,1415
2026-01-22 12:28:00,18147.75,18151.75,18142.50,18145.50,679
2026-01-22 12:29:00,18145.50,18152.25,18141.25,18142.75,847
2026-01-22 12:30:00,18142.75,18151.00,18138.00,18151.00,1348
2026-01-22 12:31:00,18151.00,18155.00,18137.00,18145.00,1360
2026-01-22 12:32:00,18145.00,18149.00,18136.25,18143.50,970
2026-01-22 12:33:00,18143.50,18152.75,18143.25,18152.50,1487
2026-01-22 12:34:00,18152.50,18153.25,18147.25,18147.75,1342
2026-01-22 12:35:00,18147.75,18148.50,18137.50,18145.75,1108
2026-01-22 12:36:00,18145.75,18148.75,18129.75,18139.50,1248
2026-01-22 12:37:00,18139.50,18153.50,18137.50,18148.25,976
2026-01-22 12:38:00,18148.25,18160.25,18139.25,18141.75,661
2026-01-22 12:39:00,18141.75,18142.25,18135.75,18137.00,1371
2026-01-22 12:40:00,18137.00,18155.25,18137.00,18148.00,1395
2026-01-22 12:41:00,18148.00,18150.50,18141.00,18141.75,838
2026-01-22 12:42:00,18141.75,18149.25,18138.25,18147.75,1185
2026-01-22 12:43:00,18147.75,18151.00,18127.25,18131.75,457
2026-01-22 12:44:00,18131.75,18140.75,18129.00,18135.25,536
2026-01-22 12:45:00,18135.25,18140.25,18131.00,18138.25,551
2026-01-22 12:46:00,18138.25,18145.75,18134.50,18143.75,1114
2026-01-22 12:47:00,18143.75,18146.25,18141.25,18145.50,1451
2026-01-22 12:48:00,18145.50,18155.00,18140.25,18146.75,1190
2026-01-22 12:49:00,18146.75,18148.50,18123.50,18129.75,855
2026-01-22 12:50:00,18129.75,18136.00,18126.00,18133.00,297
2026-01-22 12:51:00,18133.00,18155.00,18127.50,18150.00,417
2026-01-22 12:52:00,18150.00,18151.25,18148.25,18148.50,1294
2026-01-22 12:53:00,18148.50,18149.50,18128.50,18133.25,1310
2026-01-22 12:54:00,18133.25,18136.75,18121.75,18126.50,1170
2026-01-22 12:55:00,18126.50,18144.50,18119.25,18142.00,687
2026-01-22 12:56:00,18142.00,18144.25,18139.75,18142.00,1489
2026-01-22 12:57:00,18142.00,18146.25,18132.00,18132.75,1272
2026-01-22 12:58:00,18132.75,18155.25,18130.25,18147.25,480
2026-01-22 12:59:00,18147.25,18147.50,18122.00,18131.75,238
2026-01-22 13:00:00,18131.75,18146.75,18127.75,18146.50,265
2026-01-22 13:01:00,18146.50,18152.25,18138.50,18139.00,1104
2026-01-22 13:02:00,18139.00,18151.25,18127.00,18150.25,790
2026-01-22 13:03:00,18150.25,18152.75,18143.25,18143.50,1419
2026-01-22 13:04:00,18143.50,18158.25,18138.25,18150.75,1461
2026-01-22 13:05:00,18150.75,18156.00,18141.25,18147.00,734
2026-01-22 13:06:00,18147.00,18151.50,18117.50,18119.25,1020
2026-01-22 13:07:00,18119.25,18154.25,18114.75,18152.75,758
2026-01-22 13:08:00,18152.75,18155.25,18147.25,18147.75,1088
2026-01-22 13:09:00,18147.75,18151.00,18139.00,18146.75,554
2026-01-22 13:10:00,18146.75,18147.00,18138.75,18143.25,1265
2026-01-22 13:11:00,18143.25,18159.50,18143.25,18145.50,1103
2026-01-22 13:12:00,18145.50,18149.25,18130.00,18133.50,1133
2026-01-22 13:13:00,18133.50,18144.75,18132.50,18144.00,1315
2026-01-22 13:14:00,18144.00,18145.75,18142.75,18143.75,492
2026-01-22 13:15:00,18143.75,18144.75,18135.75,18136.75,1334
2026-01-22 13:16:00,18136.75,18145.50,18124.50,18144.25,392
2026-01-22 13:17:00,18144.25,18163.25,18138.50,18153.50,1163
2026-01-22 13:18:00,18153.50,18156.75,18141.75,18146.00,691
2026-01-22 13:19:00,18146.00,18146.50,18140.75,18141.00,1060
2026-01-22 13:20:00,18141.00,18149.75,18139.25,18147.25,758
2026-01-22 13:21:00,18147.25,18148.75,18125.50,18130.50,327
2026-01-22 13:22:00,18130.50,18142.50,18119.50,18141.00,1082
2026-01-22 13:23:00,18141.00,18149.50,18133.50,18143.75,1012
2026-01-22 13:24:00,18143.75,18150.75,18132.00,18133.25,1256
2026-01-22 13:25:00,18133.25,18161.25,18129.75,18155.25,509
2026-01-22 13:26:00,18155.25,18162.25,18143.50,18144.00,737
2026-01-22 13:27:00,18144.00,18148.25,18132.00,18132.25,659
2026-01-22 13:28:00,18132.25,18151.00,18124.50,18143.00,1198
2026-01-22 13:29:00,18143.00,18146.50,18136.25,18136.75,1228
2026-01-22 13:30:00,18136.75,18151.50,18133.25,18148.75,374
2026-01-22 13:31:00,18148.75,18162.00,18142.50,18159.50,1261
2026-01-22 13:32:00,18159.50,18162.50,18127.50,18128.25,1037
2026-01-22 13:33:00,18128.25,18167.50,18127.00,18157.75,358
2026-01-22 13:34:00,18157.75,18163.00,18149.50,18153.00,870
2026-01-22 13:35:00,18153.00,18155.25,18134.25,18135.50,700
2026-01-22 13:36:00,18135.50,18141.50,18134.25,18139.00,400
2026-01-22 13:37:00,18139.00,18147.00,18131.75,18137.25,283
2026-01-22 13:38:00,18137.25,18144.50,18134.00,18138.00,1217
2026-01-22 13:39:00,18138.00,18146.25,18134.25,18144.00,897
2026-01-22 13:40:00,18144.00,18145.50,18136.50,18141.25,580
2026-01-22 13:41:00,18141.25,18146.75,18136.25,18143.25,1129
2026-01-22 13:42:00,18143.25,18160.00,18138.75,18149.50,813
2026-01-22 13:43:00,18149.50,18160.75,18139.00,18159.75,339
2026-01-22 13:44:00,18159.75,18162.75,18134.25,18139.00,1236
2026-01-22 13:45:00,18139.00,18148.75,18137.00,18142.00,1457
2026-01-22 13:46:00,18142.00,18149.50,18140.00,18146.25,1469
2026-01-22 13:47:00,18146.25,18146.50,18133.50,18137.00,694
2026-01-22 13:48:00,18137.00,18149.75,18131.25,18147.75,513
2026-01-22 13:49:00,18147.75,18153.25,18146.50,18149.00,713
2026-01-22 13:50:00,18149.00,18149.50,18137.25,18137.75,1313
2026-01-22 13:51:00,18137.75,18155.25,18131.50,18150.00,449
2026-01-22 13:52:00,18150.00,18156.75,18125.00,18129.75,281
2026-01-22 13:53:00,18129.75,18143.75,18125.25,18137.50,345
2026-01-22 13:54:00,18137.50,18153.00,18136.75,18147.00,716
2026-01-22 13:55:00,18147.00,18152.75,18138.50,18138.50,1295
2026-01-22 13:56:00,18138.50,18159.50,18127.50,18157.50,784
2026-01-22 13:57:00,18157.50,18158.50,18132.25,18134.00,1209
2026-01-22 13:58:00,18134.00,18142.50,18118.00,18125.50,752
2026-01-22 13:59:00,18125.50,18157.50,18115.25,18154.50,364
2026-01-22 14:00:00,18154.50,18162.75,18127.50,18131.75,354
2026-01-22 14:01:00,18131.75,18156.25,18127.75,18146.50,1101
2026-01-22 14:02:00,18146.50,18150.00,18143.50,18150.00,1108
2026-01-22 14:03:00,18150.00,18154.00,18148.50,18153.25,1195
2026-01-22 14:04:00,18153.25,18153.75,18150.25,18150.50,626
2026-01-22 14:05:00,18150.50,18151.25,18150.00,18151.00,1123
2026-01-22 14:06:00,18151.00,18151.25,18140.00,18142.75,1433
2026-01-22 14:07:00,18142.75,18159.50,18142.50,18157.50,314
2026-01-22 14:08:00,18157.50,18160.25,18149.75,18152.50,759
2026-01-22 14:09:00,18152.50,18154.50,18144.75,18145.75,261
2026-01-22 14:10:00,18145.75,18158.00,18139.50,18143.50,1452
2026-01-22 14:11:00,18143.50,18146.75,18127.00,18133.25,481
2026-01-22 14:12:00,18133.25,18140.00,18122.00,18138.00,823
2026-01-22 14:13:00,18138.00,18144.00,18137.25,18142.25,711
2026-01-22 14:14:00,18142.25,18156.50,18141.75,18154.25,1297
2026-01-22 14:15:00,18154.25,18161.50,18146.75,18150.50,1242
2026-01-22 14:16:00,18150.50,18155.75,18148.00,18153.75,365
2026-01-22 14:17:00,18153.75,18160.75,18141.50,18148.50,498
2026-01-22 14:18:00,18148.50,18152.50,18139.50,18143.25,1066
2026-01-22 14:19:00,18143.25,18146.75,18140.25,18144.50,808
2026-01-22 14:20:00,18144.50,18150.00,18142.25,18143.50,796
2026-01-22 14:21:00,18143.50,18147.25,18140.75,18141.50,355
2026-01-22 14:22:00,18141.50,18167.75,18135.25,18162.00,1472
2026-01-22 14:23:00,18162.00,18170.00,18125.25,18132.75,464
2026-01-22 14:24:00,18132.75,18152.75,18130.50,18148.75,1163
2026-01-22 14:25:00,18148.75,18151.50,18145.25,18148.25,555
2026-01-22 14:26:00,18148.25,18161.75,18146.50,18160.25,500
2026-01-22 14:27:00,18160.25,18162.00,18144.50,18147.00,1233
2026-01-22 14:28:00,18147.00,18157.00,18141.25,18153.00,356
2026-01-22 14:29:00,18153.00,18154.50,18142.50,18150.00,755
2026-01-22 14:30:00,18150.00,18154.75,18138.50,18145.25,698
2026-01-22 14:31:00,18145.25,18160.00,18140.25,18157.25,1305
2026-01-22 14:32:00,18157.25,18157.50,18130.75,18138.00,1088
2026-01-22 14:33:00,18138.00,18155.25,18134.25,18155.00,1011
2026-01-22 14:34:00,18155.00,18158.25,18137.50,18139.75,214
2026-01-22 14:35:00,18139.75,18142.00,18131.25,18134.50,978
2026-01-22 14:36:00,18134.50,18147.00,18130.50,18143.25,211
2026-01-22 14:37:00,18143.25,18144.75,18129.00,18135.25,1403
2026-01-22 14:38:00,18135.25,18147.00,18131.25,18145.25,728
2026-01-22 14:39:00,18145.25,18148.50,18130.25,18130.75,1148
2026-01-22 14:40:00,18130.75,18151.50,18125.25,18150.00,1388
2026-01-22 14:41:00,18150.00,18152.00,18144.50,18144.75,1232
2026-01-22 14:42:00,18144.75,18151.00,18136.75,18148.25,360
2026-01-22 14:43:00,18148.25,18152.00,18124.50,18128.50,1127
2026-01-22 14:44:00,18128.50,18155.00,18122.00,18151.25,758
2026-01-22 14:45:00,18151.25,18159.75,18137.25,18144.75,549
2026-01-22 14:46:00,18144.75,18162.50,18138.25,18159.00,1354
2026-01-22 14:47:00,18159.00,18163.00,18146.00,18146.25,234
2026-01-22 14:48:00,18146.25,18149.50,18143.50,18147.75,366
2026-01-22 14:49:00,18147.75,18148.00,18135.50,18138.25,590
2026-01-22 14:50:00,18138.25,18138.75,18133.25,18136.25,418
2026-01-22 14:51:00,18136.25,18147.50,18135.50,18147.25,1469
2026-01-22 14:52:00,18147.25,18151.50,18145.00,18151.50,520
2026-01-22 14:53:00,18151.50,18151.75,18142.25,18144.75,372
2026-01-22 14:54:00,18144.75,18150.50,18142.75,18148.50,742
2026-01-22 14:55:00,18148.50,18152.00,18132.50,18135.00,1275
2026-01-22 14:56:00,18135.00,18146.75,18134.00,18142.50,691
2026-01-22 14:57:00,18142.50,18159.25,18139.75,18148.00,458
2026-01-22 14:58:00,18148.00,18152.00,18141.50,18142.75,260
2026-01-22 14:59:00,18142.75,18148.75,18139.00,18145.00,961
2026-01-22 15:00:00,18145.00,18147.75,18129.25,18132.00,674
2026-01-22 15:01:00,18132.00,18143.75,18122.50,18143.50,350
2026-01-22 15:02:00,18143.50,18149.00,18131.00,18133.25,208
2026-01-22 15:03:00,18133.25,18157.25,18126.00,18155.00,717
2026-01-22 15:04:00,18155.00,18161.00,18152.25,18156.50,1301
2026-01-22 15:05:00,18156.50,18160.00,18142.00,18144.75,319
2026-01-22 15:06:00,18144.75,18145.75,18130.75,18133.75,1268
2026-01-22 15:07:00,18133.75,18144.00,18131.75,18139.25,1131
2026-01-22 15:08:00,18139.25,18139.75,18129.00,18134.50,921
2026-01-22 15:09:00,18134.50,18154.50,18131.50,18150.25,1182
2026-01-22 15:10:00,18150.25,18158.00,18148.75,18151.75,1035
2026-01-22 15:11:00,18151.75,18155.50,18140.25,18140.75,607
2026-01-22 15:12:00,18140.75,18161.75,18135.50,18154.75,434
2026-01-22 15:13:00,18154.75,18158.75,18135.75,18144.50,307
2026-01-22 15:14:00,18144.50,18152.00,18132.75,18137.50,705
2026-01-22 15:15:00,18137.50,18148.25,18130.75,18144.75,421
2026-01-22 15:16:00,18144.75,18150.75,18143.75,18148.75,1099
2026-01-22 15:17:00,18148.75,18153.25,18123.00,18133.75,1192
2026-01-22 15:18:00,18133.75,18149.50,18131.50,18149.25,229
2026-01-22 15:19:00,18149.25,18150.50,18139.50,18148.25,458
2026-01-22 15:20:00,18148.25,18154.00,18144.25,18146.50,311
2026-01-22 15:21:00,18146.50,18150.50,18139.50,18139.75,363
2026-01-22 15:22:00,18139.75,18142.75,18126.25,18134.25,241
2026-01-22 15:23:00,18134.25,18153.75,18129.00,18149.25,1414
2026-01-22 15:24:00,18149.25,18152.75,18126.00,18130.25,1290
2026-01-22 15:25:00,18130.25,18150.75,18128.00,18150.50,631
2026-01-22 15:26:00,18150.50,18152.25,18140.50,18146.50,731
2026-01-22 15:27:00,18146.50,18148.25,18131.75,18136.25,547
2026-01-22 15:28:00,18136.25,18136.75,18122.75,18129.25,1226
2026-01-22 15:29:00,18129.25,18153.75,18124.75,18144.50,852
2026-01-22 15:30:00,18144.50,18158.50,18144.50,18156.75,436
2026-01-22 15:31:00,18156.75,18159.50,18131.75,18137.00,1487
2026-01-22 15:32:00,18137.00,18147.00,18134.75,18147.00,1266
2026-01-22 15:33:00,18147.00,18150.25,18134.25,18141.50,784
2026-01-22 15:34:00,18141.50,18150.25,18141.50,18145.50,723
2026-01-22 15:35:00,18145.50,18148.50,18126.00,18133.25,1155
2026-01-22 15:36:00,18133.25,18155.50,18127.75,18150.25,839
2026-01-22 15:37:00,18150.25,18153.50,18133.25,18142.75,541
2026-01-22 15:38:00,18142.75,18148.00,18141.00,18142.25,774
2026-01-22 15:39:00,18142.25,18145.50,18137.75,18140.75,310
2026-01-22 15:40:00,18140.75,18167.50,18136.50,18155.00,1303
2026-01-22 15:41:00,18155.00,18155.25,18138.00,18139.25,1138
2026-01-22 15:42:00,18139.25,18149.25,18138.00,18144.50,261
2026-01-22 15:43:00,18144.50,18148.25,18143.25,18144.00,393
2026-01-22 15:44:00,18144.00,18146.25,18129.50,18132.25,1165
2026-01-22 15:45:00,18132.25,18164.00,18131.75,18159.75,1458
2026-01-22 15:46:00,18159.75,18161.00,18154.25,18154.75,1087
2026-01-22 15:47:00,18154.75,18157.25,18139.00,18141.00,759
2026-01-22 15:48:00,18141.00,18150.25,18135.00,18146.75,534
2026-01-22 15:49:00,18146.75,18148.75,18145.00,18147.50,1346
2026-01-22 15:50:00,18147.50,18160.00,18143.25,18153.25,1053
2026-01-22 15:51:00,18153.25,18156.00,18127.00,18135.25,620
2026-01-22 15:52:00,18135.25,18142.25,18126.00,18140.00,1447
2026-01-22 15:53:00,18140.00,18153.00,18131.25,18152.75,488
2026-01-22 15:54:00,18152.75,18157.00,18150.25,18155.50,680
2026-01-22 15:55:00,18155.50,18165.75,18150.50,18152.00,281
2026-01-22 15:56:00,18152.00,18155.00,18144.75,18146.75,849
2026-01-22 15:57:00,18146.75,18147.75,18134.25,18142.50,983
2026-01-22 15:58:00,18142.50,18144.50,18127.75,18132.25,1258
2026-01-22 15:59:00,18132.25,18151.50,18124.75,18150.75,571
2026-01-23 08:00:00,18047.00,18048.75,18042.50,18044.75,1336
2026-01-23 08:01:00,18044.75,18050.25,18044.50,18049.25,694
2026-01-23 08:02:00,18049.25,18053.00,18043.50,18045.00,251
2026-01-23 08:03:00,18045.00,18057.00,18043.50,18050.25,752
2026-01-23 08:04:00,18050.25,18054.25,18048.00,18052.50,1270
2026-01-23 08:05:00,18052.50,18052.75,18037.50,18041.50,450
2026-01-23 08:06:00,18041.50,18055.75,18039.75,18049.25,891
2026-01-23 08:07:00,18049.25,18052.00,18030.25,18034.50,380
2026-01-23 08:08:00,18034.50,18039.25,18033.25,18035.75,883
2026-01-23 08:09:00,18035.75,18060.25,18034.50,18059.50,439
2026-01-23 08:10:00,18059.50,18069.50,18035.75,18037.25,1213
2026-01-23 08:11:00,18037.25,18057.75,18034.25,18056.25,580
2026-01-23 08:12:00,18056.25,18059.25,18040.00,18044.75,821
2026-01-23 08:13:00,18044.75,18056.75,18043.75,18055.25,934
2026-01-23 08:14:00,18055.25,18057.50,18041.50,18043.50,719
2026-01-23 08:15:00,18043.50,18051.50,18034.50,18046.00,362
2026-01-23 08:16:00,18046.00,18049.25,18039.75,18041.75,681
2026-01-23 08:17:00,18041.75,18058.50,18037.50,18052.00,1248
2026-01-23 08:18:00,18052.00,18056.25,18046.00,18047.00,287
2026-01-23 08:19:00,18047.00,18049.75,18047.00,18047.25,337
2026-01-23 08:20:00,18047.25,18059.00,18043.75,18054.75,775
2026-01-23 08:21:00,18054.75,18057.25,18047.00,18047.50,1028
2026-01-23 08:22:00,18047.50,18053.00,18046.50,18050.50,505
2026-01-23 08:23:00,18050.50,18055.50,18049.75,18054.50,322
2026-01-23 08:24:00,18054.50,18059.50,18040.75,18044.50,1160
2026-01-23 08:25:00,18044.50,18066.50,18041.50,18063.00,478
2026-01-23 08:26:00,18063.00,18067.75,18045.25,18046.25,1120
2026-01-23 08:27:00,18046.25,18047.25,18040.00,18047.25,1201
2026-01-23 08:28:00,18047.25,18057.75,18043.00,18057.00,656
2026-01-23 08:29:00,18057.00,18065.75,18053.50,18055.75,629
2026-01-23 08:30:00,18055.75,18058.25,18045.75,18046.25,844
2026-01-23 08:31:00,18046.25,18047.50,18036.00,18042.25,393
2026-01-23 08:32:00,18042.25,18062.25,18041.50,18056.50,374
2026-01-23 08:33:00,18056.50,18057.25,18044.75,18046.25,1118
2026-01-23 08:34:00,18046.25,18056.50,18044.75,18051.00,361
2026-01-23 08:35:00,18051.00,18051.75,18049.25,18051.50,482
2026-01-23 08:36:00,18051.50,18052.00,18041.25,18043.50,945
2026-01-23 08:37:00,18043.50,18046.00,18040.50,18045.25,1192
2026-01-23 08:38:00,18045.25,18062.25,18038.50,18057.50,791
2026-01-23 08:39:00,18057.50,18058.00,18046.25,18049.50,354
2026-01-23 08:40:00,18049.50,18054.00,18043.75,18048.25,991
2026-01-23 08:41:00,18048.25,18057.00,18048.25,18054.00,845
2026-01-23 08:42:00,18054.00,18060.50,18044.00,18049.75,1006
2026-01-23 08:43:00,18049.75,18055.00,18048.75,18055.00,676
2026-01-23 08:44:00,18055.00,18055.75,18051.25,18054.75,1201
2026-01-23 08:45:00,18054.75,18058.00,18050.75,18051.50,1216
2026-01-23 08:46:00,18051.50,18064.25,18050.50,18061.50,1126
2026-01-23 08:47:00,18061.50,18063.50,18050.50,18058.25,1126
2026-01-23 08:48:00,18058.25,18059.75,18055.00,18055.25,316
2026-01-23 08:49:00,18055.25,18055.25,18040.25,18040.75,1028
2026-01-23 08:50:00,18040.75,18050.00,18036.75,18045.00,971
2026-01-23 08:51:00,18045.00,18055.50,18035.50,18053.00,611
2026-01-23 08:52:00,18053.00,18061.25,18047.25,18056.00,622
2026-01-23 08:53:00,18056.00,18056.25,18047.00,18050.50,425
2026-01-23 08:54:00,18050.50,18054.00,18045.75,18049.00,1312
2026-01-23 08:55:00,18049.00,18063.00,18045.75,18058.00,326
2026-01-23 08:56:00,18058.00,18061.00,18046.25,18048.50,849
2026-01-23 08:57:00,18048.50,18058.50,18047.75,18056.75,981
2026-01-23 08:58:00,18056.75,18060.00,18048.00,18052.00,1321
2026-01-23 08:59:00,18052.00,18052.00,18045.25,18045.50,318
2026-01-23 09:00:00,18045.50,18045.50,18042.25,18043.50,596
2026-01-23 09:01:00,18043.50,18061.00,18040.00,18056.75,313
2026-01-23 09:02:00,18056.75,18061.00,18054.50,18056.50,476
2026-01-23 09:03:00,18056.50,18058.75,18051.50,18054.00,818
2026-01-23 09:04:00,18054.00,18058.75,18047.25,18051.25,861
2026-01-23 09:05:00,18051.25,18057.00,18050.75,18056.50,1452
2026-01-23 09:06:00,18056.50,18058.75,18048.50,18053.50,1374
2026-01-23 09:07:00,18053.50,18055.50,18048.75,18052.75,1082
2026-01-23 09:08:00,18052.75,18055.00,18043.00,18043.75,1156
2026-01-23 09:09:00,18043.75,18049.75,18037.50,18047.50,744
2026-01-23 09:10:00,18047.50,18061.75,18047.00,18060.50,377
2026-01-23 09:11:00,18060.50,18062.50,18042.75,18045.50,977
2026-01-23 09:12:00,18045.50,18058.75,18045.25,18056.00,978
2026-01-23 09:13:00,18056.00,18061.50,18054.50,18061.25,578
2026-01-23 09:14:00,18061.25,18064.00,18059.25,18059.50,665
2026-01-23 09:15:00,18059.50,18062.25,18053.00,18053.25,246
2026-01-23 09:16:00,18053.25,18054.50,18047.00,18048.50,664
2026-01-23 09:17:00,18048.50,18059.00,18046.75,18050.25,1175
2026-01-23 09:18:00,18050.25,18073.00,18047.50,18070.25,1123
2026-01-23 09:19:00,18070.25,18071.75,18039.25,18040.00,946
2026-01-23 09:20:00,18040.00,18059.00,18038.50,18058.50,571
2026-01-23 09:21:00,18058.50,18062.50,18043.75,18049.75,1098
2026-01-23 09:22:00,18049.75,18062.00,18049.25,18058.25,1381
2026-01-23 09:23:00,18058.25,18065.25,18056.00,18056.25,573
2026-01-23 09:24:00,18056.25,18058.25,18042.00,18044.50,884
2026-01-23 09:25:00,18044.50,18057.00,18039.00,18047.75,1455
2026-01-23 09:26:00,18047.75,18052.75,18013.00,18013.00,1388
2026-01-23 09:27:00,18013.00,18039.75,18012.25,18036.75,302
2026-01-23 09:28:00,18036.75,18044.75,17998.25,18007.25,1287
2026-01-23 09:29:00,18007.25,18011.25,18007.00,18011.25,1119
2026-01-23 09:30:00,18011.25,18016.25,18010.00,18016.00,801
2026-01-23 09:31:00,18016.00,18036.75,18015.25,18034.00,394
2026-01-23 09:32:00,18034.00,18036.25,18026.25,18026.75,310
2026-01-23 09:33:00,18026.75,18031.75,18026.50,18031.00,534
2026-01-23 09:34:00,18031.00,18049.50,18030.00,18047.50,482
2026-01-23 09:35:00,18047.50,18048.75,18039.50,18040.00,1485
2026-01-23 09:36:00,18040.00,18068.75,18039.75,18068.25,1001
2026-01-23 09:37:00,18068.25,18070.25,18058.75,18059.50,1163
2026-01-23 09:38:00,18059.50,18070.75,18056.75,18069.75,1228
2026-01-23 09:39:00,18069.75,18073.25,18050.25,18052.75,1245
2026-01-23 09:40:00,18052.75,18054.75,18050.50,18054.75,915
2026-01-23 09:41:00,18054.75,18057.75,18046.25,18050.00,714
2026-01-23 09:42:00,18050.00,18056.00,18034.50,18037.25,1342
2026-01-23 09:43:00,18037.25,18041.00,18032.00,18037.75,1245
2026-01-23 09:44:00,18037.75,18043.75,18018.50,18023.00,911
2026-01-23 09:45:00,18023.00,18034.25,18022.75,18031.00,369
2026-01-23 09:46:00,18031.00,18039.75,18022.25,18023.00,1134
2026-01-23 09:47:00,18023.00,18056.75,18021.00,18056.25,518
2026-01-23 09:48:00,18056.25,18064.50,18048.25,18053.50,993
2026-01-23 09:49:00,18053.50,18062.25,18052.00,18056.75,1492
2026-01-23 09:50:00,18056.75,18070.25,18051.50,18064.50,1464
2026-01-23 09:51:00,18064.50,18079.00,18062.50,18076.50,1369
2026-01-23 09:52:00,18076.50,18097.00,18075.25,18088.75,1031
2026-01-23 09:53:00,18088.75,18091.75,18072.00,18072.25,1254
2026-01-23 09:54:00,18072.25,18121.00,18066.75,18114.25,1405
2026-01-23 09:55:00,18114.25,18114.75,18100.75,18103.75,943
2026-01-23 09:56:00,18103.75,18127.00,18102.25,18121.25,362
2026-01-23 09:57:00,18121.25,18131.75,18118.50,18123.50,1459
2026-01-23 09:58:00,18123.50,18140.25,18122.50,18137.75,848
2026-01-23 09:59:00,18137.75,18138.50,18122.75,18132.00,1195
2026-01-23 10:00:00,18132.00,18147.75,18124.75,18143.00,846
2026-01-23 10:01:00,18143.00,18163.75,18134.75,18152.00,659
2026-01-23 10:02:00,18152.00,18178.00,18147.25,18178.00,845
2026-01-23 10:03:00,18178.00,18186.75,18174.50,18184.75,807
2026-01-23 10:04:00,18184.75,18191.75,18180.25,18187.50,870
2026-01-23 10:05:00,18187.50,18198.75,18186.50,18196.25,637
2026-01-23 10:06:00,18196.25,18199.50,18181.50,18184.50,1424
2026-01-23 10:07:00,18184.50,18210.00,18182.00,18206.50,1086
2026-01-23 10:08:00,18206.50,18210.50,18206.00,18206.75,1098
2026-01-23 10:09:00,18206.75,18226.00,18199.75,18218.75,1118
2026-01-23 10:10:00,18218.75,18227.00,18216.75,18221.25,1291
2026-01-23 10:11:00,18221.25,18225.50,18219.50,18221.75,891
2026-01-23 10:12:00,18221.75,18222.00,18208.00,18213.75,459
2026-01-23 10:13:00,18213.75,18216.75,18211.50,18214.25,737
2026-01-23 10:14:00,18214.25,18227.50,18208.75,18218.75,404
2026-01-23 10:15:00,18218.75,18219.00,18207.50,18211.00,270
2026-01-23 10:16:00,18211.00,18217.50,18200.00,18209.25,1398
2026-01-23 10:17:00,18209.25,18218.50,18200.50,18217.75,1380
2026-01-23 10:18:00,18217.75,18232.25,18216.75,18223.00,815
2026-01-23 10:19:00,18223.00,18244.50,18220.00,18239.75,559
2026-01-23 10:20:00,18239.75,18245.25,18215.00,18221.50,1453
2026-01-23 10:21:00,18221.50,18223.25,18213.50,18215.50,870
2026-01-23 10:22:00,18215.50,18217.50,18209.50,18213.75,1083
2026-01-23 10:23:00,18213.75,18218.00,18207.50,18208.50,933
2026-01-23 10:24:00,18208.50,18212.25,18199.00,18210.75,524
2026-01-23 10:25:00,18210.75,18222.00,18210.50,18221.25,576
2026-01-23 10:26:00,18221.25,18222.00,18206.50,18209.75,444
2026-01-23 10:27:00,18209.75,18224.00,18208.25,18223.50,855
2026-01-23 10:28:00,18223.50,18225.25,18205.50,18207.25,1432
2026-01-23 10:29:00,18207.25,18216.75,18205.25,18216.50,413
2026-01-23 10:30:00,18216.50,18218.25,18216.00,18217.75,1140
2026-01-23 10:31:00,18217.75,18225.75,18209.00,18213.75,476
2026-01-23 10:32:00,18213.75,18217.25,18205.50,18216.50,1385
2026-01-23 10:33:00,18216.50,18218.50,18210.75,18212.25,1108
2026-01-23 10:34:00,18212.25,18214.50,18192.75,18205.75,770
2026-01-23 10:35:00,18205.75,18213.50,18195.25,18213.50,1050
2026-01-23 10:36:00,18213.50,18222.25,18201.50,18210.00,311
2026-01-23 10:37:00,18210.00,18221.50,18205.50,18215.75,583
2026-01-23 10:38:00,18215.75,18223.50,18208.00,18213.50,1380
2026-01-23 10:39:00,18213.50,18229.00,18209.75,18225.75,752
2026-01-23 10:40:00,18225.75,18232.00,18215.00,18216.50,612
2026-01-23 10:41:00,18216.50,18219.50,18216.00,18216.75,1005
2026-01-23 10:42:00,18216.75,18226.25,18214.50,18224.25,413
2026-01-23 10:43:00,18224.25,18232.00,18217.50,18225.50,1126
2026-01-23 10:44:00,18225.50,18226.00,18206.75,18211.75,995
2026-01-23 10:45:00,18211.75,18216.50,18207.25,18214.25,763
2026-01-23 10:46:00,18214.25,18219.00,18213.00,18213.50,1009
2026-01-23 10:47:00,18213.50,18227.00,18211.50,18225.50,602
2026-01-23 10:48:00,18225.50,18231.50,18213.50,18219.00,1466
2026-01-23 10:49:00,18219.00,18220.00,18214.00,18214.75,1329
2026-01-23 10:50:00,18214.75,18218.00,18213.00,18214.25,772
2026-01-23 10:51:00,18214.25,18216.25,18212.25,18215.50,1478
2026-01-23 10:52:00,18215.50,18244.25,18215.50,18236.75,1015
2026-01-23 10:53:00,18236.75,18239.00,18206.00,18208.00,1274
2026-01-23 10:54:00,18208.00,18229.00,18206.25,18224.25,1164
2026-01-23 10:55:00,18224.25,18227.50,18204.50,18208.25,614
2026-01-23 10:56:00,18208.25,18223.75,18203.25,18218.75,1111
2026-01-23 10:57:00,18218.75,18227.25,18213.00,18225.50,814
2026-01-23 10:58:00,18225.50,18228.50,18216.50,18228.00,224
2026-01-23 10:59:00,18228.00,18231.25,18220.25,18223.75,1336
2026-01-23 11:00:00,18223.75,18233.50,18219.25,18231.75,1062
2026-01-23 11:01:00,18231.75,18237.50,18208.75,18211.25,1188
2026-01-23 11:02:00,18211.25,18223.50,18202.00,18220.25,557
2026-01-23 11:03:00,18220.25,18230.75,18219.25,18227.00,1203
2026-01-23 11:04:00,18227.00,18228.75,18222.50,18226.50,220
2026-01-23 11:05:00,18226.50,18233.00,18205.75,18210.75,714
2026-01-23 11:06:00,18210.75,18216.25,18203.25,18213.00,418
2026-01-23 11:07:00,18213.00,18214.25,18200.25,18208.00,1225
2026-01-23 11:08:00,18208.00,18226.25,18204.50,18219.25,844
2026-01-23 11:09:00,18219.25,18224.25,18212.25,18221.75,754
2026-01-23 11:10:00,18221.75,18222.50,18209.50,18216.50,692
2026-01-23 11:11:00,18216.50,18236.00,18214.25,18228.00,563
2026-01-23 11:12:00,18228.00,18232.25,18222.25,18224.00,1012
2026-01-23 11:13:00,18224.00,18228.75,18215.25,18220.50,1220
2026-01-23 11:14:00,18220.50,18226.50,18208.25,18211.50,1431
2026-01-23 11:15:00,18211.50,18213.25,18203.25,18207.25,827
2026-01-23 11:16:00,18207.25,18231.25,18206.50,18225.50,776
2026-01-23 11:17:00,18225.50,18232.00,18223.75,18228.50,535
2026-01-23 11:18:00,18228.50,18230.75,18226.25,18229.25,338
2026-01-23 11:19:00,18229.25,18237.25,18217.50,18218.75,939
2026-01-23 11:20:00,18218.75,18220.75,18216.00,18218.25,625
2026-01-23 11:21:00,18218.25,18220.00,18214.50,18217.25,600
2026-01-23 11:22:00,18217.25,18224.00,18212.25,18217.25,1124
2026-01-23 11:23:00,18217.25,18224.50,18214.75,18217.75,1273
2026-01-23 11:24:00,18217.75,18226.00,18211.25,18214.25,797
2026-01-23 11:25:00,18214.25,18229.25,18212.75,18227.25,1473
2026-01-23 11:26:00,18227.25,18236.50,18212.25,18214.25,588
2026-01-23 11:27:00,18214.25,18230.00,18208.75,18226.25,1467
2026-01-23 11:28:00,18226.25,18228.00,18220.50,18223.75,1146
2026-01-23 11:29:00,18223.75,18231.25,18202.25,18206.50,916
2026-01-23 11:30:00,18206.50,18209.50,18201.75,18208.25,573
2026-01-23 11:31:00,18208.25,18220.75,18205.00,18216.50,1076
2026-01-23 11:32:00,18216.50,18225.25,18212.75,18221.50,424
2026-01-23 11:33:00,18221.50,18227.00,18221.00,18226.00,655
2026-01-23 11:34:00,18226.00,18228.00,18220.50,18223.75,1459
2026-01-23 11:35:00,18223.75,18232.25,18211.00,18215.50,1357
2026-01-23 11:36:00,18215.50,18234.50,18210.75,18224.00,288
2026-01-23 11:37:00,18224.00,18224.50,18215.00,18220.50,483
2026-01-23 11:38:00,18220.50,18227.75,18215.75,18224.50,480
2026-01-23 11:39:00,18224.50,18227.75,18202.00,18208.25,584
2026-01-23 11:40:00,18208.25,18225.75,18206.75,18221.75,1212
2026-01-23 11:41:00,18221.75,18224.00,18209.25,18215.25,1079
2026-01-23 11:42:00,18215.25,18226.25,18209.25,18220.25,1104
2026-01-23 11:43:00,18220.25,18228.25,18219.00,18222.75,689
2026-01-23 11:44:00,18222.75,18229.25,18219.75,18226.75,1029
2026-01-23 11:45:00,18226.75,18227.50,18197.25,18199.25,1120
2026-01-23 11:46:00,18199.25,18225.75,18198.00,18225.00,805
2026-01-23 11:47:00,18225.00,18228.00,18205.50,18214.75,1482
2026-01-23 11:48:00,18214.75,18216.50,18207.00,18210.00,1392
2026-01-23 11:49:00,18210.00,18225.00,18207.75,18220.00,235
2026-01-23 11:50:00,18220.00,18223.25,18214.75,18216.00,1235
2026-01-23 11:51:00,18216.00,18223.25,18214.75,18220.00,1377
2026-01-23 11:52:00,18220.00,18225.75,18214.50,18215.00,276
2026-01-23 11:53:00,18215.00,18226.50,18213.75,18226.00,505
2026-01-23 11:54:00,18226.00,18226.25,18218.75,18224.25,528
2026-01-23 11:55:00,18224.25,18225.00,18221.50,18223.75,613
2026-01-23 11:56:00,18223.75,18238.00,18218.75,18229.50,809
2026-01-23 11:57:00,18229.50,18232.25,18203.50,18205.75,1421
2026-01-23 11:58:00,18205.75,18220.75,18202.00,18219.25,780
2026-01-23 11:59:00,18219.25,18228.75,18213.00,18228.00,1173
2026-01-23 12:00:00,18228.00,18230.50,18217.75,18221.00,1216
2026-01-23 12:01:00,18221.00,18222.75,18198.00,18212.25,397
2026-01-23 12:02:00,18212.25,18227.75,18210.25,18225.25,931
2026-01-23 12:03:00,18225.25,18228.25,18212.75,18214.50,208
2026-01-23 12:04:00,18214.50,18226.25,18209.25,18225.25,238
2026-01-23 12:05:00,18225.25,18226.75,18217.75,18217.75,203
2026-01-23 12:06:00,18217.75,18233.50,18208.00,18231.50,416
2026-01-23 12:07:00,18231.50,18232.25,18211.00,18214.00,1488
2026-01-23 12:08:00,18214.00,18232.75,18212.25,18229.50,555
2026-01-23 12:09:00,18229.50,18236.00,18219.75,18223.75,869
2026-01-23 12:10:00,18223.75,18225.00,18216.25,18224.25,222
2026-01-23 12:11:00,18224.25,18225.75,18206.50,18209.75,441
2026-01-23 12:12:00,18209.75,18224.75,18202.75,18213.50,984
2026-01-23 12:13:00,18213.50,18215.50,18209.75,18211.25,840
2026-01-23 12:14:00,18211.25,18231.00,18208.50,18227.75,941
2026-01-23 12:15:00,18227.75,18228.00,18214.25,18219.00,439
2026-01-23 12:16:00,18219.00,18221.50,18209.50,18212.75,272
2026-01-23 12:17:00,18212.75,18219.50,18204.75,18219.25,641
2026-01-23 12:18:00,18219.25,18224.75,18212.25,18215.00,1359
2026-01-23 12:19:00,18215.00,18234.00,18213.00,18231.50,1276
2026-01-23 12:20:00,18231.50,18235.00,18224.50,18228.25,1434
2026-01-23 12:21:00,18228.25,18236.25,18210.75,18215.75,351
2026-01-23 12:22:00,18215.75,18240.00,18215.00,18232.75,952
2026-01-23 12:23:00,18232.75,18233.00,18214.75,18215.50,1457
2026-01-23 12:24:00,18215.50,18222.50,18203.50,18204.50,852
2026-01-23 12:25:00,18204.50,18222.75,18199.00,18214.00,1152
2026-01-23 12:26:00,18214.00,18224.75,18211.50,18217.75,1124
2026-01-23 12:27:00,18217.75,18228.00,18215.25,18223.50,1285
2026-01-23 12:28:00,18223.50,18232.50,18221.25,18222.50,242
2026-01-23 12:29:00,18222.50,18228.25,18214.00,18215.00,391
2026-01-23 12:30:00,18215.00,18226.50,18203.00,18223.25,1306
2026-01-23 12:31:00,18223.25,18231.25,18219.50,18222.00,742
2026-01-23 12:32:00,18222.00,18234.25,18219.00,18226.00,1039
2026-01-23 12:33:00,18226.00,18232.50,18208.00,18208.75,282
2026-01-23 12:34:00,18208.75,18223.25,18201.50,18222.50,583
2026-01-23 12:35:00,18222.50,18229.25,18203.25,18211.50,1416
2026-01-23 12:36:00,18211.50,18221.75,18207.25,18221.25,430
2026-01-23 12:37:00,18221.25,18230.00,18214.50,18227.75,275
2026-01-23 12:38:00,18227.75,18233.00,18218.00,18221.00,677
2026-01-23 12:39:00,18221.00,18221.25,18211.50,18220.25,1067
2026-01-23 12:40:00,18220.25,18229.00,18213.75,18215.00,1402
2026-01-23 12:41:00,18215.00,18220.50,18208.75,18218.50,1115
2026-01-23 12:42:00,18218.50,18224.25,18217.75,18221.00,256
2026-01-23 12:43:00,18221.00,18221.25,18213.25,18214.75,1375
2026-01-23 12:44:00,18214.75,18220.00,18212.50,18215.00,1094
2026-01-23 12:45:00,18215.00,18218.25,18212.00,18213.00,630
2026-01-23 12:46:00,18213.00,18224.00,18212.00,18221.00,703
2026-01-23 12:47:00,18221.00,18221.00,18217.75,18219.00,1437
2026-01-23 12:48:00,18219.00,18221.75,18218.50,18220.00,727
2026-01-23 12:49:00,18220.00,18237.75,18215.75,18228.75,1092
2026-01-23 12:50:00,18228.75,18238.75,18207.25,18208.00,1423
2026-01-23 12:51:00,18208.00,18211.75,18202.50,18205.00,1244
2026-01-23 12:52:00,18205.00,18224.00,18203.00,18223.00,906
2026-01-23 12:53:00,18223.00,18227.75,18216.25,18218.75,1072
2026-01-23 12:54:00,18218.75,18220.75,18211.25,18212.50,475
2026-01-23 12:55:00,18212.50,18216.25,18199.50,18200.75,308
2026-01-23 12:56:00,18200.75,18229.25,18198.50,18226.50,1268
2026-01-23 12:57:00,18226.50,18229.00,18213.25,18218.25,362
2026-01-23 12:58:00,18218.25,18220.50,18204.00,18204.50,829
2026-01-23 12:59:00,18204.50,18226.50,18203.50,18220.00,1038
2026-01-23 13:00:00,18220.00,18221.75,18217.25,18220.75,1241
2026-01-23 13:01:00,18220.75,18225.00,18217.00,18221.75,1396
2026-01-23 13:02:00,18221.75,18233.25,18215.25,18220.25,636
2026-01-23 13:03:00,18220.25,18225.75,18215.00,18216.75,1310
2026-01-23 13:04:00,18216.75,18228.00,18215.00,18225.50,1001
2026-01-23 13:05:00,18225.50,18227.25,18213.25,18216.75,543
2026-01-23 13:06:00,18216.75,18224.00,18200.00,18204.25,1007
2026-01-23 13:07:00,18204.25,18222.75,18202.50,18217.75,961
2026-01-23 13:08:00,18217.75,18227.75,18210.75,18225.75,983
2026-01-23 13:09:00,18225.75,18230.75,18223.50,18227.75,546
2026-01-23 13:10:00,18227.75,18239.00,18215.25,18216.00,730
2026-01-23 13:11:00,18216.00,18224.25,18207.25,18207.75,677
2026-01-23 13:12:00,18207.75,18218.25,18199.25,18218.00,583
2026-01-23 13:13:00,18218.00,18219.75,18200.75,18204.75,789
2026-01-23 13:14:00,18204.75,18227.25,18201.75,18223.50,262
2026-01-23 13:15:00,18223.50,18225.50,18210.00,18214.75,376
2026-01-23 13:16:00,18214.75,18225.00,18214.25,18223.50,723
2026-01-23 13:17:00,18223.50,18227.25,18204.50,18210.75,905
2026-01-23 13:18:00,18210.75,18215.75,18195.75,18200.25,850
2026-01-23 13:19:00,18200.25,18226.25,18200.00,18224.50,1400
2026-01-23 13:20:00,18224.50,18228.25,18209.25,18216.25,595
2026-01-23 13:21:00,18216.25,18221.50,18208.75,18212.75,425
2026-01-23 13:22:00,18212.75,18235.75,18207.50,18228.75,599
2026-01-23 13:23:00,18228.75,18229.00,18206.50,18216.00,1261
2026-01-23 13:24:00,18216.00,18229.50,18205.25,18227.75,817
2026-01-23 13:25:00,18227.75,18231.00,18222.00,18224.25,519
2026-01-23 13:26:00,18224.25,18225.75,18217.00,18218.25,819
2026-01-23 13:27:00,18218.25,18223.25,18216.00,18216.50,1091
2026-01-23 13:28:00,18216.50,18217.00,18212.50,18216.75,344
2026-01-23 13:29:00,18216.75,18226.25,18215.50,18223.75,1150
2026-01-23 13:30:00,18223.75,18231.00,18201.25,18212.00,1368
2026-01-23 13:31:00,18212.00,18212.75,18204.50,18211.50,919
2026-01-23 13:32:00,18211.50,18230.75,18207.00,18228.00,1140
2026-01-23 13:33:00,18228.00,18231.25,18208.75,18216.25,1346
2026-01-23 13:34:00,18216.25,18220.75,18207.25,18207.25,1002
2026-01-23 13:35:00,18207.25,18231.00,18203.00,18227.25,1147
2026-01-23 13:36:00,18227.25,18233.00,18216.00,18220.50,711
2026-01-23 13:37:00,18220.50,18224.00,18204.00,18211.50,783
2026-01-23 13:38:00,18211.50,18221.50,18209.25,18220.50,658
2026-01-23 13:39:00,18220.50,18235.50,18219.00,18231.75,1116
2026-01-23 13:40:00,18231.75,18231.75,18219.50,18222.00,1497
2026-01-23 13:41:00,18222.00,18222.50,18201.25,18208.00,915
2026-01-23 13:42:00,18208.00,18214.50,18203.50,18212.50,1449
2026-01-23 13:43:00,18212.50,18226.75,18209.25,18226.75,730
2026-01-23 13:44:00,18226.75,18230.25,18202.50,18205.75,1332
2026-01-23 13:45:00,18205.75,18216.25,18200.00,18214.75,806
2026-01-23 13:46:00,18214.75,18219.00,18214.25,18217.75,839
2026-01-23 13:47:00,18217.75,18222.00,18212.00,18212.50,362
2026-01-23 13:48:00,18212.50,18235.00,18211.75,18227.25,379
2026-01-23 13:49:00,18227.25,18229.50,18203.50,18204.00,490
2026-01-23 13:50:00,18204.00,18224.25,18200.50,18223.25,839
2026-01-23 13:51:00,18223.25,18228.25,18215.25,18216.50,358
2026-01-23 13:52:00,18216.50,18220.75,18214.75,18216.00,701
2026-01-23 13:53:00,18216.00,18219.50,18214.00,18215.25,1098
2026-01-23 13:54:00,18215.25,18225.75,18202.25,18223.75,434
2026-01-23 13:55:00,18223.75,18234.50,18221.25,18224.75,286
2026-01-23 13:56:00,18224.75,18231.25,18222.25,18228.00,725
2026-01-23 13:57:00,18228.00,18231.75,18216.50,18221.50,627
2026-01-23 13:58:00,18221.50,18223.50,18208.50,18217.75,598
2026-01-23 13:59:00,18217.75,18226.75,18214.25,18226.50,202
2026-01-23 14:00:00,18226.50,18227.50,18211.75,18212.00,677
2026-01-23 14:01:00,18212.00,18216.25,18208.00,18208.50,1450
2026-01-23 14:02:00,18208.50,18224.00,18208.50,18220.50,512
2026-01-23 14:03:00,18220.50,18227.25,18214.75,18220.00,486
2026-01-23 14:04:00,18220.00,18220.75,18205.25,18207.75,1331
2026-01-23 14:05:00,18207.75,18231.00,18206.50,18226.75,818
2026-01-23 14:06:00,18226.75,18227.50,18222.25,18226.25,202
2026-01-23 14:07:00,18226.25,18227.25,18213.00,18215.50,1459
2026-01-23 14:08:00,18215.50,18238.75,18212.50,18235.25,749
2026-01-23 14:09:00,18235.25,18236.50,18212.75,18217.00,360
2026-01-23 14:10:00,18217.00,18219.75,18202.25,18203.25,1283
2026-01-23 14:11:00,18203.25,18239.00,18196.75,18238.50,1254
2026-01-23 14:12:00,18238.50,18240.50,18217.00,18225.25,313
2026-01-23 14:13:00,18225.25,18234.50,18206.75,18215.00,762
2026-01-23 14:14:00,18215.00,18229.75,18213.25,18225.00,386
2026-01-23 14:15:00,18225.00,18234.75,18221.50,18225.50,343
2026-01-23 14:16:00,18225.50,18233.25,18203.25,18206.25,235
2026-01-23 14:17:00,18206.25,18228.25,18201.00,18225.25,1279
2026-01-23 14:18:00,18225.25,18233.25,18219.00,18231.75,219
2026-01-23 14:19:00,18231.75,18240.00,18230.50,18239.25,225
2026-01-23 14:20:00,18239.25,18241.25,18227.00,18230.50,546
2026-01-23 14:21:00,18230.50,18240.00,18212.25,18212.75,326
2026-01-23 14:22:00,18212.75,18242.50,18208.75,18237.50,1201
2026-01-23 14:23:00,18237.50,18246.50,18215.00,18221.75,304
2026-01-23 14:24:00,18221.75,18222.75,18211.25,18219.75,1147
2026-01-23 14:25:00,18219.75,18220.75,18203.00,18207.00,250
2026-01-23 14:26:00,18207.00,18226.00,18206.75,18222.75,1366
2026-01-23 14:27:00,18222.75,18224.00,18212.25,18216.25,581
2026-01-23 14:28:00,18216.25,18217.00,18202.75,18211.00,380
2026-01-23 14:29:00,18211.00,18235.25,18208.50,18234.75,1369
2026-01-23 14:30:00,18234.75,18239.75,18211.25,18219.00,568
2026-01-23 14:31:00,18219.00,18220.00,18210.75,18217.75,1046
2026-01-23 14:32:00,18217.75,18219.50,18212.25,18213.50,601
2026-01-23 14:33:00,18213.50,18214.50,18205.00,18207.00,1199
2026-01-23 14:34:00,18207.00,18227.50,18193.75,18219.50,1323
2026-01-23 14:35:00,18219.50,18221.75,18215.50,18221.00,774
2026-01-23 14:36:00,18221.00,18223.25,18200.00,18204.50,1319
2026-01-23 14:37:00,18204.50,18231.25,18197.25,18230.50,284
2026-01-23 14:38:00,18230.50,18236.75,18218.50,18222.50,404
2026-01-23 14:39:00,18222.50,18225.75,18215.00,18216.00,611
2026-01-23 14:40:00,18216.00,18218.00,18205.00,18206.75,1081
2026-01-23 14:41:00,18206.75,18227.25,18202.50,18226.00,1347
2026-01-23 14:42:00,18226.00,18240.25,18220.00,18226.50,1470
2026-01-23 14:43:00,18226.50,18230.25,18212.25,18214.25,1430
2026-01-23 14:44:00,18214.25,18215.75,18204.50,18205.25,1133
2026-01-23 14:45:00,18205.25,18221.50,18200.00,18220.00,441
2026-01-23 14:46:00,18220.00,18226.25,18219.50,18219.50,427
2026-01-23 14:47:00,18219.50,18221.25,18204.50,18205.25,1178
2026-01-23 14:48:00,18205.25,18231.25,18204.50,18226.25,1387
2026-01-23 14:49:00,18226.25,18230.50,18211.25,18214.00,1464
2026-01-23 14:50:00,18214.00,18228.75,18209.00,18227.50,829
2026-01-23 14:51:00,18227.50,18228.00,18209.75,18213.75,333
2026-01-23 14:52:00,18213.75,18243.50,18207.25,18237.00,902
2026-01-23 14:53:00,18237.00,18239.00,18205.00,18210.50,947
2026-01-23 14:54:00,18210.50,18230.00,18201.25,18225.50,879
2026-01-23 14:55:00,18225.50,18226.25,18202.50,18210.50,807
2026-01-23 14:56:00,18210.50,18218.75,18208.00,18218.00,1192
2026-01-23 14:57:00,18218.00,18239.50,18210.00,18226.75,952
2026-01-23 14:58:00,18226.75,18233.50,18213.75,18220.75,1254
2026-01-23 14:59:00,18220.75,18231.00,18207.25,18209.50,1353
2026-01-23 15:00:00,18209.50,18229.75,18206.00,18228.50,386
2026-01-23 15:01:00,18228.50,18229.25,18206.75,18207.25,1057
2026-01-23 15:02:00,18207.25,18213.50,18200.25,18209.00,941
2026-01-23 15:03:00,18209.00,18232.25,18207.50,18225.00,738
2026-01-23 15:04:00,18225.00,18235.50,18211.00,18212.75,609
2026-01-23 15:05:00,18212.75,18222.25,18208.00,18218.25,897
2026-01-23 15:06:00,18218.25,18221.00,18207.25,18214.00,854
2026-01-23 15:07:00,18214.00,18218.00,18209.00,18218.00,1152
2026-01-23 15:08:00,18218.00,18231.75,18215.50,18230.00,1206
2026-01-23 15:09:00,18230.00,18237.00,18222.75,18224.50,514
2026-01-23 15:10:00,18224.50,18227.25,18208.75,18226.00,480
2026-01-23 15:11:00,18226.00,18229.25,18206.00,18217.25,960
2026-01-23 15:12:00,18217.25,18236.00,18212.25,18230.50,1217
2026-01-23 15:13:00,18230.50,18233.50,18217.00,18218.25,941
2026-01-23 15:14:00,18218.25,18232.00,18218.00,18224.00,222
2026-01-23 15:15:00,18224.00,18243.00,18220.25,18235.50,1065
2026-01-23 15:16:00,18235.50,18242.00,18224.00,18225.50,894
2026-01-23 15:17:00,18225.50,18238.75,18221.75,18228.75,606
2026-01-23 15:18:00,18228.75,18233.50,18224.00,18231.50,761
2026-01-23 15:19:00,18231.50,18231.50,18221.25,18223.00,364
2026-01-23 15:20:00,18223.00,18224.00,18203.00,18205.00,1201
2026-01-23 15:21:00,18205.00,18235.75,18199.00,18225.25,329
2026-01-23 15:22:00,18225.25,18231.50,18205.75,18211.25,1382
2026-01-23 15:23:00,18211.25,18225.00,18211.00,18218.25,295
2026-01-23 15:24:00,18218.25,18223.00,18214.25,18214.50,1200
2026-01-23 15:25:00,18214.50,18226.75,18208.50,18221.25,1313
2026-01-23 15:26:00,18221.25,18229.75,18204.25,18219.50,985
2026-01-23 15:27:00,18219.50,18221.75,18199.75,18215.50,215
2026-01-23 15:28:00,18215.50,18218.00,18213.75,18217.75,327
2026-01-23 15:29:00,18217.75,18229.00,18215.25,18225.00,630
2026-01-23 15:30:00,18225.00,18235.50,18224.75,18228.25,1190
2026-01-23 15:31:00,18228.25,18238.00,18221.75,18222.50,414
2026-01-23 15:32:00,18222.50,18229.50,18219.00,18226.50,1270
2026-01-23 15:33:00,18226.50,18232.00,18205.75,18213.00,1147
2026-01-23 15:34:00,18213.00,18237.00,18208.75,18235.25,427
2026-01-23 15:35:00,18235.25,18238.25,18216.25,18225.00,797
2026-01-23 15:36:00,18225.00,18230.75,18215.25,18216.00,1449
2026-01-23 15:37:00,18216.00,18231.50,18213.75,18227.25,1496
2026-01-23 15:38:00,18227.25,18232.75,18226.00,18228.50,724
2026-01-23 15:39:00,18228.50,18238.00,18228.00,18230.25,346
2026-01-23 15:40:00,18230.25,18243.25,18222.50,18231.75,904
2026-01-23 15:41:00,18231.75,18232.00,18212.00,18212.00,765
2026-01-23 15:42:00,18212.00,18230.25,18209.75,18230.00,1477
2026-01-23 15:43:00,18230.00,18230.50,18204.75,18216.75,590
2026-01-23 15:44:00,18216.75,18219.25,18207.00,18207.00,909
2026-01-23 15:45:00,18207.00,18209.25,18199.25,18207.50,495
2026-01-23 15:46:00,18207.50,18224.50,18205.00,18223.75,1437
2026-01-23 15:47:00,18223.75,18228.00,18217.50,18218.25,942
2026-01-23 15:48:00,18218.25,18225.50,18211.75,18216.50,617
2026-01-23 15:49:00,18216.50,18221.00,18214.25,18216.50,444
2026-01-23 15:50:00,18216.50,18217.00,18195.50,18208.00,930
2026-01-23 15:51:00,18208.00,18209.25,18193.50,18201.25,752
2026-01-23 15:52:00,18201.25,18221.50,18200.75,18217.75,709
2026-01-23 15:53:00,18217.75,18232.75,18209.75,18226.25,729
2026-01-23 15:54:00,18226.25,18227.00,18217.75,18218.75,524
2026-01-23 15:55:00,18218.75,18222.00,18212.25,18221.50,1297
2026-01-23 15:56:00,18221.50,18227.75,18219.00,18220.00,1256
2026-01-23 15:57:00,18220.00,18221.75,18209.50,18215.50,880
2026-01-23 15:58:00,18215.50,18225.00,18213.25,18223.75,1107
2026-01-23 15:59:00,18223.75,18224.75,18216.25,18217.25,1111
2026-01-26 08:00:00,18132.00,18142.50,18129.50,18136.00,925
2026-01-26 08:01:00,18136.00,18142.75,18129.50,18129.75,554
2026-01-26 08:02:00,18129.75,18134.75,18122.50,18124.00,1092
2026-01-26 08:03:00,18124.00,18133.50,18123.75,18131.50,1482
2026-01-26 08:04:00,18131.50,18132.75,18119.25,18120.75,857
2026-01-26 08:05:00,18120.75,18140.00,18120.50,18137.25,572
2026-01-26 08:06:00,18137.25,18144.25,18131.00,18139.00,518
2026-01-26 08:07:00,18139.00,18140.50,18126.00,18131.00,1136
2026-01-26 08:08:00,18131.00,18131.75,18120.75,18124.75,446
2026-01-26 08:09:00,18124.75,18144.50,18120.00,18143.50,1389
2026-01-26 08:10:00,18143.50,18145.00,18129.50,18135.75,786
2026-01-26 08:11:00,18135.75,18136.00,18134.75,18135.00,435
2026-01-26 08:12:00,18135.00,18139.25,18131.00,18131.25,594
2026-01-26 08:13:00,18131.25,18142.00,18128.75,18139.75,1462
2026-01-26 08:14:00,18139.75,18142.00,18130.50,18130.50,896
2026-01-26 08:15:00,18130.50,18135.75,18125.00,18132.75,576
2026-01-26 08:16:00,18132.75,18135.00,18128.75,18133.50,234
2026-01-26 08:17:00,18133.50,18135.00,18129.25,18131.25,958
2026-01-26 08:18:00,18131.25,18137.00,18130.25,18132.75,752
2026-01-26 08:19:00,18132.75,18132.75,18126.25,18129.75,1121
2026-01-26 08:20:00,18129.75,18131.50,18125.50,18128.00,998
2026-01-26 08:21:00,18128.00,18128.00,18120.50,18121.75,928
2026-01-26 08:22:00,18121.75,18137.50,18117.75,18132.00,228
2026-01-26 08:23:00,18132.00,18138.50,18128.75,18133.75,724
2026-01-26 08:24:00,18133.75,18135.00,18124.50,18129.50,776
2026-01-26 08:25:00,18129.50,18141.25,18126.25,18138.25,1487
2026-01-26 08:26:00,18138.25,18139.25,18134.50,18136.50,1354
2026-01-26 08:27:00,18136.50,18137.50,18133.25,18134.75,269
2026-01-26 08:28:00,18134.75,18136.75,18122.75,18126.50,1138
2026-01-26 08:29:00,18126.50,18141.50,18122.50,18138.75,1283
2026-01-26 08:30:00,18138.75,18141.50,18132.00,18134.75,1126
2026-01-26 08:31:00,18134.75,18136.50,18116.50,18123.75,580
2026-01-26 08:32:00,18123.75,18130.25,18120.75,18127.00,607
2026-01-26 08:33:00,18127.00,18134.00,18122.00,18131.00,1321
2026-01-26 08:34:00,18131.00,18138.00,18129.50,18132.25,683
2026-01-26 08:35:00,18132.25,18135.25,18130.00,18130.75,980
2026-01-26 08:36:00,18130.75,18131.50,18128.50,18131.00,1060
2026-01-26 08:37:00,18131.00,18139.50,18127.75,18134.50,1101
2026-01-26 08:38:00,18134.50,18136.50,18127.00,18131.50,1332
2026-01-26 08:39:00,18131.50,18134.50,18130.50,18132.75,1092
2026-01-26 08:40:00,18132.75,18134.00,18127.75,18131.00,794
2026-01-26 08:41:00,18131.00,18147.00,18126.00,18139.75,217
2026-01-26 08:42:00,18139.75,18144.75,18137.50,18144.25,779
2026-01-26 08:43:00,18144.25,18147.00,18134.25,18136.50,1171
2026-01-26 08:44:00,18136.50,18141.75,18133.25,18141.00,500
2026-01-26 08:45:00,18141.00,18142.25,18124.25,18124.50,937
2026-01-26 08:46:00,18124.50,18136.25,18123.50,18134.00,1453
2026-01-26 08:47:00,18134.00,18140.75,18124.25,18127.25,873
2026-01-26 08:48:00,18127.25,18142.50,18124.25,18141.75,999
2026-01-26 08:49:00,18141.75,18142.75,18116.25,18119.25,991
2026-01-26 08:50:00,18119.25,18140.00,18110.50,18138.50,1285
2026-01-26 08:51:00,18138.50,18142.00,18124.50,18124.75,467
2026-01-26 08:52:00,18124.75,18136.50,18118.50,18135.75,1426
2026-01-26 08:53:00,18135.75,18136.25,18125.50,18130.25,224
2026-01-26 08:54:00,18130.25,18141.75,18126.00,18135.75,1352
2026-01-26 08:55:00,18135.75,18140.75,18130.75,18137.50,888
2026-01-26 08:56:00,18137.50,18142.75,18127.75,18127.75,536
2026-01-26 08:57:00,18127.75,18131.75,18127.00,18130.50,1327
2026-01-26 08:58:00,18130.50,18139.75,18129.00,18134.50,1390
2026-01-26 08:59:00,18134.50,18139.00,18129.25,18131.50,715
2026-01-26 09:00:00,18131.50,18135.00,18131.25,18133.50,1022
2026-01-26 09:01:00,18133.50,18134.25,18122.25,18122.50,651
2026-01-26 09:02:00,18122.50,18135.75,18121.00,18133.50,1246
2026-01-26 09:03:00,18133.50,18135.00,18132.75,18133.25,1040
2026-01-26 09:04:00,18133.25,18135.75,18131.50,18131.75,1096
2026-01-26 09:05:00,18131.75,18134.25,18131.25,18132.50,774
2026-01-26 09:06:00,18132.50,18135.00,18127.00,18130.25,803
2026-01-26 09:07:00,18130.25,18131.25,18129.50,18131.00,1108
2026-01-26 09:08:00,18131.00,18150.75,18129.75,18142.25,1474
2026-01-26 09:09:00,18142.25,18146.50,18126.00,18130.00,868
2026-01-26 09:10:00,18130.00,18140.25,18127.25,18138.00,1085
2026-01-26 09:11:00,18138.00,18143.25,18130.50,18132.50,999
2026-01-26 09:12:00,18132.50,18139.50,18129.50,18135.75,660
2026-01-26 09:13:00,18135.75,18141.50,18134.00,18138.50,664
2026-01-26 09:14:00,18138.50,18139.75,18117.75,18120.25,211
2026-01-26 09:15:00,18120.25,18136.75,18114.00,18133.50,1302
2026-01-26 09:16:00,18133.50,18138.50,18120.50,18121.50,766
2026-01-26 09:17:00,18121.50,18132.50,18115.75,18131.25,1220
2026-01-26 09:18:00,18131.25,18153.75,18128.00,18150.00,401
2026-01-26 09:19:00,18150.00,18151.00,18130.50,18134.25,253
2026-01-26 09:20:00,18134.25,18143.25,18128.00,18131.75,1442
2026-01-26 09:21:00,18131.75,18134.75,18120.00,18128.75,1266
2026-01-26 09:22:00,18128.75,18146.00,18124.75,18142.00,770
2026-01-26 09:23:00,18142.00,18143.25,18126.75,18128.00,489
2026-01-26 09:24:00,18128.00,18149.75,18127.50,18143.25,1088
2026-01-26 09:25:00,18143.25,18148.00,18129.50,18129.75,932
2026-01-26 09:26:00,18129.75,18133.50,18123.75,18133.50,1087
2026-01-26 09:27:00,18133.50,18133.50,18128.00,18130.25,331
2026-01-26 09:28:00,18130.25,18136.50,18121.00,18125.50,1144
2026-01-26 09:29:00,18125.50,18133.75,18123.00,18124.00,605
2026-01-26 09:30:00,18124.00,18127.00,18110.75,18112.50,1050
2026-01-26 09:31:00,18112.50,18133.00,18109.75,18127.00,898
2026-01-26 09:32:00,18127.00,18131.75,18109.50,18110.75,634
2026-01-26 09:33:00,18110.75,18114.75,18097.75,18105.00,635
2026-01-26 09:34:00,18105.00,18111.50,18087.75,18090.25,1070
2026-01-26 09:35:00,18090.25,18101.00,18088.25,18099.50,1122
2026-01-26 09:36:00,18099.50,18102.50,18098.75,18101.00,1398
2026-01-26 09:37:00,18101.00,18114.75,18100.25,18114.75,1031
2026-01-26 09:38:00,18114.75,18118.00,18110.50,18116.75,514
2026-01-26 09:39:00,18116.75,18125.00,18115.75,18124.00,1411
2026-01-26 09:40:00,18124.00,18132.75,18123.75,18132.25,806
2026-01-26 09:41:00,18132.25,18144.50,18132.00,18144.25,1201
2026-01-26 09:42:00,18144.25,18145.75,18133.00,18133.00,1048
2026-01-26 09:43:00,18133.00,18152.75,18132.25,18151.00,1295
2026-01-26 09:44:00,18151.00,18156.50,18150.50,18153.00,224
2026-01-26 09:45:00,18153.00,18155.00,18135.25,18137.00,581
2026-01-26 09:46:00,18137.00,18144.00,18132.00,18142.00,519
2026-01-26 09:47:00,18142.00,18143.50,18119.00,18122.25,293
2026-01-26 09:48:00,18122.25,18123.00,18121.75,18122.75,473
2026-01-26 09:49:00,18122.75,18125.00,18104.00,18105.75,1177
2026-01-26 09:50:00,18105.75,18109.75,18100.50,18103.25,852
2026-01-26 09:51:00,18103.25,18116.00,18093.25,18094.25,290
2026-01-26 09:52:00,18094.25,18107.75,18077.75,18104.50,401
2026-01-26 09:53:00,18104.50,18129.50,18102.75,18128.50,773
2026-01-26 09:54:00,18128.50,18140.00,18123.25,18134.25,254
2026-01-26 09:55:00,18134.25,18153.75,18132.00,18151.75,242
2026-01-26 09:56:00,18151.75,18160.25,18137.00,18140.25,1377
2026-01-26 09:57:00,18140.25,18176.50,18134.50,18167.50,909
2026-01-26 09:58:00,18167.50,18168.75,18149.00,18153.00,1325
2026-01-26 09:59:00,18153.00,18160.25,18148.25,18158.00,256
2026-01-26 10:00:00,18158.00,18189.75,18153.25,18185.25,567
2026-01-26 10:01:00,18185.25,18198.25,18180.50,18191.50,736
2026-01-26 10:02:00,18191.50,18203.00,18187.00,18196.25,652
2026-01-26 10:03:00,18196.25,18206.25,18188.75,18196.25,620
2026-01-26 10:04:00,18196.25,18215.25,18188.00,18207.50,1126
2026-01-26 10:05:00,18207.50,18229.00,18205.00,18227.50,1404
2026-01-26 10:06:00,18227.50,18235.50,18226.00,18227.25,427
2026-01-26 10:07:00,18227.25,18239.50,18226.50,18234.25,628
2026-01-26 10:08:00,18234.25,18248.75,18216.25,18221.75,462
2026-01-26 10:09:00,18221.75,18258.50,18219.00,18256.75,855
2026-01-26 10:10:00,18256.75,18271.50,18247.25,18264.00,640
2026-01-26 10:11:00,18264.00,18268.25,18245.50,18251.75,1496
2026-01-26 10:12:00,18251.75,18260.25,18248.75,18255.00,952
2026-01-26 10:13:00,18255.00,18282.75,18254.50,18278.00,1159
2026-01-26 10:14:00,18278.00,18289.75,18275.25,18279.50,392
2026-01-26 10:15:00,18279.50,18282.25,18270.25,18273.75,1174
2026-01-26 10:16:00,18273.75,18277.25,18265.25,18266.50,1492
2026-01-26 10:17:00,18266.50,18288.50,18260.25,18282.25,500
2026-01-26 10:18:00,18282.25,18289.50,18271.25,18278.50,528
2026-01-26 10:19:00,18278.50,18283.50,18276.50,18282.25,846
2026-01-26 10:20:00,18282.25,18283.75,18268.50,18273.00,1271
2026-01-26 10:21:00,18273.00,18280.25,18270.50,18279.75,914
2026-01-26 10:22:00,18279.75,18281.25,18270.25,18271.75,256
2026-01-26 10:23:00,18271.75,18290.75,18261.00,18290.00,822
2026-01-26 10:24:00,18290.00,18296.25,18278.00,18283.00,441
2026-01-26 10:25:00,18283.00,18288.50,18268.00,18269.50,1183
2026-01-26 10:26:00,18269.50,18271.50,18265.25,18267.25,305
2026-01-26 10:27:00,18267.25,18274.00,18266.25,18272.75,1050
2026-01-26 10:28:00,18272.75,18272.75,18267.25,18272.25,923
2026-01-26 10:29:00,18272.25,18280.75,18269.50,18275.00,1410
2026-01-26 10:30:00,18275.00,18284.00,18273.50,18282.25,954
2026-01-26 10:31:00,18282.25,18289.00,18256.75,18261.00,1489
2026-01-26 10:32:00,18261.00,18279.25,18258.25,18274.25,649
2026-01-26 10:33:00,18274.25,18276.25,18266.50,18269.25,231
2026-01-26 10:34:00,18269.25,18271.75,18265.75,18268.50,1235
2026-01-26 10:35:00,18268.50,18278.50,18264.00,18276.00,370
2026-01-26 10:36:00,18276.00,18276.25,18258.50,18261.25,1187
2026-01-26 10:37:00,18261.25,18264.25,18251.75,18254.50,1242
2026-01-26 10:38:00,18254.50,18273.25,18252.75,18272.50,1298
2026-01-26 10:39:00,18272.50,18281.75,18271.25,18280.50,406
2026-01-26 10:40:00,18280.50,18284.00,18271.75,18276.00,728
2026-01-26 10:41:00,18276.00,18283.75,18260.25,18261.50,1293
2026-01-26 10:42:00,18261.50,18286.50,18253.00,18275.50,1437
2026-01-26 10:43:00,18275.50,18276.25,18253.00,18256.00,574
2026-01-26 10:44:00,18256.00,18282.25,18253.75,18279.25,1374
2026-01-26 10:45:00,18279.25,18280.25,18270.50,18275.50,875
2026-01-26 10:46:00,18275.50,18277.25,18267.50,18267.50,772
2026-01-26 10:47:00,18267.50,18285.00,18264.50,18282.00,958
2026-01-26 10:48:00,18282.00,18286.25,18264.50,18269.50,1253
2026-01-26 10:49:00,18269.50,18282.00,18268.25,18278.50,1360
2026-01-26 10:50:00,18278.50,18283.00,18263.75,18266.75,819
2026-01-26 10:51:00,18266.75,18275.75,18260.25,18270.00,889
2026-01-26 10:52:00,18270.00,18272.75,18268.25,18271.25,1044
2026-01-26 10:53:00,18271.25,18279.50,18267.00,18268.75,868
2026-01-26 10:54:00,18268.75,18293.50,18267.25,18283.75,1180
2026-01-26 10:55:00,18283.75,18285.75,18266.00,18268.75,866
2026-01-26 10:56:00,18268.75,18283.25,18263.50,18275.50,1386
2026-01-26 10:57:00,18275.50,18288.75,18258.75,18261.25,381
2026-01-26 10:58:00,18261.25,18273.75,18255.25,18269.75,1307
2026-01-26 10:59:00,18269.75,18274.25,18257.00,18274.25,1438
2026-01-26 11:00:00,18274.25,18275.75,18267.00,18268.00,1338
2026-01-26 11:01:00,18268.00,18281.75,18266.25,18280.00,338
2026-01-26 11:02:00,18280.00,18282.75,18269.00,18269.25,205
2026-01-26 11:03:00,18269.25,18277.75,18268.50,18275.75,1054
2026-01-26 11:04:00,18275.75,18279.25,18272.00,18273.00,719
2026-01-26 11:05:00,18273.00,18290.25,18267.75,18282.00,570
2026-01-26 11:06:00,18282.00,18286.25,18278.25,18285.75,1379
2026-01-26 11:07:00,18285.75,18297.00,18285.00,18289.50,901
2026-01-26 11:08:00,18289.50,18290.00,18270.75,18271.25,1029
2026-01-26 11:09:00,18271.25,18281.00,18261.50,18268.25,650
2026-01-26 11:10:00,18268.25,18269.00,18264.25,18267.25,586
2026-01-26 11:11:00,18267.25,18275.50,18261.50,18266.25,942
2026-01-26 11:12:00,18266.25,18281.50,18263.50,18278.75,529
2026-01-26 11:13:00,18278.75,18283.00,18269.00,18275.25,1203
2026-01-26 11:14:00,18275.25,18275.25,18269.50,18271.00,1499
2026-01-26 11:15:00,18271.00,18271.75,18262.25,18264.50,1324
2026-01-26 11:16:00,18264.50,18271.00,18258.00,18261.25,858
2026-01-26 11:17:00,18261.25,18286.00,18257.75,18281.50,946
2026-01-26 11:18:00,18281.50,18285.25,18272.75,18274.00,218
2026-01-26 11:19:00,18274.00,18284.00,18273.75,18277.50,804
2026-01-26 11:20:00,18277.50,18289.25,18275.00,18285.75,1187
2026-01-26 11:21:00,18285.75,18287.50,18266.75,18273.75,523
2026-01-26 11:22:00,18273.75,18281.00,18271.25,18278.50,1210
2026-01-26 11:23:00,18278.50,18284.50,18266.50,18272.25,652
2026-01-26 11:24:00,18272.25,18279.25,18263.50,18270.25,541
2026-01-26 11:25:00,18270.25,18275.75,18265.50,18267.50,806
2026-01-26 11:26:00,18267.50,18287.50,18264.25,18285.25,321
2026-01-26 11:27:00,18285.25,18297.25,18278.25,18291.50,589
2026-01-26 11:28:00,18291.50,18298.00,18270.25,18280.25,1159
2026-01-26 11:29:00,18280.25,18290.25,18278.75,18283.25,221
2026-01-26 11:30:00,18283.25,18287.00,18279.25,18280.25,307
2026-01-26 11:31:00,18280.25,18287.75,18273.25,18280.50,1075
2026-01-26 11:32:00,18280.50,18285.00,18273.50,18275.75,631
2026-01-26 11:33:00,18275.75,18278.25,18267.75,18270.50,390
2026-01-26 11:34:00,18270.50,18283.25,18267.00,18281.75,1443
2026-01-26 11:35:00,18281.75,18284.75,18268.25,18279.00,1348
2026-01-26 11:36:00,18279.00,18284.75,18278.50,18281.50,362
2026-01-26 11:37:00,18281.50,18281.75,18278.25,18280.50,1245
2026-01-26 11:38:00,18280.50,18286.00,18263.25,18270.25,469
2026-01-26 11:39:00,18270.25,18280.75,18260.75,18278.50,226
2026-01-26 11:40:00,18278.50,18281.75,18255.25,18263.25,1217
2026-01-26 11:41:00,18263.25,18288.25,18260.00,18285.00,921
2026-01-26 11:42:00,18285.00,18290.25,18271.00,18271.25,903
2026-01-26 11:43:00,18271.25,18273.75,18262.75,18267.50,1078
2026-01-26 11:44:00,18267.50,18274.00,18266.25,18273.50,986
2026-01-26 11:45:00,18273.50,18278.00,18257.75,18266.00,809
2026-01-26 11:46:00,18266.00,18272.50,18260.50,18268.75,1489
2026-01-26 11:47:00,18268.75,18285.25,18264.75,18279.00,1119
2026-01-26 11:48:00,18279.00,18282.00,18267.25,18271.25,1423
2026-01-26 11:49:00,18271.25,18293.00,18269.25,18288.25,1082
2026-01-26 11:50:00,18288.25,18295.25,18274.25,18279.50,951
2026-01-26 11:51:00,18279.50,18280.25,18277.75,18279.50,753
2026-01-26 11:52:00,18279.50,18282.25,18263.50,18266.75,517
2026-01-26 11:53:00,18266.75,18278.75,18265.50,18277.25,256
2026-01-26 11:54:00,18277.25,18278.50,18270.25,18271.75,1167
2026-01-26 11:55:00,18271.75,18277.50,18269.50,18276.75,1384
2026-01-26 11:56:00,18276.75,18278.75,18267.00,18275.00,581
2026-01-26 11:57:00,18275.00,18277.75,18270.75,18273.25,520
2026-01-26 11:58:00,18273.25,18282.75,18269.75,18280.00,1340
2026-01-26 11:59:00,18280.00,18285.75,18271.75,18275.50,1124
2026-01-26 12:00:00,18275.50,18280.75,18275.25,18279.50,936
2026-01-26 12:01:00,18279.50,18288.75,18276.75,18285.25,595
2026-01-26 12:02:00,18285.25,18293.00,18267.75,18267.75,643
2026-01-26 12:03:00,18267.75,18281.25,18261.25,18281.00,1475
2026-01-26 12:04:00,18281.00,18282.00,18275.75,18280.00,1440
2026-01-26 12:05:00,18280.00,18281.50,18258.25,18261.50,665
2026-01-26 12:06:00,18261.50,18275.75,18260.25,18271.50,716
2026-01-26 12:07:00,18271.50,18291.25,18260.00,18287.75,1470
2026-01-26 12:08:00,18287.75,18294.50,18287.50,18288.50,1058
2026-01-26 12:09:00,18288.50,18289.75,18275.25,18275.50,642
2026-01-26 12:10:00,18275.50,18281.50,18270.25,18272.25,973
2026-01-26 12:11:00,18272.25,18280.25,18270.00,18279.25,1026
2026-01-26 12:12:00,18279.25,18287.00,18261.25,18264.00,410
2026-01-26 12:13:00,18264.00,18267.75,18247.50,18254.50,482
2026-01-26 12:14:00,18254.50,18274.75,18250.25,18272.75,495
2026-01-26 12:15:00,18272.75,18276.00,18251.00,18261.50,811
2026-01-26 12:16:00,18261.50,18275.50,18256.75,18274.00,221
2026-01-26 12:17:00,18274.00,18285.50,18272.50,18279.50,1001
2026-01-26 12:18:00,18279.50,18283.75,18265.00,18265.00,830
2026-01-26 12:19:00,18265.00,18269.50,18260.75,18263.00,1095
2026-01-26 12:20:00,18263.00,18272.75,18260.25,18271.25,434
2026-01-26 12:21:00,18271.25,18288.50,18269.50,18284.50,891
2026-01-26 12:22:00,18284.50,18289.75,18272.25,18279.00,1155
2026-01-26 12:23:00,18279.00,18289.75,18276.50,18284.00,1484
2026-01-26 12:24:00,18284.00,18286.75,18258.00,18264.25,1490
2026-01-26 12:25:00,18264.25,18266.50,18254.50,18259.75,904
2026-01-26 12:26:00,18259.75,18293.50,18251.75,18282.00,1207
2026-01-26 12:27:00,18282.00,18288.50,18259.00,18264.25,239
2026-01-26 12:28:00,18264.25,18285.75,18260.25,18283.50,358
2026-01-26 12:29:00,18283.50,18288.00,18274.00,18277.50,507
2026-01-26 12:30:00,18277.50,18278.25,18262.00,18270.25,1414
2026-01-26 12:31:00,18270.25,18273.25,18267.75,18270.50,449
2026-01-26 12:32:00,18270.50,18276.00,18266.75,18269.25,629
2026-01-26 12:33:00,18269.25,18282.25,18260.75,18281.75,1303
2026-01-26 12:34:00,18281.75,18291.50,18272.75,18278.00,1294
2026-01-26 12:35:00,18278.00,18283.00,18272.50,18275.75,537
2026-01-26 12:36:00,18275.75,18278.00,18268.50,18273.50,845
2026-01-26 12:37:00,18273.50,18282.00,18273.25,18278.50,942
2026-01-26 12:38:00,18278.50,18278.75,18264.75,18268.50,1247
2026-01-26 12:39:00,18268.50,18290.50,18265.75,18289.00,977
2026-01-26 12:40:00,18289.00,18292.50,18282.25,18282.75,293
2026-01-26 12:41:00,18282.75,18290.25,18269.75,18271.50,708
2026-01-26 12:42:00,18271.50,18289.50,18270.00,18286.75,965
2026-01-26 12:43:00,18286.75,18290.50,18275.50,18279.00,636
2026-01-26 12:44:00,18279.00,18282.50,18269.50,18270.50,267
2026-01-26 12:45:00,18270.50,18271.00,18252.75,18264.75,879
2026-01-26 12:46:00,18264.75,18282.00,18261.00,18277.75,682
2026-01-26 12:47:00,18277.75,18289.50,18261.75,18262.75,1221
2026-01-26 12:48:00,18262.75,18281.50,18255.50,18279.50,1440
2026-01-26 12:49:00,18279.50,18285.25,18263.25,18271.75,703
2026-01-26 12:50:00,18271.75,18283.25,18268.50,18278.00,460
2026-01-26 12:51:00,18278.00,18282.25,18267.50,18268.25,463
2026-01-26 12:52:00,18268.25,18286.50,18262.50,18281.00,739
2026-01-26 12:53:00,18281.00,18281.25,18265.00,18267.75,581
2026-01-26 12:54:00,18267.75,18273.25,18257.75,18259.00,805
2026-01-26 12:55:00,18259.00,18271.75,18254.50,18268.50,1101
2026-01-26 12:56:00,18268.50,18301.25,18265.25,18297.25,732
2026-01-26 12:57:00,18297.25,18301.00,18275.00,18277.50,1294
2026-01-26 12:58:00,18277.50,18282.00,18275.75,18278.75,829
2026-01-26 12:59:00,18278.75,18279.00,18271.75,18272.00,803
2026-01-26 13:00:00,18272.00,18273.50,18263.00,18266.00,408
2026-01-26 13:01:00,18266.00,18290.50,18261.75,18284.75,1036
2026-01-26 13:02:00,18284.75,18285.00,18251.50,18258.75,372
2026-01-26 13:03:00,18258.75,18284.75,18257.25,18277.75,382
2026-01-26 13:04:00,18277.75,18280.75,18258.25,18261.25,1284
2026-01-26 13:05:00,18261.25,18276.75,18260.75,18272.75,516
2026-01-26 13:06:00,18272.75,18279.25,18266.25,18271.00,1394
2026-01-26 13:07:00,18271.00,18272.75,18259.50,18264.50,277
2026-01-26 13:08:00,18264.50,18288.75,18262.75,18279.75,1308
2026-01-26 13:09:00,18279.75,18291.75,18277.75,18283.25,1209
2026-01-26 13:10:00,18283.25,18287.00,18266.00,18268.50,296
2026-01-26 13:11:00,18268.50,18284.00,18267.00,18277.00,594
2026-01-26 13:12:00,18277.00,18284.50,18274.00,18283.50,270
2026-01-26 13:13:00,18283.50,18287.00,18263.00,18263.25,616
2026-01-26 13:14:00,18263.25,18281.25,18256.50,18274.25,1086
2026-01-26 13:15:00,18274.25,18282.00,18256.75,18260.75,576
2026-01-26 13:16:00,18260.75,18286.00,18259.25,18284.00,396
2026-01-26 13:17:00,18284.00,18287.75,18257.75,18263.75,724
2026-01-26 13:18:00,18263.75,18271.00,18252.00,18263.25,262
2026-01-26 13:19:00,18263.25,18279.50,18258.25,18276.00,845
2026-01-26 13:20:00,18276.00,18281.25,18269.75,18270.75,1191
2026-01-26 13:21:00,18270.75,18279.00,18265.25,18278.25,384
2026-01-26 13:22:00,18278.25,18282.75,18277.00,18279.25,1176
2026-01-26 13:23:00,18279.25,18280.25,18273.75,18275.25,1129
2026-01-26 13:24:00,18275.25,18278.50,18272.00,18274.00,1255
2026-01-26 13:25:00,18274.00,18277.25,18264.75,18270.25,731
2026-01-26 13:26:00,18270.25,18295.25,18270.25,18285.25,343
2026-01-26 13:27:00,18285.25,18287.75,18282.00,18283.75,279
2026-01-26 13:28:00,18283.75,18292.00,18250.75,18258.25,665
2026-01-26 13:29:00,18258.25,18292.50,18257.75,18281.25,435
2026-01-26 13:30:00,18281.25,18287.75,18259.50,18268.25,1313
2026-01-26 13:31:00,18268.25,18288.00,18261.25,18287.00,1497
2026-01-26 13:32:00,18287.00,18295.75,18262.00,18278.50,779
2026-01-26 13:33:00,18278.50,18279.75,18266.75,18272.00,1210
2026-01-26 13:34:00,18272.00,18274.75,18271.00,18271.50,1419
2026-01-26 13:35:00,18271.50,18279.25,18268.75,18269.00,1452
2026-01-26 13:36:00,18269.00,18285.50,18267.00,18277.00,558
2026-01-26 13:37:00,18277.00,18280.50,18271.00,18273.50,667
2026-01-26 13:38:00,18273.50,18279.25,18270.75,18278.00,414
2026-01-26 13:39:00,18278.00,18281.00,18264.50,18272.75,1106
2026-01-26 13:40:00,18272.75,18279.25,18265.75,18275.50,217
2026-01-26 13:41:00,18275.50,18280.00,18258.75,18265.00,1057
2026-01-26 13:42:00,18265.00,18282.25,18259.50,18272.50,931
2026-01-26 13:43:00,18272.50,18280.00,18264.00,18273.50,1186
2026-01-26 13:44:00,18273.50,18274.50,18263.25,18268.50,847
2026-01-26 13:45:00,18268.50,18282.50,18263.00,18279.25,355
2026-01-26 13:46:00,18279.25,18279.75,18271.75,18274.00,1180
2026-01-26 13:47:00,18274.00,18276.50,18265.25,18276.00,357
2026-01-26 13:48:00,18276.00,18283.75,18266.50,18270.25,778
2026-01-26 13:49:00,18270.25,18272.75,18254.75,18259.75,478
2026-01-26 13:50:00,18259.75,18265.00,18258.75,18261.50,1034
2026-01-26 13:51:00,18261.50,18282.00,18259.50,18280.00,278
2026-01-26 13:52:00,18280.00,18282.25,18279.25,18279.25,681
2026-01-26 13:53:00,18279.25,18282.50,18270.75,18272.75,242
2026-01-26 13:54:00,18272.75,18283.50,18270.25,18280.50,286
2026-01-26 13:55:00,18280.50,18290.75,18271.25,18271.50,1376
2026-01-26 13:56:00,18271.50,18283.75,18266.50,18279.50,1340
2026-01-26 13:57:00,18279.50,18285.75,18276.50,18283.25,1287
2026-01-26 13:58:00,18283.25,18283.75,18269.25,18271.50,1021
2026-01-26 13:59:00,18271.50,18277.00,18255.25,18261.50,1181
2026-01-26 14:00:00,18261.50,18273.25,18259.25,18260.25,803
2026-01-26 14:01:00,18260.25,18274.25,18257.75,18271.25,804
2026-01-26 14:02:00,18271.25,18290.50,18268.75,18286.00,994
2026-01-26 14:03:00,18286.00,18289.25,18270.00,18270.00,301
2026-01-26 14:04:00,18270.00,18273.00,18261.75,18266.00,353
2026-01-26 14:05:00,18266.00,18295.50,18259.25,18281.00,453
2026-01-26 14:06:00,18281.00,18283.00,18279.50,18280.00,240
2026-01-26 14:07:00,18280.00,18294.25,18271.75,18287.50,1070
2026-01-26 14:08:00,18287.50,18290.50,18281.25,18285.75,574
2026-01-26 14:09:00,18285.75,18288.50,18278.75,18279.50,356
2026-01-26 14:10:00,18279.50,18287.25,18259.75,18263.75,454
2026-01-26 14:11:00,18263.75,18275.50,18260.25,18274.50,1477
2026-01-26 14:12:00,18274.50,18276.25,18264.00,18268.25,1301
2026-01-26 14:13:00,18268.25,18299.00,18266.25,18293.00,258
2026-01-26 14:14:00,18293.00,18294.00,18268.25,18271.25,1297
2026-01-26 14:15:00,18271.25,18288.25,18267.25,18280.75,897
2026-01-26 14:16:00,18280.75,18288.25,18275.00,18284.50,604
2026-01-26 14:17:00,18284.50,18288.00,18268.25,18270.25,1265
2026-01-26 14:18:00,18270.25,18279.75,18263.75,18279.50,1297
2026-01-26 14:19:00,18279.50,18295.50,18278.00,18290.00,627
2026-01-26 14:20:00,18290.00,18294.75,18260.50,18266.50,565
2026-01-26 14:21:00,18266.50,18269.50,18259.00,18261.25,1496
2026-01-26 14:22:00,18261.25,18279.25,18256.25,18277.75,807
2026-01-26 14:23:00,18277.75,18287.50,18274.00,18283.50,595
2026-01-26 14:24:00,18283.50,18296.50,18275.00,18295.50,377
2026-01-26 14:25:00,18295.50,18297.75,18263.50,18270.25,329
2026-01-26 14:26:00,18270.25,18275.50,18264.00,18273.75,1405
2026-01-26 14:27:00,18273.75,18275.50,18259.50,18265.25,901
2026-01-26 14:28:00,18265.25,18289.50,18264.00,18282.25,271
2026-01-26 14:29:00,18282.25,18283.00,18259.00,18271.25,791
2026-01-26 14:30:00,18271.25,18293.75,18266.50,18284.25,1263
2026-01-26 14:31:00,18284.25,18289.00,18282.00,18286.25,926
2026-01-26 14:32:00,18286.25,18292.25,18271.75,18274.00,304
2026-01-26 14:33:00,18274.00,18274.00,18256.75,18262.75,237
2026-01-26 14:34:00,18262.75,18283.25,18255.00,18279.75,370
2026-01-26 14:35:00,18279.75,18287.75,18271.25,18274.50,1250
2026-01-26 14:36:00,18274.50,18278.50,18271.50,18276.50,760
2026-01-26 14:37:00,18276.50,18282.50,18273.00,18277.25,362
2026-01-26 14:38:00,18277.25,18278.75,18273.75,18278.00,1474
2026-01-26 14:39:00,18278.00,18284.50,18275.00,18282.25,1408
2026-01-26 14:40:00,18282.25,18288.75,18280.75,18284.25,1082
2026-01-26 14:41:00,18284.25,18285.50,18274.50,18283.50,1271
2026-01-26 14:42:00,18283.50,18293.75,18278.50,18286.25,994
2026-01-26 14:43:00,18286.25,18291.50,18264.75,18273.00,1319
2026-01-26 14:44:00,18273.00,18279.50,18269.50,18269.75,856
2026-01-26 14:45:00,18269.75,18276.25,18268.00,18273.75,246
2026-01-26 14:46:00,18273.75,18280.25,18265.00,18275.00,1395
2026-01-26 14:47:00,18275.00,18275.50,18269.50,18271.75,1444
2026-01-26 14:48:00,18271.75,18274.50,18267.25,18271.00,253
2026-01-26 14:49:00,18271.00,18275.50,18251.25,18256.75,603
2026-01-26 14:50:00,18256.75,18264.25,18256.50,18259.25,481
2026-01-26 14:51:00,18259.25,18270.00,18258.00,18261.75,1078
2026-01-26 14:52:00,18261.75,18291.50,18253.00,18283.00,213
2026-01-26 14:53:00,18283.00,18288.00,18277.75,18279.25,522
2026-01-26 14:54:00,18279.25,18283.25,18272.75,18279.75,855
2026-01-26 14:55:00,18279.75,18294.00,18272.75,18286.00,470
2026-01-26 14:56:00,18286.00,18292.75,18270.75,18277.50,753
2026-01-26 14:57:00,18277.50,18280.25,18264.50,18268.25,1244
2026-01-26 14:58:00,18268.25,18277.50,18265.75,18275.00,544
2026-01-26 14:59:00,18275.00,18278.25,18273.75,18276.00,1475
2026-01-26 15:00:00,18276.00,18286.75,18268.50,18279.75,826
2026-01-26 15:01:00,18279.75,18283.50,18275.75,18278.00,799
2026-01-26 15:02:00,18278.00,18287.00,18277.75,18278.00,776
2026-01-26 15:03:00,18278.00,18289.25,18276.50,18287.25,1344
2026-01-26 15:04:00,18287.25,18296.00,18258.50,18266.00,1436
2026-01-26 15:05:00,18266.00,18276.75,18263.25,18268.75,857
2026-01-26 15:06:00,18268.75,18282.75,18262.75,18280.75,379
2026-01-26 15:07:00,18280.75,18289.75,18279.25,18284.00,1080
2026-01-26 15:08:00,18284.00,18288.25,18259.00,18261.75,343
2026-01-26 15:09:00,18261.75,18283.50,18261.50,18280.00,1058
2026-01-26 15:10:00,18280.00,18287.25,18261.50,18265.25,741
2026-01-26 15:11:00,18265.25,18270.50,18263.00,18270.50,733
2026-01-26 15:12:00,18270.50,18282.75,18269.75,18281.25,1157
2026-01-26 15:13:00,18281.25,18289.00,18280.00,18288.25,1105
2026-01-26 15:14:00,18288.25,18293.50,18275.00,18280.50,641
2026-01-26 15:15:00,18280.50,18282.50,18272.75,18278.00,1072
2026-01-26 15:16:00,18278.00,18285.50,18277.50,18280.50,661
2026-01-26 15:17:00,18280.50,18282.50,18276.00,18282.25,789
2026-01-26 15:18:00,18282.25,18283.50,18256.25,18261.00,1024
2026-01-26 15:19:00,18261.00,18295.25,18254.00,18288.50,1131
2026-01-26 15:20:00,18288.50,18294.25,18276.25,18278.75,774
2026-01-26 15:21:00,18278.75,18289.00,18278.25,18283.75,575
2026-01-26 15:22:00,18283.75,18287.00,18272.50,18274.25,265
2026-01-26 15:23:00,18274.25,18277.25,18259.25,18260.25,402
2026-01-26 15:24:00,18260.25,18284.25,18254.75,18276.00,904
2026-01-26 15:25:00,18276.00,18278.00,18259.75,18268.25,959
2026-01-26 15:26:00,18268.25,18280.50,18262.25,18277.75,206
2026-01-26 15:27:00,18277.75,18284.25,18266.00,18272.00,379
2026-01-26 15:28:00,18272.00,18285.75,18267.50,18285.00,795
2026-01-26 15:29:00,18285.00,18290.75,18263.00,18267.00,1206
2026-01-26 15:30:00,18267.00,18286.50,18264.75,18284.00,537
2026-01-26 15:31:00,18284.00,18286.25,18275.25,18277.25,446
2026-01-26 15:32:00,18277.25,18282.50,18260.75,18273.25,1403
2026-01-26 15:33:00,18273.25,18283.00,18268.75,18281.00,448
2026-01-26 15:34:00,18281.00,18281.25,18258.25,18264.25,439
2026-01-26 15:35:00,18264.25,18280.25,18258.25,18280.00,1024
2026-01-26 15:36:00,18280.00,18281.50,18264.25,18272.00,1183
2026-01-26 15:37:00,18272.00,18282.50,18265.50,18280.50,1164
2026-01-26 15:38:00,18280.50,18285.00,18279.00,18280.25,360
2026-01-26 15:39:00,18280.25,18280.25,18277.50,18277.75,544
2026-01-26 15:40:00,18277.75,18292.75,18277.50,18286.00,1387
2026-01-26 15:41:00,18286.00,18290.00,18267.75,18272.50,660
2026-01-26 15:42:00,18272.50,18279.50,18257.75,18263.25,627
2026-01-26 15:43:00,18263.25,18268.25,18259.75,18268.25,251
2026-01-26 15:44:00,18268.25,18287.00,18265.50,18281.25,675
2026-01-26 15:45:00,18281.25,18283.50,18279.00,18279.75,992
2026-01-26 15:46:00,18279.75,18282.50,18265.25,18268.25,1075
2026-01-26 15:47:00,18268.25,18272.50,18265.50,18269.50,616
2026-01-26 15:48:00,18269.50,18298.50,18266.50,18289.50,1189
2026-01-26 15:49:00,18289.50,18290.50,18280.75,18283.50,1371
2026-01-26 15:50:00,18283.50,18289.25,18280.75,18281.75,625
2026-01-26 15:51:00,18281.75,18282.50,18266.75,18269.50,1042
2026-01-26 15:52:00,18269.50,18270.00,18269.00,18269.75,810
2026-01-26 15:53:00,18269.75,18282.00,18269.25,18281.00,1451
2026-01-26 15:54:00,18281.00,18286.75,18263.50,18266.75,703
2026-01-26 15:55:00,18266.75,18291.75,18258.00,18281.75,987
2026-01-26 15:56:00,18281.75,18287.75,18265.50,18266.75,247
2026-01-26 15:57:00,18266.75,18271.25,18264.50,18265.00,1369
2026-01-26 15:58:00,18265.00,18286.25,18264.25,18283.75,624
2026-01-26 15:59:00,18283.75,18283.75,18282.75,18282.75,345
2026-01-27 08:00:00,18213.50,18213.75,18202.00,18208.50,328
2026-01-27 08:01:00,18208.50,18220.75,18206.00,18220.50,901
2026-01-27 08:02:00,18220.50,18225.25,18206.50,18207.75,713
2026-01-27 08:03:00,18207.75,18227.25,18203.25,18223.25,1456
2026-01-27 08:04:00,18223.25,18225.50,18211.50,18215.25,1423
2026-01-27 08:05:00,18215.25,18222.25,18208.75,18212.25,851
2026-01-27 08:06:00,18212.25,18215.00,18204.00,18204.00,804
2026-01-27 08:07:00,18204.00,18223.00,18200.00,18222.50,1052
2026-01-27 08:08:00,18222.50,18223.50,18209.25,18209.75,1432
2026-01-27 08:09:00,18209.75,18210.25,18205.25,18210.00,379
2026-01-27 08:10:00,18210.00,18216.75,18204.50,18209.50,250
2026-01-27 08:11:00,18209.50,18213.00,18206.00,18210.50,1408
2026-01-27 08:12:00,18210.50,18211.25,18205.00,18209.00,556
2026-01-27 08:13:00,18209.00,18212.50,18201.25,18205.00,324
2026-01-27 08:14:00,18205.00,18217.00,18203.75,18213.75,584
2026-01-27 08:15:00,18213.75,18223.50,18208.00,18223.00,1425
2026-01-27 08:16:00,18223.00,18227.00,18215.75,18216.00,1233
2026-01-27 08:17:00,18216.00,18216.50,18202.00,18203.50,754
2026-01-27 08:18:00,18203.50,18226.00,18203.50,18223.25,943
2026-01-27 08:19:00,18223.25,18225.25,18211.75,18212.50,522
2026-01-27 08:20:00,18212.50,18221.25,18212.25,18221.00,868
2026-01-27 08:21:00,18221.00,18225.50,18200.25,18208.50,1079
2026-01-27 08:22:00,18208.50,18210.50,18197.25,18202.75,944
2026-01-27 08:23:00,18202.75,18206.00,18201.25,18203.75,748
2026-01-27 08:24:00,18203.75,18208.25,18198.25,18199.75,1097
2026-01-27 08:25:00,18199.75,18200.75,18191.00,18198.25,612
2026-01-27 08:26:00,18198.25,18204.50,18196.00,18199.00,493
2026-01-27 08:27:00,18199.00,18215.25,18193.00,18201.75,1333
2026-01-27 08:28:00,18201.75,18219.50,18196.75,18216.75,275
2026-01-27 08:29:00,18216.75,18222.75,18206.00,18211.00,256
2026-01-27 08:30:00,18211.00,18217.50,18203.75,18214.00,477
2026-01-27 08:31:00,18214.00,18214.75,18199.50,18203.00,1268
2026-01-27 08:32:00,18203.00,18215.25,18199.75,18210.50,595
2026-01-27 08:33:00,18210.50,18211.50,18197.75,18200.25,1041
2026-01-27 08:34:00,18200.25,18220.00,18200.25,18218.00,992
2026-01-27 08:35:00,18218.00,18219.75,18209.00,18210.50,1212
2026-01-27 08:36:00,18210.50,18218.25,18198.00,18204.00,639
2026-01-27 08:37:00,18204.00,18210.75,18202.75,18209.75,1382
2026-01-27 08:38:00,18209.75,18217.25,18205.25,18216.25,1186
2026-01-27 08:39:00,18216.25,18222.75,18211.00,18213.00,1337
2026-01-27 08:40:00,18213.00,18213.25,18205.75,18209.75,1439
2026-01-27 08:41:00,18209.75,18210.25,18207.00,18208.75,991
2026-01-27 08:42:00,18208.75,18211.75,18207.75,18208.50,586
2026-01-27 08:43:00,18208.50,18213.75,18192.25,18196.75,1065
2026-01-27 08:44:00,18196.75,18215.00,18196.50,18213.00,337
2026-01-27 08:45:00,18213.00,18222.75,18208.25,18216.00,611
2026-01-27 08:46:00,18216.00,18219.50,18208.50,18209.00,1263
2026-01-27 08:47:00,18209.00,18221.00,18203.25,18219.00,247
2026-01-27 08:48:00,18219.00,18222.25,18210.00,18211.50,1091
2026-01-27 08:49:00,18211.50,18215.75,18206.75,18207.50,1446
2026-01-27 08:50:00,18207.50,18212.00,18204.00,18209.25,558
2026-01-27 08:51:00,18209.25,18214.25,18203.25,18213.75,457
2026-01-27 08:52:00,18213.75,18215.75,18201.00,18205.25,1343
2026-01-27 08:53:00,18205.25,18212.25,18199.25,18210.75,1300
2026-01-27 08:54:00,18210.75,18212.00,18205.25,18205.25,1081
2026-01-27 08:55:00,18205.25,18208.50,18198.25,18202.25,830
2026-01-27 08:56:00,18202.25,18218.75,18199.75,18217.75,428
2026-01-27 08:57:00,18217.75,18230.50,18217.50,18220.00,1200
2026-01-27 08:58:00,18220.00,18221.75,18200.50,18202.50,270
2026-01-27 08:59:00,18202.50,18212.50,18201.75,18207.50,290
2026-01-27 09:00:00,18207.50,18211.75,18205.75,18211.00,1286
2026-01-27 09:01:00,18211.00,18217.00,18207.75,18214.00,1078
2026-01-27 09:02:00,18214.00,18215.75,18208.50,18211.50,909
2026-01-27 09:03:00,18211.50,18213.75,18205.50,18212.25,859
2026-01-27 09:04:00,18212.25,18216.25,18210.00,18211.00,266
2026-01-27 09:05:00,18211.00,18212.00,18205.25,18208.50,211
2026-01-27 09:06:00,18208.50,18209.50,18203.50,18204.50,418
2026-01-27 09:07:00,18204.50,18208.00,18201.75,18207.25,548
2026-01-27 09:08:00,18207.25,18208.25,18193.00,18199.00,554
2026-01-27 09:09:00,18199.00,18210.00,18196.75,18208.50,1176
2026-01-27 09:10:00,18208.50,18214.00,18205.00,18205.50,634
2026-01-27 09:11:00,18205.50,18212.00,18198.75,18209.25,1468
2026-01-27 09:12:00,18209.25,18210.50,18206.50,18207.50,1295
2026-01-27 09:13:00,18207.50,18209.00,18199.75,18203.25,1065
2026-01-27 09:14:00,18203.25,18213.25,18202.25,18213.00,760
2026-01-27 09:15:00,18213.00,18216.75,18200.25,18203.75,306
2026-01-27 09:16:00,18203.75,18204.25,18201.75,18203.25,605
2026-01-27 09:17:00,18203.25,18205.75,18199.00,18205.50,1280
2026-01-27 09:18:00,18205.50,18212.50,18198.25,18203.50,901
2026-01-27 09:19:00,18203.50,18210.50,18200.25,18206.00,638
2026-01-27 09:20:00,18206.00,18209.25,18185.50,18194.25,1239
2026-01-27 09:21:00,18194.25,18203.75,18192.50,18203.25,1322
2026-01-27 09:22:00,18203.25,18212.25,18202.25,18210.75,265
2026-01-27 09:23:00,18210.75,18211.25,18197.50,18199.25,407
2026-01-27 09:24:00,18199.25,18199.75,18198.25,18199.25,1169
2026-01-27 09:25:00,18199.25,18208.75,18196.00,18207.50,1256
2026-01-27 09:26:00,18207.50,18209.75,18200.25,18209.50,1405
2026-01-27 09:27:00,18209.50,18216.75,18207.50,18213.50,1453
2026-01-27 09:28:00,18213.50,18214.00,18206.25,18206.75,223
2026-01-27 09:29:00,18206.75,18207.00,18196.75,18198.00,375
2026-01-27 09:30:00,18198.00,18207.75,18197.75,18205.50,967
2026-01-27 09:31:00,18205.50,18206.00,18190.25,18202.00,1359
2026-01-27 09:32:00,18202.00,18207.00,18197.25,18206.75,1307
2026-01-27 09:33:00,18206.75,18208.25,18176.25,18183.75,382
2026-01-27 09:34:00,18183.75,18188.25,18176.25,18177.50,1210
2026-01-27 09:35:00,18177.50,18190.50,18177.00,18189.75,712
2026-01-27 09:36:00,18189.75,18191.00,18188.75,18190.00,782
2026-01-27 09:37:00,18190.00,18190.75,18189.75,18190.00,996
2026-01-27 09:38:00,18190.00,18206.50,18189.50,18206.00,686
2026-01-27 09:39:00,18206.00,18206.25,18194.00,18194.75,245
2026-01-27 09:40:00,18194.75,18225.25,18194.75,18224.50,236
2026-01-27 09:41:00,18224.50,18226.00,18220.75,18222.50,521
2026-01-27 09:42:00,18222.50,18226.00,18212.25,18212.50,1286
2026-01-27 09:43:00,18212.50,18231.50,18211.00,18231.00,374
2026-01-27 09:44:00,18231.00,18233.50,18231.00,18232.75,1030
2026-01-27 09:45:00,18232.75,18235.75,18218.00,18223.25,295
2026-01-27 09:46:00,18223.25,18224.00,18218.50,18219.50,355
2026-01-27 09:47:00,18219.50,18220.75,18206.50,18207.50,666
2026-01-27 09:48:00,18207.50,18212.00,18204.50,18209.25,862
2026-01-27 09:49:00,18209.25,18209.50,18194.00,18195.00,580
2026-01-27 09:50:00,18195.00,18195.50,18189.25,18189.75,1252
2026-01-27 09:51:00,18189.75,18208.50,18185.75,18205.00,458
2026-01-27 09:52:00,18205.00,18209.00,18191.00,18196.50,1039
2026-01-27 09:53:00,18196.50,18204.75,18190.25,18202.75,820
2026-01-27 09:54:00,18202.75,18219.50,18202.50,18212.75,1481
2026-01-27 09:55:00,18212.75,18230.75,18208.50,18227.00,295
2026-01-27 09:56:00,18227.00,18262.00,18218.25,18249.75,413
2026-01-27 09:57:00,18249.75,18256.75,18223.00,18224.00,307
2026-01-27 09:58:00,18224.00,18250.00,18218.25,18239.25,1458
2026-01-27 09:59:00,18239.25,18269.25,18237.75,18260.25,1191
2026-01-27 10:00:00,18260.25,18283.25,18249.75,18282.25,968
2026-01-27 10:01:00,18282.25,18289.00,18261.25,18262.75,1231
2026-01-27 10:02:00,18262.75,18275.00,18249.25,18275.00,769
2026-01-27 10:03:00,18275.00,18284.75,18271.25,18282.50,441
2026-01-27 10:04:00,18282.50,18297.25,18280.00,18288.50,976
2026-01-27 10:05:00,18288.50,18295.50,18286.25,18288.50,1478
2026-01-27 10:06:00,18288.50,18305.25,18280.25,18300.25,998
2026-01-27 10:07:00,18300.25,18318.25,18294.75,18313.25,1250
2026-01-27 10:08:00,18313.25,18320.25,18308.25,18316.25,1205
2026-01-27 10:09:00,18316.25,18342.00,18316.25,18336.25,1447
2026-01-27 10:10:00,18336.25,18337.00,18323.50,18331.50,804
2026-01-27 10:11:00,18331.50,18342.25,18326.00,18335.75,687
2026-01-27 10:12:00,18335.75,18345.00,18328.50,18341.25,326
2026-01-27 10:13:00,18341.25,18347.25,18341.00,18344.75,497
2026-01-27 10:14:00,18344.75,18360.75,18336.75,18356.75,1490
2026-01-27 10:15:00,18356.75,18374.75,18354.00,18367.75,844
2026-01-27 10:16:00,18367.75,18380.75,18365.25,18374.00,759
2026-01-27 10:17:00,18374.00,18375.25,18363.25,18367.25,495
2026-01-27 10:18:00,18367.25,18377.00,18361.25,18376.50,336
2026-01-27 10:19:00,18376.50,18380.25,18351.50,18353.75,737
2026-01-27 10:20:00,18353.75,18380.00,18351.50,18374.75,1284
2026-01-27 10:21:00,18374.75,18389.25,18374.25,18378.25,686
2026-01-27 10:22:00,18378.25,18379.25,18368.25,18369.50,1226
2026-01-27 10:23:00,18369.50,18373.25,18368.75,18372.75,266
2026-01-27 10:24:00,18372.75,18398.25,18371.50,18389.00,752
2026-01-27 10:25:00,18389.00,18394.50,18359.50,18368.50,317
2026-01-27 10:26:00,18368.50,18374.00,18358.25,18361.25,419
2026-01-27 10:27:00,18361.25,18369.50,18357.75,18361.50,1431
2026-01-27 10:28:00,18361.50,18364.00,18357.75,18363.50,1326
2026-01-27 10:29:00,18363.50,18373.75,18355.50,18365.00,936
2026-01-27 10:30:00,18365.00,18374.75,18361.25,18371.75,407
2026-01-27 10:31:00,18371.75,18372.75,18361.50,18369.75,665
2026-01-27 10:32:00,18369.75,18379.25,18354.75,18365.75,390
2026-01-27 10:33:00,18365.75,18378.25,18363.75,18366.25,216
2026-01-27 10:34:00,18366.25,18368.25,18350.25,18361.25,263
2026-01-27 10:35:00,18361.25,18372.75,18359.25,18371.25,667
2026-01-27 10:36:00,18371.25,18377.00,18368.75,18371.75,1469
2026-01-27 10:37:00,18371.75,18373.50,18351.50,18352.25,267
2026-01-27 10:38:00,18352.25,18370.50,18345.50,18359.25,888
2026-01-27 10:39:00,18359.25,18369.50,18356.50,18366.50,816
2026-01-27 10:40:00,18366.50,18368.50,18356.50,18361.25,472
2026-01-27 10:41:00,18361.25,18376.75,18359.50,18370.50,1323
2026-01-27 10:42:00,18370.50,18374.50,18358.25,18359.00,1017
2026-01-27 10:43:00,18359.00,18369.25,18356.50,18366.00,219
2026-01-27 10:44:00,18366.00,18370.50,18364.50,18368.75,1011
2026-01-27 10:45:00,18368.75,18381.75,18366.50,18377.75,207
2026-01-27 10:46:00,18377.75,18381.00,18364.00,18365.50,860
2026-01-27 10:47:00,18365.50,18374.75,18363.50,18366.75,1237
2026-01-27 10:48:00,18366.75,18373.50,18358.00,18363.00,1087
2026-01-27 10:49:00,18363.00,18370.25,18343.00,18351.75,922
2026-01-27 10:50:00,18351.75,18368.00,18350.25,18366.25,217
2026-01-27 10:51:00,18366.25,18373.00,18365.50,18372.00,742
2026-01-27 10:52:00,18372.00,18385.75,18362.50,18364.50,1442
2026-01-27 10:53:00,18364.50,18366.75,18354.25,18364.25,443
2026-01-27 10:54:00,18364.25,18374.00,18362.75,18371.00,860
2026-01-27 10:55:00,18371.00,18387.75,18369.75,18380.75,225
2026-01-27 10:56:00,18380.75,18384.75,18370.00,18370.25,623
2026-01-27 10:57:00,18370.25,18384.25,18366.00,18383.75,1125
2026-01-27 10:58:00,18383.75,18388.00,18375.00,18383.25,499
2026-01-27 10:59:00,18383.25,18387.50,18375.00,18375.75,546
2026-01-27 11:00:00,18375.75,18376.75,18361.00,18366.50,599
2026-01-27 11:01:00,18366.50,18374.50,18364.50,18374.00,1316
2026-01-27 11:02:00,18374.00,18382.75,18368.50,18381.25,1386
2026-01-27 11:03:00,18381.25,18382.00,18349.50,18354.50,478
2026-01-27 11:04:00,18354.50,18390.25,18353.00,18385.25,685
2026-01-27 11:05:00,18385.25,18388.00,18372.75,18378.75,340
2026-01-27 11:06:00,18378.75,18387.75,18362.50,18373.25,633
2026-01-27 11:07:00,18373.25,18380.25,18357.00,18359.00,631
2026-01-27 11:08:00,18359.00,18370.25,18358.25,18366.75,497
2026-01-27 11:09:00,18366.75,18381.00,18363.25,18379.75,302
2026-01-27 11:10:00,18379.75,18380.00,18359.00,18359.75,1497
2026-01-27 11:11:00,18359.75,18372.25,18353.75,18370.75,1138
2026-01-27 11:12:00,18370.75,18375.75,18369.50,18375.50,607
2026-01-27 11:13:00,18375.50,18378.00,18352.25,18354.25,970
2026-01-27 11:14:00,18354.25,18377.25,18347.50,18369.25,609
2026-01-27 11:15:00,18369.25,18384.00,18362.75,18382.50,205
2026-01-27 11:16:00,18382.50,18397.75,18382.00,18390.00,331
2026-01-27 11:17:00,18390.00,18398.50,18352.00,18364.00,398
2026-01-27 11:18:00,18364.00,18386.75,18358.75,18386.00,927
2026-01-27 11:19:00,18386.00,18390.25,18363.25,18364.25,1215
2026-01-27 11:20:00,18364.25,18393.75,18356.25,18392.25,1246
2026-01-27 11:21:00,18392.25,18400.25,18370.75,18371.75,664
2026-01-27 11:22:00,18371.75,18374.25,18357.75,18363.25,506
2026-01-27 11:23:00,18363.25,18368.00,18359.25,18360.00,934
2026-01-27 11:24:00,18360.00,18367.75,18355.50,18367.00,699
2026-01-27 11:25:00,18367.00,18368.00,18353.25,18357.00,649
2026-01-27 11:26:00,18357.00,18383.00,18350.25,18380.75,1198
2026-01-27 11:27:00,18380.75,18385.25,18365.25,18375.00,956
2026-01-27 11:28:00,18375.00,18383.00,18371.00,18380.75,201
2026-01-27 11:29:00,18380.75,18383.25,18365.75,18368.00,536
2026-01-27 11:30:00,18368.00,18374.25,18363.50,18370.75,241
2026-01-27 11:31:00,18370.75,18388.50,18369.50,18387.25,1430
2026-01-27 11:32:00,18387.25,18396.00,18368.50,18374.00,415
2026-01-27 11:33:00,18374.00,18376.00,18363.25,18370.75,298
2026-01-27 11:34:00,18370.75,18373.50,18367.75,18368.00,405
2026-01-27 11:35:00,18368.00,18370.75,18365.75,18366.00,1382
2026-01-27 11:36:00,18366.00,18375.25,18365.00,18368.00,859
2026-01-27 11:37:00,18368.00,18371.50,18361.25,18368.75,832
2026-01-27 11:38:00,18368.75,18375.00,18359.75,18360.25,771
2026-01-27 11:39:00,18360.25,18391.50,18355.00,18380.75,281
2026-01-27 11:40:00,18380.75,18382.75,18374.75,18378.25,1189
2026-01-27 11:41:00,18378.25,18384.75,18377.25,18382.25,486
2026-01-27 11:42:00,18382.25,18387.75,18368.50,18370.75,379
2026-01-27 11:43:00,18370.75,18375.25,18366.50,18374.25,1158
2026-01-27 11:44:00,18374.25,18378.50,18368.75,18376.25,794
2026-01-27 11:45:00,18376.25,18378.50,18361.50,18369.00,306
2026-01-27 11:46:00,18369.00,18379.50,18363.75,18369.25,992
2026-01-27 11:47:00,18369.25,18379.00,18364.25,18376.00,1493
2026-01-27 11:48:00,18376.00,18377.75,18369.75,18370.50,717
2026-01-27 11:49:00,18370.50,18384.75,18366.75,18384.00,375
2026-01-27 11:50:00,18384.00,18390.75,18370.75,18372.75,1154
2026-01-27 11:51:00,18372.75,18375.75,18364.25,18367.50,347
2026-01-27 11:52:00,18367.50,18368.00,18362.50,18363.25,1179
2026-01-27 11:53:00,18363.25,18379.00,18357.25,18372.50,520
2026-01-27 11:54:00,18372.50,18373.25,18366.75,18370.50,1344
2026-01-27 11:55:00,18370.50,18385.50,18367.00,18383.00,443
2026-01-27 11:56:00,18383.00,18390.25,18377.25,18381.00,351
2026-01-27 11:57:00,18381.00,18382.00,18365.50,18370.50,902
2026-01-27 11:58:00,18370.50,18375.50,18353.50,18356.75,937
2026-01-27 11:59:00,18356.75,18385.50,18352.75,18385.25,653
2026-01-27 12:00:00,18385.25,18387.50,18372.25,18378.00,1150
2026-01-27 12:01:00,18378.00,18380.50,18372.50,18374.50,618
2026-01-27 12:02:00,18374.50,18377.25,18365.50,18369.50,836
2026-01-27 12:03:00,18369.50,18372.25,18356.75,18371.25,465
2026-01-27 12:04:00,18371.25,18377.25,18360.00,18365.00,571
2026-01-27 12:05:00,18365.00,18365.75,18361.50,18362.00,398
2026-01-27 12:06:00,18362.00,18374.25,18349.50,18372.75,1220
2026-01-27 12:07:00,18372.75,18378.75,18367.25,18376.75,1176
2026-01-27 12:08:00,18376.75,18383.75,18371.50,18375.75,1063
2026-01-27 12:09:00,18375.75,18376.25,18366.50,18368.00,282
2026-01-27 12:10:00,18368.00,18389.50,18363.00,18380.25,241
2026-01-27 12:11:00,18380.25,18384.50,18370.25,18376.75,709
2026-01-27 12:12:00,18376.75,18385.00,18364.00,18367.50,1248
2026-01-27 12:13:00,18367.50,18379.00,18364.50,18378.75,223
2026-01-27 12:14:00,18378.75,18381.75,18372.25,18372.50,1173
2026-01-27 12:15:00,18372.50,18380.25,18371.25,18375.25,851
2026-01-27 12:16:00,18375.25,18388.25,18375.25,18381.75,892
2026-01-27 12:17:00,18381.75,18385.00,18378.50,18383.00,1078
2026-01-27 12:18:00,18383.00,18393.25,18368.50,18368.75,273
2026-01-27 12:19:00,18368.75,18383.75,18368.50,18378.75,1362
2026-01-27 12:20:00,18378.75,18388.75,18372.50,18386.00,658
2026-01-27 12:21:00,18386.00,18388.75,18359.25,18370.50,1418
2026-01-27 12:22:00,18370.50,18376.25,18366.25,18371.00,809
2026-01-27 12:23:00,18371.00,18374.25,18368.25,18371.75,582
2026-01-27 12:24:00,18371.75,18374.25,18370.50,18371.25,500
2026-01-27 12:25:00,18371.25,18372.75,18362.75,18364.50,1066
2026-01-27 12:26:00,18364.50,18366.50,18359.50,18365.25,1141
2026-01-27 12:27:00,18365.25,18365.50,18359.00,18360.25,1018
2026-01-27 12:28:00,18360.25,18381.75,18352.00,18372.25,722
2026-01-27 12:29:00,18372.25,18374.00,18364.25,18366.75,612
2026-01-27 12:30:00,18366.75,18381.00,18365.50,18369.25,326
2026-01-27 12:31:00,18369.25,18377.00,18364.00,18376.50,1334
2026-01-27 12:32:00,18376.50,18380.75,18356.00,18360.75,559
2026-01-27 12:33:00,18360.75,18375.50,18360.00,18374.00,973
2026-01-27 12:34:00,18374.00,18378.00,18358.00,18362.25,229
2026-01-27 12:35:00,18362.25,18382.50,18357.50,18381.25,613
2026-01-27 12:36:00,18381.25,18382.25,18365.25,18368.50,1164
2026-01-27 12:37:00,18368.50,18380.50,18367.50,18380.00,1259
2026-01-27 12:38:00,18380.00,18383.00,18352.25,18355.00,1307
2026-01-27 12:39:00,18355.00,18385.50,18345.00,18383.75,1043
2026-01-27 12:40:00,18383.75,18400.75,18380.75,18397.00,333
2026-01-27 12:41:00,18397.00,18407.25,18386.50,18387.50,713
2026-01-27 12:42:00,18387.50,18389.00,18370.50,18372.25,1171
2026-01-27 12:43:00,18372.25,18379.50,18371.00,18376.25,798
2026-01-27 12:44:00,18376.25,18383.00,18374.25,18381.00,348
2026-01-27 12:45:00,18381.00,18388.75,18375.00,18379.25,1489
2026-01-27 12:46:00,18379.25,18385.00,18375.50,18375.75,984
2026-01-27 12:47:00,18375.75,18380.00,18348.25,18352.75,357
2026-01-27 12:48:00,18352.75,18375.25,18343.25,18371.25,1137
2026-01-27 12:49:00,18371.25,18372.00,18358.50,18361.25,965
2026-01-27 12:50:00,18361.25,18371.00,18352.75,18369.75,1266
2026-01-27 12:51:00,18369.75,18373.75,18359.00,18363.75,644
2026-01-27 12:52:00,18363.75,18397.50,18355.75,18387.00,339
2026-01-27 12:53:00,18387.00,18387.00,18378.25,18380.75,1101
2026-01-27 12:54:00,18380.75,18382.75,18373.50,18377.50,742
2026-01-27 12:55:00,18377.50,18378.50,18371.75,18373.00,332
2026-01-27 12:56:00,18373.00,18391.25,18367.50,18383.75,930
2026-01-27 12:57:00,18383.75,18386.25,18357.75,18361.50,1121
2026-01-27 12:58:00,18361.50,18372.75,18360.75,18369.50,1011
2026-01-27 12:59:00,18369.50,18379.75,18368.00,18373.75,796
2026-01-27 13:00:00,18373.75,18379.75,18371.75,18374.75,1013
2026-01-27 13:01:00,18374.75,18382.50,18368.75,18380.00,1339
2026-01-27 13:02:00,18380.00,18381.25,18372.00,18376.75,573
2026-01-27 13:03:00,18376.75,18382.75,18374.50,18382.25,1283
2026-01-27 13:04:00,18382.25,18387.50,18373.75,18375.50,585
2026-01-27 13:05:00,18375.50,18381.75,18367.50,18380.75,245
2026-01-27 13:06:00,18380.75,18381.25,18358.75,18364.00,1364
2026-01-27 13:07:00,18364.00,18366.25,18362.00,18362.75,452
2026-01-27 13:08:00,18362.75,18370.00,18362.75,18367.75,658
2026-01-27 13:09:00,18367.75,18372.25,18366.25,18371.50,1028
2026-01-27 13:10:00,18371.50,18383.75,18369.75,18378.50,744
2026-01-27 13:11:00,18378.50,18380.25,18373.75,18376.00,921
2026-01-27 13:12:00,18376.00,18386.00,18375.75,18381.75,1296
2026-01-27 13:13:00,18381.75,18382.25,18364.50,18365.25,302
2026-01-27 13:14:00,18365.25,18373.75,18360.25,18373.25,654
2026-01-27 13:15:00,18373.25,18390.75,18371.75,18373.00,268
2026-01-27 13:16:00,18373.00,18375.75,18366.50,18370.50,1462
2026-01-27 13:17:00,18370.50,18370.75,18367.00,18368.25,595
2026-01-27 13:18:00,18368.25,18379.50,18368.00,18375.50,488
2026-01-27 13:19:00,18375.50,18394.00,18374.00,18383.75,1457
2026-01-27 13:20:00,18383.75,18387.00,18378.50,18382.75,952
2026-01-27 13:21:00,18382.75,18390.25,18374.25,18377.75,504
2026-01-27 13:22:00,18377.75,18394.50,18371.25,18393.50,663
2026-01-27 13:23:00,18393.50,18402.00,18385.75,18387.25,288
2026-01-27 13:24:00,18387.25,18391.00,18370.25,18371.75,972
2026-01-27 13:25:00,18371.75,18374.50,18355.25,18355.75,495
2026-01-27 13:26:00,18355.75,18378.25,18355.75,18377.75,1285
2026-01-27 13:27:00,18377.75,18386.50,18362.75,18363.00,732
2026-01-27 13:28:00,18363.00,18386.50,18357.00,18378.25,852
2026-01-27 13:29:00,18378.25,18386.00,18362.50,18367.75,322
2026-01-27 13:30:00,18367.75,18380.75,18366.75,18374.50,636
2026-01-27 13:31:00,18374.50,18376.50,18370.25,18371.25,741
2026-01-27 13:32:00,18371.25,18378.50,18364.00,18365.75,348
2026-01-27 13:33:00,18365.75,18386.50,18360.25,18381.50,280
2026-01-27 13:34:00,18381.50,18392.50,18357.50,18366.25,373
2026-01-27 13:35:00,18366.25,18372.00,18358.25,18365.00,662
2026-01-27 13:36:00,18365.00,18386.00,18363.00,18385.25,1259
2026-01-27 13:37:00,18385.25,18395.00,18358.50,18363.25,1311
2026-01-27 13:38:00,18363.25,18367.25,18362.25,18366.00,389
2026-01-27 13:39:00,18366.00,18387.50,18363.00,18380.75,1207
2026-01-27 13:40:00,18380.75,18384.25,18370.25,18371.00,967
2026-01-27 13:41:00,18371.00,18371.75,18362.00,18371.50,1403
2026-01-27 13:42:00,18371.50,18377.00,18363.25,18366.00,853
2026-01-27 13:43:00,18366.00,18381.25,18360.25,18379.00,208
2026-01-27 13:44:00,18379.00,18380.75,18355.00,18365.75,1295
2026-01-27 13:45:00,18365.75,18387.00,18363.25,18385.50,1153
2026-01-27 13:46:00,18385.50,18386.00,18362.00,18366.00,617
2026-01-27 13:47:00,18366.00,18392.00,18358.00,18382.50,318
2026-01-27 13:48:00,18382.50,18389.50,18379.50,18380.25,1269
2026-01-27 13:49:00,18380.25,18382.25,18372.00,18376.50,912
2026-01-27 13:50:00,18376.50,18379.75,18373.25,18376.50,1434
2026-01-27 13:51:00,18376.50,18381.00,18376.00,18380.50,965
2026-01-27 13:52:00,18380.50,18382.50,18362.50,18364.25,1095
2026-01-27 13:53:00,18364.25,18383.50,18360.00,18381.00,772
2026-01-27 13:54:00,18381.00,18383.25,18372.50,18372.50,505
2026-01-27 13:55:00,18372.50,18377.25,18370.50,18376.50,398
2026-01-27 13:56:00,18376.50,18377.25,18374.25,18376.00,474
2026-01-27 13:57:00,18376.00,18399.25,18374.75,18398.25,1349
2026-01-27 13:58:00,18398.25,18403.75,18365.75,18373.25,536
2026-01-27 13:59:00,18373.25,18390.75,18369.00,18384.75,787
2026-01-27 14:00:00,18384.75,18389.50,18384.00,18388.25,561
2026-01-27 14:01:00,18388.25,18391.50,18369.75,18376.00,585
2026-01-27 14:02:00,18376.00,18377.00,18355.75,18360.50,626
2026-01-27 14:03:00,18360.50,18374.00,18358.00,18373.00,1275
2026-01-27 14:04:00,18373.00,18378.25,18357.75,18364.25,587
2026-01-27 14:05:00,18364.25,18383.75,18357.00,18379.25,843
2026-01-27 14:06:00,18379.25,18384.50,18366.00,18376.75,433
2026-01-27 14:07:00,18376.75,18392.00,18375.75,18386.25,1343
2026-01-27 14:08:00,18386.25,18389.25,18379.50,18381.75,1064
2026-01-27 14:09:00,18381.75,18389.50,18376.50,18379.00,972
2026-01-27 14:10:00,18379.00,18388.00,18368.25,18384.75,899
2026-01-27 14:11:00,18384.75,18389.50,18369.50,18371.75,268
2026-01-27 14:12:00,18371.75,18374.75,18368.75,18372.75,389
2026-01-27 14:13:00,18372.75,18394.00,18369.50,18388.50,755
2026-01-27 14:14:00,18388.50,18393.00,18382.00,18383.00,888
2026-01-27 14:15:00,18383.00,18393.25,18369.25,18373.50,769
2026-01-27 14:16:00,18373.50,18382.75,18360.50,18365.00,900
2026-01-27 14:17:00,18365.00,18387.25,18364.25,18382.75,1060
2026-01-27 14:18:00,18382.75,18391.00,18372.00,18377.25,491
2026-01-27 14:19:00,18377.25,18379.25,18355.25,18361.75,637
2026-01-27 14:20:00,18361.75,18376.75,18359.75,18367.75,623
2026-01-27 14:21:00,18367.75,18369.25,18365.50,18367.75,1373
2026-01-27 14:22:00,18367.75,18380.00,18362.50,18371.75,227
2026-01-27 14:23:00,18371.75,18389.00,18367.75,18384.00,939
2026-01-27 14:24:00,18384.00,18389.50,18359.00,18359.75,1393
2026-01-27 14:25:00,18359.75,18383.50,18352.25,18377.25,358
2026-01-27 14:26:00,18377.25,18383.50,18370.50,18377.25,1104
2026-01-27 14:27:00,18377.25,18382.50,18369.25,18375.50,1126
2026-01-27 14:28:00,18375.50,18379.25,18362.50,18369.00,833
2026-01-27 14:29:00,18369.00,18390.25,18363.75,18389.50,626
2026-01-27 14:30:00,18389.50,18395.00,18381.50,18382.75,1302
2026-01-27 14:31:00,18382.75,18386.00,18375.00,18380.25,907
2026-01-27 14:32:00,18380.25,18386.75,18379.50,18386.50,1483
2026-01-27 14:33:00,18386.50,18393.75,18384.00,18388.00,1449
2026-01-27 14:34:00,18388.00,18398.25,18367.75,18369.00,516
2026-01-27 14:35:00,18369.00,18388.50,18361.75,18388.25,1184
2026-01-27 14:36:00,18388.25,18392.75,18385.25,18385.50,364
2026-01-27 14:37:00,18385.50,18388.75,18381.50,18382.75,1041
2026-01-27 14:38:00,18382.75,18386.50,18375.75,18380.25,258
2026-01-27 14:39:00,18380.25,18381.50,18376.75,18378.50,555
2026-01-27 14:40:00,18378.50,18386.50,18371.00,18383.25,1171
2026-01-27 14:41:00,18383.25,18383.50,18375.25,18379.50,662
2026-01-27 14:42:00,18379.50,18383.00,18369.00,18370.50,719
2026-01-27 14:43:00,18370.50,18385.50,18369.00,18384.50,959
2026-01-27 14:44:00,18384.50,18390.75,18365.75,18366.25,237
2026-01-27 14:45:00,18366.25,18371.75,18366.25,18368.00,1338
2026-01-27 14:46:00,18368.00,18384.50,18367.75,18377.00,1004
2026-01-27 14:47:00,18377.00,18384.75,18374.00,18381.25,885
2026-01-27 14:48:00,18381.25,18382.50,18375.25,18381.25,730
2026-01-27 14:49:00,18381.25,18389.50,18378.00,18388.50,298
2026-01-27 14:50:00,18388.50,18394.50,18372.25,18379.00,1326
2026-01-27 14:51:00,18379.00,18385.00,18378.75,18380.75,1071
2026-01-27 14:52:00,18380.75,18386.50,18373.75,18385.75,1282
2026-01-27 14:53:00,18385.75,18393.00,18374.50,18376.75,775
2026-01-27 14:54:00,18376.75,18384.00,18372.25,18383.50,1009
2026-01-27 14:55:00,18383.50,18393.00,18381.25,18388.75,1367
2026-01-27 14:56:00,18388.75,18388.75,18361.75,18364.50,1149
2026-01-27 14:57:00,18364.50,18384.25,18361.75,18376.50,493
2026-01-27 14:58:00,18376.50,18379.75,18362.50,18375.25,485
2026-01-27 14:59:00,18375.25,18379.00,18364.50,18367.50,1107
2026-01-27 15:00:00,18367.50,18396.75,18360.50,18391.75,200
2026-01-27 15:01:00,18391.75,18396.25,18362.50,18371.50,663
2026-01-27 15:02:00,18371.50,18391.25,18367.75,18388.50,1386
2026-01-27 15:03:00,18388.50,18395.00,18384.25,18386.25,880
2026-01-27 15:04:00,18386.25,18388.25,18377.25,18381.50,418
2026-01-27 15:05:00,18381.50,18392.00,18381.25,18390.00,290
2026-01-27 15:06:00,18390.00,18394.50,18379.00,18389.25,391
2026-01-27 15:07:00,18389.25,18394.75,18374.50,18381.25,532
2026-01-27 15:08:00,18381.25,18395.25,18377.00,18389.25,681
2026-01-27 15:09:00,18389.25,18391.75,18384.25,18386.25,1110
2026-01-27 15:10:00,18386.25,18399.25,18383.50,18387.00,982
2026-01-27 15:11:00,18387.00,18388.25,18371.75,18372.25,214
2026-01-27 15:12:00,18372.25,18372.75,18361.50,18365.25,523
2026-01-27 15:13:00,18365.25,18381.00,18360.25,18377.00,685
2026-01-27 15:14:00,18377.00,18378.75,18374.00,18376.00,818
2026-01-27 15:15:00,18376.00,18377.50,18356.50,18364.75,1357
2026-01-27 15:16:00,18364.75,18387.75,18357.75,18381.50,502
2026-01-27 15:17:00,18381.50,18391.75,18380.00,18385.75,308
2026-01-27 15:18:00,18385.75,18393.75,18379.50,18386.50,580
2026-01-27 15:19:00,18386.50,18392.25,18378.50,18379.00,331
2026-01-27 15:20:00,18379.00,18396.00,18378.00,18390.50,517
2026-01-27 15:21:00,18390.50,18394.25,18376.75,18377.75,1012
2026-01-27 15:22:00,18377.75,18380.75,18367.00,18378.25,532
2026-01-27 15:23:00,18378.25,18396.00,18374.00,18388.50,891
2026-01-27 15:24:00,18388.50,18395.25,18370.00,18375.75,589
2026-01-27 15:25:00,18375.75,18378.25,18367.25,18378.25,1243
2026-01-27 15:26:00,18378.25,18385.50,18375.00,18380.75,1029
2026-01-27 15:27:00,18380.75,18382.75,18378.50,18379.75,574
2026-01-27 15:28:00,18379.75,18392.50,18373.25,18374.75,1433
2026-01-27 15:29:00,18374.75,18375.25,18368.25,18373.25,480
2026-01-27 15:30:00,18373.25,18375.00,18364.00,18374.25,1417
2026-01-27 15:31:00,18374.25,18375.25,18369.75,18375.25,256
2026-01-27 15:32:00,18375.25,18384.75,18373.00,18377.00,619
2026-01-27 15:33:00,18377.00,18394.75,18376.25,18390.50,925
2026-01-27 15:34:00,18390.50,18396.00,18371.25,18376.75,633
2026-01-27 15:35:00,18376.75,18393.75,18376.50,18388.25,1163
2026-01-27 15:36:00,18388.25,18393.50,18387.00,18388.50,813
2026-01-27 15:37:00,18388.50,18392.00,18373.50,18375.50,488
2026-01-27 15:38:00,18375.50,18383.50,18375.00,18380.50,352
2026-01-27 15:39:00,18380.50,18393.50,18376.00,18387.75,767
2026-01-27 15:40:00,18387.75,18388.00,18372.75,18374.25,767
2026-01-27 15:41:00,18374.25,18377.50,18368.25,18368.75,584
2026-01-27 15:42:00,18368.75,18389.75,18368.50,18388.25,1395
2026-01-27 15:43:00,18388.25,18393.25,18383.75,18383.75,890
2026-01-27 15:44:00,18383.75,18391.50,18377.75,18378.50,599
2026-01-27 15:45:00,18378.50,18383.00,18364.50,18365.00,997
2026-01-27 15:46:00,18365.00,18384.25,18361.75,18380.25,1278
2026-01-27 15:47:00,18380.25,18388.25,18377.00,18385.25,1226
2026-01-27 15:48:00,18385.25,18393.50,18384.25,18391.50,657
2026-01-27 15:49:00,18391.50,18402.75,18378.25,18381.25,259
2026-01-27 15:50:00,18381.25,18388.50,18372.25,18379.00,1374
2026-01-27 15:51:00,18379.00,18393.25,18376.50,18392.50,1310
2026-01-27 15:52:00,18392.50,18393.00,18375.00,18377.75,533
2026-01-27 15:53:00,18377.75,18383.00,18373.50,18381.75,1147
2026-01-27 15:54:00,18381.75,18385.50,18376.25,18382.50,1053
2026-01-27 15:55:00,18382.50,18383.50,18361.50,18365.00,1477
2026-01-27 15:56:00,18365.00,18382.00,18362.75,18380.00,472
2026-01-27 15:57:00,18380.00,18382.50,18373.50,18379.50,323
2026-01-27 15:58:00,18379.50,18387.50,18369.25,18387.50,1011
2026-01-27 15:59:00,18387.50,18393.50,18385.75,18393.50,287
2026-01-28 08:00:00,18526.00,18529.25,18519.50,18525.25,983
2026-01-28 08:01:00,18525.25,18525.50,18521.25,18522.00,581
2026-01-28 08:02:00,18522.00,18529.75,18516.25,18528.25,1123
2026-01-28 08:03:00,18528.25,18534.75,18524.25,18533.25,708
2026-01-28 08:04:00,18533.25,18536.00,18520.75,18526.00,941
2026-01-28 08:05:00,18526.00,18531.00,18524.00,18531.00,1009
2026-01-28 08:06:00,18531.00,18532.50,18515.00,18521.50,561
2026-01-28 08:07:00,18521.50,18530.00,18520.75,18528.00,1257
2026-01-28 08:08:00,18528.00,18529.00,18524.25,18525.25,1077
2026-01-28 08:09:00,18525.25,18530.50,18522.00,18527.75,1068
2026-01-28 08:10:00,18527.75,18533.50,18525.50,18530.25,755
2026-01-28 08:11:00,18530.25,18532.50,18517.00,18521.75,630
2026-01-28 08:12:00,18521.75,18530.00,18518.25,18529.00,1411
2026-01-28 08:13:00,18529.00,18536.00,18527.25,18528.00,1305
2026-01-28 08:14:00,18528.00,18532.25,18524.25,18526.75,357
2026-01-28 08:15:00,18526.75,18533.00,18522.25,18522.75,1274
2026-01-28 08:16:00,18522.75,18525.75,18519.00,18520.50,803
2026-01-28 08:17:00,18520.50,18526.25,18516.50,18526.00,1354
2026-01-28 08:18:00,18526.00,18533.75,18521.00,18525.50,245
2026-01-28 08:19:00,18525.50,18535.50,18522.50,18528.00,264
2026-01-28 08:20:00,18528.00,18529.50,18520.00,18520.25,891
2026-01-28 08:21:00,18520.25,18531.25,18518.50,18524.00,742
2026-01-28 08:22:00,18524.00,18526.25,18521.00,18521.50,1203
2026-01-28 08:23:00,18521.50,18526.00,18518.50,18524.75,1072
2026-01-28 08:24:00,18524.75,18528.50,18520.50,18522.75,656
2026-01-28 08:25:00,18522.75,18531.25,18522.00,18527.75,804
2026-01-28 08:26:00,18527.75,18531.00,18527.50,18529.00,1099
2026-01-28 08:27:00,18529.00,18531.75,18526.75,18528.75,411
2026-01-28 08:28:00,18528.75,18529.75,18510.75,18522.25,321
2026-01-28 08:29:00,18522.25,18524.50,18519.75,18524.50,1237
2026-01-28 08:30:00,18524.50,18525.00,18516.00,18516.25,1199
2026-01-28 08:31:00,18516.25,18526.75,18515.25,18526.25,1056
2026-01-28 08:32:00,18526.25,18531.00,18517.75,18520.00,1102
2026-01-28 08:33:00,18520.00,18530.25,18519.75,18524.00,1162
2026-01-28 08:34:00,18524.00,18525.00,18516.25,18522.50,766
2026-01-28 08:35:00,18522.50,18522.75,18518.75,18520.25,1306
2026-01-28 08:36:00,18520.25,18526.00,18515.75,18523.50,1369
2026-01-28 08:37:00,18523.50,18525.75,18522.75,18524.75,580
2026-01-28 08:38:00,18524.75,18525.25,18513.25,18517.50,939
2026-01-28 08:39:00,18517.50,18521.50,18515.25,18520.25,1204
2026-01-28 08:40:00,18520.25,18531.50,18519.50,18530.25,1481
2026-01-28 08:41:00,18530.25,18536.25,18521.50,18526.25,486
2026-01-28 08:42:00,18526.25,18527.75,18510.25,18511.50,495
2026-01-28 08:43:00,18511.50,18537.25,18502.25,18529.50,1180
2026-01-28 08:44:00,18529.50,18532.25,18527.75,18527.75,202
2026-01-28 08:45:00,18527.75,18529.50,18523.00,18523.75,1347
2026-01-28 08:46:00,18523.75,18533.25,18523.25,18528.75,361
2026-01-28 08:47:00,18528.75,18532.50,18525.25,18527.25,755
2026-01-28 08:48:00,18527.25,18528.75,18507.00,18513.00,509
2026-01-28 08:49:00,18513.00,18522.25,18509.00,18519.75,507
2026-01-28 08:50:00,18519.75,18523.50,18519.25,18520.75,630
2026-01-28 08:51:00,18520.75,18523.75,18514.25,18520.25,684
2026-01-28 08:52:00,18520.25,18520.25,18512.75,18519.50,1221
2026-01-28 08:53:00,18519.50,18526.00,18513.00,18513.25,589
2026-01-28 08:54:00,18513.25,18533.75,18511.00,18526.00,1478
2026-01-28 08:55:00,18526.00,18532.25,18523.00,18529.50,1076
2026-01-28 08:56:00,18529.50,18536.75,18527.25,18528.00,1181
2026-01-28 08:57:00,18528.00,18531.25,18519.00,18524.75,1398
2026-01-28 08:58:00,18524.75,18526.50,18514.00,18517.50,833
2026-01-28 08:59:00,18517.50,18520.25,18508.25,18512.00,1198
2026-01-28 09:00:00,18512.00,18514.50,18509.00,18512.25,960
2026-01-28 09:01:00,18512.25,18515.00,18507.75,18511.75,906
2026-01-28 09:02:00,18511.75,18522.75,18504.50,18520.75,561
2026-01-28 09:03:00,18520.75,18523.50,18512.25,18517.00,567
2026-01-28 09:04:00,18517.00,18527.75,18514.75,18518.75,1178
2026-01-28 09:05:00,18518.75,18524.00,18515.25,18523.50,791
2026-01-28 09:06:00,18523.50,18526.50,18514.25,18515.25,1444
2026-01-28 09:07:00,18515.25,18528.75,18511.00,18524.75,592
2026-01-28 09:08:00,18524.75,18533.25,18523.25,18529.25,1318
2026-01-28 09:09:00,18529.25,18530.00,18512.50,18516.50,1238
2026-01-28 09:10:00,18516.50,18523.75,18510.25,18523.00,615
2026-01-28 09:11:00,18523.00,18524.50,18522.50,18523.00,624
2026-01-28 09:12:00,18523.00,18529.75,18514.50,18516.50,556
2026-01-28 09:13:00,18516.50,18517.25,18514.00,18516.25,763
2026-01-28 09:14:00,18516.25,18529.50,18511.50,18526.50,1398
2026-01-28 09:15:00,18526.50,18527.50,18509.50,18517.25,1330
2026-01-28 09:16:00,18517.25,18522.25,18507.00,18510.75,254
2026-01-28 09:17:00,18510.75,18520.00,18509.00,18518.75,853
2026-01-28 09:18:00,18518.75,18521.75,18512.50,18514.50,1039
2026-01-28 09:19:00,18514.50,18525.75,18509.50,18517.75,1354
2026-01-28 09:20:00,18517.75,18519.25,18507.75,18516.50,963
2026-01-28 09:21:00,18516.50,18524.00,18515.00,18521.50,1294
2026-01-28 09:22:00,18521.50,18522.50,18517.00,18520.75,594
2026-01-28 09:23:00,18520.75,18522.50,18518.75,18521.00,734
2026-01-28 09:24:00,18521.00,18522.50,18505.00,18509.00,1359
2026-01-28 09:25:00,18509.00,18520.50,18504.75,18520.00,261
2026-01-28 09:26:00,18520.00,18526.50,18507.25,18513.25,405
2026-01-28 09:27:00,18513.25,18517.75,18507.50,18514.75,639
2026-01-28 09:28:00,18514.75,18515.00,18509.50,18514.50,375
2026-01-28 09:29:00,18514.50,18515.00,18499.25,18504.00,1389
2026-01-28 09:30:00,18504.00,18520.00,18494.00,18517.50,409
2026-01-28 09:31:00,18517.50,18523.75,18506.00,18519.75,1381
2026-01-28 09:32:00,18519.75,18526.25,18506.50,18508.75,245
2026-01-28 09:33:00,18508.75,18518.50,18508.00,18511.25,944
2026-01-28 09:34:00,18511.25,18513.75,18497.75,18504.75,1367
2026-01-28 09:35:00,18504.75,18522.00,18504.25,18521.75,1389
2026-01-28 09:36:00,18521.75,18538.00,18521.50,18534.25,456
2026-01-28 09:37:00,18534.25,18539.25,18499.50,18501.00,559
2026-01-28 09:38:00,18501.00,18510.00,18500.50,18505.50,936
2026-01-28 09:39:00,18505.50,18527.75,18492.50,18523.00,499
2026-01-28 09:40:00,18523.00,18526.50,18516.50,18517.00,702
2026-01-28 09:41:00,18517.00,18524.00,18510.75,18511.75,301
2026-01-28 09:42:00,18511.75,18512.50,18500.00,18507.25,1182
2026-01-28 09:43:00,18507.25,18514.50,18502.50,18507.25,1069
2026-01-28 09:44:00,18507.25,18518.00,18507.00,18515.50,818
2026-01-28 09:45:00,18515.50,18534.00,18509.50,18528.00,759
2026-01-28 09:46:00,18528.00,18534.75,18527.00,18532.00,1067
2026-01-28 09:47:00,18532.00,18537.75,18508.50,18515.75,730
2026-01-28 09:48:00,18515.75,18519.75,18498.00,18504.00,1235
2026-01-28 09:49:00,18504.00,18529.75,18498.75,18523.75,620
2026-01-28 09:50:00,18523.75,18529.50,18510.00,18512.75,1400
2026-01-28 09:51:00,18512.75,18515.00,18503.75,18505.00,600
2026-01-28 09:52:00,18505.00,18508.50,18491.50,18495.75,594
2026-01-28 09:53:00,18495.75,18502.00,18490.75,18500.00,550
2026-01-28 09:54:00,18500.00,18524.75,18498.00,18510.00,1060
2026-01-28 09:55:00,18510.00,18513.75,18488.75,18504.00,1400
2026-01-28 09:56:00,18504.00,18513.50,18503.25,18510.00,851
2026-01-28 09:57:00,18510.00,18511.00,18495.50,18497.50,1404
2026-01-28 09:58:00,18497.50,18524.00,18496.00,18521.50,676
2026-01-28 09:59:00,18521.50,18525.25,18510.00,18511.00,1090
2026-01-28 10:00:00,18511.00,18519.25,18508.25,18510.75,487
2026-01-28 10:01:00,18510.75,18521.50,18510.75,18520.25,1388
2026-01-28 10:02:00,18520.25,18522.00,18507.75,18508.25,599
2026-01-28 10:03:00,18508.25,18511.50,18505.25,18510.75,321
2026-01-28 10:04:00,18510.75,18528.75,18506.00,18527.00,1309
2026-01-28 10:05:00,18527.00,18533.00,18514.75,18516.25,246
2026-01-28 10:06:00,18516.25,18527.00,18501.50,18504.00,626
2026-01-28 10:07:00,18504.00,18515.00,18500.75,18510.00,1066
2026-01-28 10:08:00,18510.00,18514.25,18499.75,18506.25,520
2026-01-28 10:09:00,18506.25,18516.25,18504.50,18509.50,803
2026-01-28 10:10:00,18509.50,18517.50,18506.25,18513.50,1220
2026-01-28 10:11:00,18513.50,18523.50,18501.00,18520.50,1024
2026-01-28 10:12:00,18520.50,18520.75,18506.25,18520.25,755
2026-01-28 10:13:00,18520.25,18523.00,18495.50,18504.00,1146
2026-01-28 10:14:00,18504.00,18507.25,18485.25,18494.00,1468
2026-01-28 10:15:00,18494.00,18517.50,18493.75,18516.50,1481
2026-01-28 10:16:00,18516.50,18525.00,18495.75,18497.50,481
2026-01-28 10:17:00,18497.50,18508.75,18493.00,18508.50,734
2026-01-28 10:18:00,18508.50,18510.75,18501.50,18510.50,341
2026-01-28 10:19:00,18510.50,18512.50,18498.25,18499.75,1080
2026-01-28 10:20:00,18499.75,18519.75,18496.75,18517.75,307
2026-01-28 10:21:00,18517.75,18525.75,18502.75,18507.25,850
2026-01-28 10:22:00,18507.25,18519.00,18504.75,18507.50,1416
2026-01-28 10:23:00,18507.50,18512.75,18499.00,18502.50,638
2026-01-28 10:24:00,18502.50,18520.25,18501.00,18514.75,1000
2026-01-28 10:25:00,18514.75,18520.75,18503.00,18505.00,390
2026-01-28 10:26:00,18505.00,18524.50,18504.75,18515.50,345
2026-01-28 10:27:00,18515.50,18521.75,18502.00,18504.00,1331
2026-01-28 10:28:00,18504.00,18522.00,18499.00,18516.75,1093
2026-01-28 10:29:00,18516.75,18517.50,18500.75,18502.50,476
2026-01-28 10:30:00,18502.50,18509.25,18499.25,18505.25,1308
2026-01-28 10:31:00,18505.25,18515.75,18501.00,18511.00,1358
2026-01-28 10:32:00,18511.00,18511.25,18496.50,18497.00,301
2026-01-28 10:33:00,18497.00,18509.75,18496.75,18506.00,908
2026-01-28 10:34:00,18506.00,18509.00,18503.50,18505.25,1069
2026-01-28 10:35:00,18505.25,18505.50,18490.75,18504.50,854
2026-01-28 10:36:00,18504.50,18521.75,18502.25,18514.50,267
2026-01-28 10:37:00,18514.50,18525.50,18508.00,18524.75,1449
2026-01-28 10:38:00,18524.75,18529.75,18518.50,18521.50,458
2026-01-28 10:39:00,18521.50,18523.00,18500.25,18506.50,1329
2026-01-28 10:40:00,18506.50,18510.75,18490.75,18494.75,527
2026-01-28 10:41:00,18494.75,18496.25,18492.75,18494.25,970
2026-01-28 10:42:00,18494.25,18518.50,18486.25,18515.25,1222
2026-01-28 10:43:00,18515.25,18527.75,18512.75,18524.00,570
2026-01-28 10:44:00,18524.00,18531.50,18523.75,18526.75,1168
2026-01-28 10:45:00,18526.75,18531.75,18513.75,18514.50,507
2026-01-28 10:46:00,18514.50,18515.25,18504.75,18507.75,1181
2026-01-28 10:47:00,18507.75,18525.25,18505.50,18516.75,539
2026-01-28 10:48:00,18516.75,18521.25,18504.25,18505.00,1026
2026-01-28 10:49:00,18505.00,18516.50,18501.75,18515.50,1241
2026-01-28 10:50:00,18515.50,18516.50,18492.25,18504.25,633
2026-01-28 10:51:00,18504.25,18523.50,18497.50,18518.75,638
2026-01-28 10:52:00,18518.75,18520.50,18484.00,18488.75,920
2026-01-28 10:53:00,18488.75,18512.50,18480.25,18508.75,1359
2026-01-28 10:54:00,18508.75,18512.50,18496.25,18504.00,1283
2026-01-28 10:55:00,18504.00,18511.75,18503.75,18505.75,766
2026-01-28 10:56:00,18505.75,18513.00,18499.00,18506.00,914
2026-01-28 10:57:00,18506.00,18513.25,18505.25,18511.00,799
2026-01-28 10:58:00,18511.00,18528.75,18509.75,18523.25,1048
2026-01-28 10:59:00,18523.25,18523.50,18501.50,18501.75,748
2026-01-28 11:00:00,18501.75,18514.50,18501.50,18509.75,941
2026-01-28 11:01:00,18509.75,18511.75,18492.00,18495.00,590
2026-01-28 11:02:00,18495.00,18508.50,18489.25,18508.25,587
2026-01-28 11:03:00,18508.25,18532.00,18507.00,18527.00,690
2026-01-28 11:04:00,18527.00,18529.00,18494.75,18499.50,900
2026-01-28 11:05:00,18499.50,18517.75,18492.75,18516.50,405
2026-01-28 11:06:00,18516.50,18527.50,18502.50,18508.50,1106
2026-01-28 11:07:00,18508.50,18512.50,18502.75,18503.25,1198
2026-01-28 11:08:00,18503.25,18518.50,18497.25,18517.25,818
2026-01-28 11:09:00,18517.25,18524.50,18507.50,18509.25,999
2026-01-28 11:10:00,18509.25,18512.25,18489.25,18493.25,973
2026-01-28 11:11:00,18493.25,18524.75,18488.00,18519.25,1264
2026-01-28 11:12:00,18519.25,18522.00,18486.75,18497.50,474
2026-01-28 11:13:00,18497.50,18507.00,18493.75,18502.50,1446
2026-01-28 11:14:00,18502.50,18504.75,18501.25,18503.50,678
2026-01-28 11:15:00,18503.50,18517.50,18496.75,18509.25,572
2026-01-28 11:16:00,18509.25,18517.25,18498.25,18499.00,735
2026-01-28 11:17:00,18499.00,18512.25,18494.75,18505.25,309
2026-01-28 11:18:00,18505.25,18507.50,18494.50,18495.50,367
2026-01-28 11:19:00,18495.50,18520.75,18495.50,18513.75,875
2026-01-28 11:20:00,18513.75,18515.25,18503.00,18505.25,1288
2026-01-28 11:21:00,18505.25,18513.00,18502.50,18503.75,461
2026-01-28 11:22:00,18503.75,18507.50,18503.00,18503.50,732
2026-01-28 11:23:00,18503.50,18526.25,18494.50,18521.00,865
2026-01-28 11:24:00,18521.00,18533.25,18505.75,18507.25,1406
2026-01-28 11:25:00,18507.25,18511.25,18505.75,18507.00,856
2026-01-28 11:26:00,18507.00,18521.75,18501.00,18521.00,989
2026-01-28 11:27:00,18521.00,18533.50,18490.75,18501.00,1377
2026-01-28 11:28:00,18501.00,18513.50,18496.00,18511.50,388
2026-01-28 11:29:00,18511.50,18519.50,18504.75,18507.50,1472
2026-01-28 11:30:00,18507.50,18512.25,18505.25,18507.50,820
2026-01-28 11:31:00,18507.50,18508.75,18495.75,18508.00,1030
2026-01-28 11:32:00,18508.00,18511.00,18486.50,18488.75,705
2026-01-28 11:33:00,18488.75,18508.75,18480.50,18506.75,685
2026-01-28 11:34:00,18506.75,18514.50,18499.25,18509.50,1141
2026-01-28 11:35:00,18509.50,18515.25,18504.75,18511.75,488
2026-01-28 11:36:00,18511.75,18515.00,18490.50,18495.00,843
2026-01-28 11:37:00,18495.00,18521.25,18486.25,18514.75,903
2026-01-28 11:38:00,18514.75,18515.75,18495.75,18496.50,317
2026-01-28 11:39:00,18496.50,18511.75,18493.00,18506.50,1376
2026-01-28 11:40:00,18506.50,18509.25,18505.75,18509.00,686
2026-01-28 11:41:00,18509.00,18515.00,18503.25,18507.25,700
2026-01-28 11:42:00,18507.25,18511.00,18497.50,18504.75,1228
2026-01-28 11:43:00,18504.75,18507.75,18488.00,18493.25,671
2026-01-28 11:44:00,18493.25,18517.00,18486.00,18509.00,668
2026-01-28 11:45:00,18509.00,18514.75,18505.00,18509.75,1214
2026-01-28 11:46:00,18509.75,18510.75,18503.25,18504.75,493
2026-01-28 11:47:00,18504.75,18506.75,18501.25,18501.50,643
2026-01-28 11:48:00,18501.50,18520.50,18500.50,18518.75,1371
2026-01-28 11:49:00,18518.75,18524.25,18492.00,18495.25,1479
2026-01-28 11:50:00,18495.25,18509.00,18493.00,18506.25,1236
2026-01-28 11:51:00,18506.25,18508.25,18487.50,18489.75,717
2026-01-28 11:52:00,18489.75,18502.00,18486.25,18499.25,975
2026-01-28 11:53:00,18499.25,18530.75,18498.75,18527.50,448
2026-01-28 11:54:00,18527.50,18528.75,18514.50,18516.75,1342
2026-01-28 11:55:00,18516.75,18523.75,18510.25,18511.50,1380
2026-01-28 11:56:00,18511.50,18512.25,18501.50,18508.00,1351
2026-01-28 11:57:00,18508.00,18512.50,18486.00,18491.50,1190
2026-01-28 11:58:00,18491.50,18510.00,18489.00,18507.50,1118
2026-01-28 11:59:00,18507.50,18509.75,18492.50,18492.50,999
2026-01-28 12:00:00,18492.50,18501.25,18490.25,18500.00,688
2026-01-28 12:01:00,18500.00,18502.25,18493.00,18495.00,595
2026-01-28 12:02:00,18495.00,18515.25,18491.50,18510.00,1318
2026-01-28 12:03:00,18510.00,18534.00,18509.25,18523.75,1384
2026-01-28 12:04:00,18523.75,18531.75,18511.25,18511.25,1162
2026-01-28 12:05:00,18511.25,18512.75,18491.75,18492.50,1295
2026-01-28 12:06:00,18492.50,18506.50,18486.75,18504.00,1200
2026-01-28 12:07:00,18504.00,18526.50,18493.25,18525.75,1002
2026-01-28 12:08:00,18525.75,18530.75,18509.25,18512.00,1156
2026-01-28 12:09:00,18512.00,18514.00,18502.75,18510.25,592
2026-01-28 12:10:00,18510.25,18515.50,18499.25,18505.75,387
2026-01-28 12:11:00,18505.75,18509.25,18499.50,18505.50,1179
2026-01-28 12:12:00,18505.50,18510.75,18504.50,18505.00,489
2026-01-28 12:13:00,18505.00,18513.50,18503.75,18506.25,1084
2026-01-28 12:14:00,18506.25,18507.25,18491.75,18492.75,509
2026-01-28 12:15:00,18492.75,18497.50,18483.25,18487.75,785
2026-01-28 12:16:00,18487.75,18500.75,18483.50,18500.00,227
2026-01-28 12:17:00,18500.00,18502.75,18489.00,18492.25,992
2026-01-28 12:18:00,18492.25,18510.25,18491.25,18505.00,1081
2026-01-28 12:19:00,18505.00,18507.00,18490.00,18494.00,1041
2026-01-28 12:20:00,18494.00,18499.50,18491.75,18497.25,753
2026-01-28 12:21:00,18497.25,18507.00,18475.75,18493.25,962
2026-01-28 12:22:00,18493.25,18512.25,18490.75,18509.50,1454
2026-01-28 12:23:00,18509.50,18513.00,18493.25,18494.50,387
2026-01-28 12:24:00,18494.50,18502.00,18484.00,18500.25,383
2026-01-28 12:25:00,18500.25,18520.00,18497.50,18515.00,371
2026-01-28 12:26:00,18515.00,18516.50,18503.50,18507.00,677
2026-01-28 12:27:00,18507.00,18512.75,18501.75,18511.00,880
2026-01-28 12:28:00,18511.00,18514.75,18502.75,18512.25,251
2026-01-28 12:29:00,18512.25,18517.50,18499.00,18504.00,1355
2026-01-28 12:30:00,18504.00,18510.25,18499.00,18509.50,714
2026-01-28 12:31:00,18509.50,18518.00,18505.00,18516.75,500
2026-01-28 12:32:00,18516.75,18523.25,18494.25,18496.25,578
2026-01-28 12:33:00,18496.25,18506.00,18482.25,18488.75,1490
2026-01-28 12:34:00,18488.75,18491.75,18482.25,18484.25,966
2026-01-28 12:35:00,18484.25,18507.00,18477.00,18499.75,838
2026-01-28 12:36:00,18499.75,18502.25,18495.50,18496.50,327
2026-01-28 12:37:00,18496.50,18514.00,18487.75,18509.25,453
2026-01-28 12:38:00,18509.25,18528.25,18501.25,18525.00,250
2026-01-28 12:39:00,18525.00,18530.25,18496.25,18496.25,862
2026-01-28 12:40:00,18496.25,18511.50,18483.00,18509.00,995
2026-01-28 12:41:00,18509.00,18513.50,18497.50,18507.25,1089
2026-01-28 12:42:00,18507.25,18517.25,18505.00,18515.75,681
2026-01-28 12:43:00,18515.75,18516.75,18501.50,18504.25,1229
2026-01-28 12:44:00,18504.25,18517.50,18500.00,18506.75,566
2026-01-28 12:45:00,18506.75,18514.75,18502.50,18509.00,870
2026-01-28 12:46:00,18509.00,18513.25,18497.50,18498.50,1031
2026-01-28 12:47:00,18498.50,18515.50,18497.25,18515.50,239
2026-01-28 12:48:00,18515.50,18519.50,18497.00,18499.00,766
2026-01-28 12:49:00,18499.00,18509.75,18498.00,18508.75,1390
2026-01-28 12:50:00,18508.75,18517.25,18500.50,18507.75,515
2026-01-28 12:51:00,18507.75,18513.00,18489.00,18498.25,1427
2026-01-28 12:52:00,18498.25,18517.50,18498.00,18511.50,813
2026-01-28 12:53:00,18511.50,18512.00,18482.00,18491.25,1270
2026-01-28 12:54:00,18491.25,18496.25,18481.25,18487.75,1443
2026-01-28 12:55:00,18487.75,18502.00,18480.00,18501.50,487
2026-01-28 12:56:00,18501.50,18503.25,18487.00,18498.75,1060
2026-01-28 12:57:00,18498.75,18505.25,18476.25,18491.00,359
2026-01-28 12:58:00,18491.00,18496.25,18484.25,18485.00,471
2026-01-28 12:59:00,18485.00,18505.50,18481.75,18505.25,673
2026-01-28 13:00:00,18505.25,18510.75,18477.75,18484.00,415
2026-01-28 13:01:00,18484.00,18522.00,18479.00,18520.00,1314
2026-01-28 13:02:00,18520.00,18520.50,18499.75,18500.50,1475
2026-01-28 13:03:00,18500.50,18501.25,18493.75,18494.25,1188
2026-01-28 13:04:00,18494.25,18500.25,18478.50,18487.50,813
2026-01-28 13:05:00,18487.50,18503.00,18485.00,18501.75,574
2026-01-28 13:06:00,18501.75,18505.25,18487.50,18488.00,1306
2026-01-28 13:07:00,18488.00,18503.00,18480.00,18499.75,261
2026-01-28 13:08:00,18499.75,18530.25,18493.25,18517.25,1310
2026-01-28 13:09:00,18517.25,18521.25,18502.50,18505.50,238
2026-01-28 13:10:00,18505.50,18510.25,18489.25,18496.75,1260
2026-01-28 13:11:00,18496.75,18511.00,18496.50,18506.50,462
2026-01-28 13:12:00,18506.50,18511.75,18495.00,18496.00,521
2026-01-28 13:13:00,18496.00,18515.25,18488.75,18511.25,363
2026-01-28 13:14:00,18511.25,18513.75,18496.00,18503.00,407
2026-01-28 13:15:00,18503.00,18506.25,18502.75,18503.75,446
2026-01-28 13:16:00,18503.75,18507.00,18503.50,18505.50,714
2026-01-28 13:17:00,18505.50,18515.50,18495.75,18508.50,257
2026-01-28 13:18:00,18508.50,18510.00,18495.25,18499.25,673
2026-01-28 13:19:00,18499.25,18503.00,18496.75,18500.25,1159
2026-01-28 13:20:00,18500.25,18504.00,18479.25,18483.75,424
2026-01-28 13:21:00,18483.75,18503.75,18481.75,18499.50,813
2026-01-28 13:22:00,18499.50,18502.50,18499.25,18499.25,556
2026-01-28 13:23:00,18499.25,18523.00,18491.25,18514.50,620
2026-01-28 13:24:00,18514.50,18518.00,18502.25,18504.25,802
2026-01-28 13:25:00,18504.25,18504.75,18487.50,18492.25,1192
2026-01-28 13:26:00,18492.25,18521.50,18486.75,18513.00,1289
2026-01-28 13:27:00,18513.00,18516.50,18501.00,18509.25,668
2026-01-28 13:28:00,18509.25,18515.75,18483.00,18485.50,1483
2026-01-28 13:29:00,18485.50,18505.75,18484.50,18502.50,291
2026-01-28 13:30:00,18502.50,18507.00,18486.50,18490.50,614
2026-01-28 13:31:00,18490.50,18501.50,18480.50,18500.50,991
2026-01-28 13:32:00,18500.50,18508.50,18494.50,18503.00,656
2026-01-28 13:33:00,18503.00,18519.50,18499.75,18508.50,1452
2026-01-28 13:34:00,18508.50,18509.25,18489.75,18493.00,811
2026-01-28 13:35:00,18493.00,18494.75,18487.25,18490.25,313
2026-01-28 13:36:00,18490.25,18495.25,18479.25,18482.75,1285
2026-01-28 13:37:00,18482.75,18510.50,18480.50,18508.75,1134
2026-01-28 13:38:00,18508.75,18513.00,18482.75,18491.50,757
2026-01-28 13:39:00,18491.50,18503.50,18489.00,18501.75,663
2026-01-28 13:40:00,18501.75,18507.00,18498.00,18505.00,870
2026-01-28 13:41:00,18505.00,18507.50,18504.75,18507.00,1317
2026-01-28 13:42:00,18507.00,18511.25,18493.25,18495.00,1222
2026-01-28 13:43:00,18495.00,18497.75,18491.50,18492.50,660
2026-01-28 13:44:00,18492.50,18516.50,18487.75,18511.25,808
2026-01-28 13:45:00,18511.25,18519.75,18496.50,18499.75,433
2026-01-28 13:46:00,18499.75,18501.75,18470.00,18485.50,848
2026-01-28 13:47:00,18485.50,18520.50,18480.00,18515.75,1088
2026-01-28 13:48:00,18515.75,18518.75,18507.50,18510.00,528
2026-01-28 13:49:00,18510.00,18511.25,18496.00,18497.75,741
2026-01-28 13:50:00,18497.75,18505.75,18493.00,18501.50,1290
2026-01-28 13:51:00,18501.50,18502.25,18486.75,18494.75,722
2026-01-28 13:52:00,18494.75,18500.00,18487.75,18497.25,667
2026-01-28 13:53:00,18497.25,18520.75,18494.25,18509.50,1299
2026-01-28 13:54:00,18509.50,18516.50,18505.00,18506.50,648
2026-01-28 13:55:00,18506.50,18513.25,18490.50,18491.75,1006
2026-01-28 13:56:00,18491.75,18509.25,18488.50,18508.50,836
2026-01-28 13:57:00,18508.50,18515.25,18492.25,18500.00,1284
2026-01-28 13:58:00,18500.00,18507.00,18491.50,18496.25,1289
2026-01-28 13:59:00,18496.25,18499.00,18487.50,18494.25,953
2026-01-28 14:00:00,18494.25,18498.75,18484.75,18488.50,1232
2026-01-28 14:01:00,18488.50,18499.50,18485.75,18499.25,602
2026-01-28 14:02:00,18499.25,18507.00,18489.25,18490.50,391
2026-01-28 14:03:00,18490.50,18496.00,18483.50,18488.00,1021
2026-01-28 14:04:00,18488.00,18501.25,18480.25,18498.50,1141
2026-01-28 14:05:00,18498.50,18509.00,18490.25,18498.50,1146
2026-01-28 14:06:00,18498.50,18505.00,18494.50,18502.50,1209
2026-01-28 14:07:00,18502.50,18507.75,18482.25,18484.50,1174
2026-01-28 14:08:00,18484.50,18514.25,18483.00,18510.50,493
2026-01-28 14:09:00,18510.50,18513.50,18503.50,18507.00,1106
2026-01-28 14:10:00,18507.00,18511.50,18482.00,18492.00,1277
2026-01-28 14:11:00,18492.00,18511.25,18487.25,18506.25,1214
2026-01-28 14:12:00,18506.25,18514.00,18502.00,18504.75,541
2026-01-28 14:13:00,18504.75,18507.00,18468.50,18471.25,847
2026-01-28 14:14:00,18471.25,18491.50,18460.75,18486.75,302
2026-01-28 14:15:00,18486.75,18495.25,18485.00,18494.50,857
2026-01-28 14:16:00,18494.50,18509.50,18485.75,18507.25,1123
2026-01-28 14:17:00,18507.25,18507.75,18489.50,18491.50,557
2026-01-28 14:18:00,18491.50,18505.75,18487.25,18504.25,736
2026-01-28 14:19:00,18504.25,18504.50,18483.75,18490.50,1234
2026-01-28 14:20:00,18490.50,18498.50,18487.25,18496.25,1106
2026-01-28 14:21:00,18496.25,18507.50,18491.25,18497.75,222
2026-01-28 14:22:00,18497.75,18497.75,18488.50,18492.75,558
2026-01-28 14:23:00,18492.75,18497.25,18490.00,18493.50,1353
2026-01-28 14:24:00,18493.50,18499.25,18469.75,18477.25,593
2026-01-28 14:25:00,18477.25,18493.25,18473.50,18484.50,401
2026-01-28 14:26:00,18484.50,18507.75,18473.25,18503.75,1425
2026-01-28 14:27:00,18503.75,18509.25,18485.00,18490.00,911
2026-01-28 14:28:00,18490.00,18511.25,18489.00,18500.00,731
2026-01-28 14:29:00,18500.00,18503.25,18487.00,18489.50,605
2026-01-28 14:30:00,18489.50,18494.50,18484.25,18493.00,265
2026-01-28 14:31:00,18493.00,18503.00,18480.25,18485.75,922
2026-01-28 14:32:00,18485.75,18505.75,18482.00,18499.25,1358
2026-01-28 14:33:00,18499.25,18502.75,18485.25,18486.00,1252
2026-01-28 14:34:00,18486.00,18491.75,18482.50,18489.50,943
2026-01-28 14:35:00,18489.50,18507.75,18488.50,18506.50,1042
2026-01-28 14:36:00,18506.50,18506.75,18475.00,18482.00,1435
2026-01-28 14:37:00,18482.00,18498.25,18478.75,18494.25,1196
2026-01-28 14:38:00,18494.25,18508.50,18493.50,18505.25,895
2026-01-28 14:39:00,18505.25,18512.25,18490.75,18496.75,350
2026-01-28 14:40:00,18496.75,18506.75,18488.25,18505.75,224
2026-01-28 14:41:00,18505.75,18514.75,18493.75,18496.75,1449
2026-01-28 14:42:00,18496.75,18499.75,18491.50,18492.75,682
2026-01-28 14:43:00,18492.75,18493.00,18484.25,18484.75,927
2026-01-28 14:44:00,18484.75,18492.50,18484.25,18490.75,970
2026-01-28 14:45:00,18490.75,18491.75,18489.00,18491.00,1448
2026-01-28 14:46:00,18491.00,18500.25,18486.50,18488.00,1314
2026-01-28 14:47:00,18488.00,18492.50,18485.00,18488.00,873
2026-01-28 14:48:00,18488.00,18499.25,18471.75,18473.75,522
2026-01-28 14:49:00,18473.75,18492.25,18468.50,18482.25,729
2026-01-28 14:50:00,18482.25,18491.75,18481.00,18488.50,1376
2026-01-28 14:51:00,18488.50,18516.75,18484.75,18511.00,1188
2026-01-28 14:52:00,18511.00,18513.75,18496.00,18500.75,970
2026-01-28 14:53:00,18500.75,18501.50,18478.25,18478.75,984
2026-01-28 14:54:00,18478.75,18503.75,18473.75,18496.75,1239
2026-01-28 14:55:00,18496.75,18496.75,18494.75,18496.25,213
2026-01-28 14:56:00,18496.25,18497.75,18488.00,18491.50,812
2026-01-28 14:57:00,18491.50,18504.25,18490.75,18502.25,1312
2026-01-28 14:58:00,18502.25,18511.50,18487.00,18491.25,893
2026-01-28 14:59:00,18491.25,18495.00,18486.00,18490.25,525
2026-01-28 15:00:00,18490.25,18493.75,18477.25,18478.00,1188
2026-01-28 15:01:00,18478.00,18490.25,18472.50,18488.25,788
2026-01-28 15:02:00,18488.25,18495.00,18486.25,18487.50,1096
2026-01-28 15:03:00,18487.50,18499.75,18486.50,18493.75,1206
2026-01-28 15:04:00,18493.75,18494.00,18483.25,18486.50,725
2026-01-28 15:05:00,18486.50,18501.75,18483.00,18498.00,372
2026-01-28 15:06:00,18498.00,18503.50,18487.00,18495.50,1470
2026-01-28 15:07:00,18495.50,18498.00,18491.25,18492.50,844
2026-01-28 15:08:00,18492.50,18494.25,18480.50,18489.25,457
2026-01-28 15:09:00,18489.25,18502.50,18488.75,18495.75,745
2026-01-28 15:10:00,18495.75,18511.00,18471.00,18471.75,754
2026-01-28 15:11:00,18471.75,18492.00,18469.25,18490.00,898
2026-01-28 15:12:00,18490.00,18510.50,18484.00,18505.50,511
2026-01-28 15:13:00,18505.50,18510.25,18490.50,18499.00,592
2026-01-28 15:14:00,18499.00,18505.25,18491.50,18493.75,876
2026-01-28 15:15:00,18493.75,18494.00,18484.50,18488.75,1262
2026-01-28 15:16:00,18488.75,18509.75,18486.75,18508.75,343
2026-01-28 15:17:00,18508.75,18513.75,18476.75,18477.75,1256
2026-01-28 15:18:00,18477.75,18504.25,18477.50,18493.75,1191
2026-01-28 15:19:00,18493.75,18503.75,18485.50,18488.75,719
2026-01-28 15:20:00,18488.75,18504.00,18484.50,18501.75,710
2026-01-28 15:21:00,18501.75,18513.00,18492.25,18504.25,692
2026-01-28 15:22:00,18504.25,18510.75,18483.00,18490.00,1357
2026-01-28 15:23:00,18490.00,18490.50,18484.50,18487.75,479
2026-01-28 15:24:00,18487.75,18509.50,18483.00,18500.00,532
2026-01-28 15:25:00,18500.00,18500.00,18482.00,18483.50,1409
2026-01-28 15:26:00,18483.50,18494.25,18478.50,18493.25,493
2026-01-28 15:27:00,18493.25,18501.25,18488.50,18490.50,509
2026-01-28 15:28:00,18490.50,18512.50,18486.50,18502.50,694
2026-01-28 15:29:00,18502.50,18505.00,18478.75,18484.25,666
2026-01-28 15:30:00,18484.25,18496.00,18482.25,18491.75,1186
2026-01-28 15:31:00,18491.75,18501.75,18484.00,18490.50,889
2026-01-28 15:32:00,18490.50,18494.50,18485.25,18490.50,208
2026-01-28 15:33:00,18490.50,18496.25,18486.00,18492.50,1352
2026-01-28 15:34:00,18492.50,18495.75,18490.25,18494.25,490
2026-01-28 15:35:00,18494.25,18494.25,18485.00,18491.00,588
2026-01-28 15:36:00,18491.00,18497.25,18488.50,18492.75,1017
2026-01-28 15:37:00,18492.75,18494.50,18488.00,18492.00,628
2026-01-28 15:38:00,18492.00,18503.25,18479.75,18501.25,628
2026-01-28 15:39:00,18501.25,18501.75,18484.50,18485.75,399
2026-01-28 15:40:00,18485.75,18496.50,18480.00,18495.75,1092
2026-01-28 15:41:00,18495.75,18501.50,18490.50,18500.25,1022
2026-01-28 15:42:00,18500.25,18519.50,18497.00,18514.25,1055
2026-01-28 15:43:00,18514.25,18515.25,18474.25,18479.00,579
2026-01-28 15:44:00,18479.00,18490.75,18470.25,18486.50,1368
2026-01-28 15:45:00,18486.50,18498.75,18482.50,18495.00,1162
2026-01-28 15:46:00,18495.00,18496.00,18464.25,18474.00,1238
2026-01-28 15:47:00,18474.00,18489.50,18472.25,18489.25,1277
2026-01-28 15:48:00,18489.25,18490.25,18476.00,18479.00,341
2026-01-28 15:49:00,18479.00,18497.25,18474.75,18488.50,934
2026-01-28 15:50:00,18488.50,18503.00,18488.00,18499.75,902
2026-01-28 15:51:00,18499.75,18505.75,18490.25,18493.00,1468
2026-01-28 15:52:00,18493.00,18498.50,18483.75,18486.00,978
2026-01-28 15:53:00,18486.00,18491.25,18472.25,18479.75,945
2026-01-28 15:54:00,18479.75,18506.00,18477.75,18499.00,1329
2026-01-28 15:55:00,18499.00,18507.00,18497.50,18498.75,463
2026-01-28 15:56:00,18498.75,18510.75,18497.50,18501.00,357
2026-01-28 15:57:00,18501.00,18509.25,18487.75,18488.25,1456
2026-01-28 15:58:00,18488.25,18494.25,18482.75,18489.25,447
2026-01-28 15:59:00,18489.25,18501.25,18488.00,18500.75,1178
2026-01-29 08:00:00,18588.50,18591.25,18582.00,18582.25,918
2026-01-29 08:01:00,18582.25,18588.00,18578.50,18587.25,937
2026-01-29 08:02:00,18587.25,18599.25,18584.75,18594.25,853
2026-01-29 08:03:00,18594.25,18595.00,18579.75,18582.25,1020
2026-01-29 08:04:00,18582.25,18586.00,18578.25,18586.00,1129
2026-01-29 08:05:00,18586.00,18590.00,18582.50,18587.75,424
2026-01-29 08:06:00,18587.75,18589.75,18578.50,18582.50,490
2026-01-29 08:07:00,18582.50,18584.50,18578.00,18579.00,1193
2026-01-29 08:08:00,18579.00,18582.25,18573.00,18581.50,808
2026-01-29 08:09:00,18581.50,18610.25,18581.00,18607.50,1156
2026-01-29 08:10:00,18607.50,18609.50,18601.25,18601.50,1497
2026-01-29 08:11:00,18601.50,18602.25,18586.00,18588.25,269
2026-01-29 08:12:00,18588.25,18595.25,18586.25,18590.00,1243
2026-01-29 08:13:00,18590.00,18597.50,18577.50,18577.50,1320
2026-01-29 08:14:00,18577.50,18591.50,18577.50,18591.25,550
2026-01-29 08:15:00,18591.25,18595.50,18578.50,18581.00,243
2026-01-29 08:16:00,18581.00,18596.75,18576.25,18590.75,599
2026-01-29 08:17:00,18590.75,18591.00,18584.25,18585.25,866
2026-01-29 08:18:00,18585.25,18596.25,18582.75,18593.00,215
2026-01-29 08:19:00,18593.00,18595.00,18591.75,18594.00,932
2026-01-29 08:20:00,18594.00,18595.25,18591.00,18591.25,1094
2026-01-29 08:21:00,18591.25,18596.00,18588.25,18595.25,1185
2026-01-29 08:22:00,18595.25,18597.50,18572.25,18578.75,753
2026-01-29 08:23:00,18578.75,18584.25,18575.50,18581.75,756
2026-01-29 08:24:00,18581.75,18594.00,18578.50,18586.00,1139
2026-01-29 08:25:00,18586.00,18594.75,18583.25,18591.75,1047
2026-01-29 08:26:00,18591.75,18593.00,18575.25,18578.50,1041
2026-01-29 08:27:00,18578.50,18595.00,18577.50,18590.75,518
2026-01-29 08:28:00,18590.75,18594.50,18589.75,18591.00,540
2026-01-29 08:29:00,18591.00,18598.25,18586.25,18594.25,571
2026-01-29 08:30:00,18594.25,18598.00,18576.25,18576.25,804
2026-01-29 08:31:00,18576.25,18585.75,18571.75,18579.50,852
2026-01-29 08:32:00,18579.50,18587.75,18577.75,18584.25,650
2026-01-29 08:33:00,18584.25,18589.00,18576.00,18583.75,300
2026-01-29 08:34:00,18583.75,18593.00,18581.00,18589.25,1031
2026-01-29 08:35:00,18589.25,18594.50,18568.75,18574.50,434
2026-01-29 08:36:00,18574.50,18590.00,18569.00,18584.50,797
2026-01-29 08:37:00,18584.50,18591.25,18584.25,18590.00,226
2026-01-29 08:38:00,18590.00,18593.50,18576.25,18577.00,698
2026-01-29 08:39:00,18577.00,18585.00,18574.00,18582.00,596
2026-01-29 08:40:00,18582.00,18586.25,18570.75,18571.50,561
2026-01-29 08:41:00,18571.50,18578.50,18565.25,18573.00,1345
2026-01-29 08:42:00,18573.00,18590.25,18569.75,18588.75,915
2026-01-29 08:43:00,18588.75,18590.50,18579.25,18582.75,1272
2026-01-29 08:44:00,18582.75,18593.00,18582.75,18584.50,675
2026-01-29 08:45:00,18584.50,18591.75,18578.75,18589.75,907
2026-01-29 08:46:00,18589.75,18590.00,18586.00,18586.25,305
2026-01-29 08:47:00,18586.25,18592.50,18586.25,18587.25,653
2026-01-29 08:48:00,18587.25,18590.75,18585.50,18590.50,588
2026-01-29 08:49:00,18590.50,18594.25,18582.50,18583.75,1365
2026-01-29 08:50:00,18583.75,18597.75,18582.00,18592.50,1480
2026-01-29 08:51:00,18592.50,18595.25,18584.50,18586.50,1457
2026-01-29 08:52:00,18586.50,18586.75,18578.50,18580.00,1021
2026-01-29 08:53:00,18580.00,18582.00,18575.00,18576.25,941
2026-01-29 08:54:00,18576.25,18600.25,18576.00,18598.00,1331
2026-01-29 08:55:00,18598.00,18599.75,18583.50,18584.00,766
2026-01-29 08:56:00,18584.00,18584.50,18577.00,18581.00,670
2026-01-29 08:57:00,18581.00,18594.25,18580.75,18590.00,237
2026-01-29 08:58:00,18590.00,18590.50,18580.75,18584.75,767
2026-01-29 08:59:00,18584.75,18586.75,18575.50,18577.50,488
2026-01-29 09:00:00,18577.50,18591.00,18571.75,18589.50,772
2026-01-29 09:01:00,18589.50,18591.75,18589.00,18589.00,1089
2026-01-29 09:02:00,18589.00,18590.25,18577.25,18581.50,1204
2026-01-29 09:03:00,18581.50,18589.50,18578.00,18588.25,703
2026-01-29 09:04:00,18588.25,18589.50,18576.25,18582.25,412
2026-01-29 09:05:00,18582.25,18588.00,18577.25,18584.50,887
2026-01-29 09:06:00,18584.50,18597.50,18581.00,18588.25,755
2026-01-29 09:07:00,18588.25,18592.75,18581.00,18583.25,1285
2026-01-29 09:08:00,18583.25,18587.25,18580.00,18584.00,220
2026-01-29 09:09:00,18584.00,18592.50,18583.50,18588.25,773
2026-01-29 09:10:00,18588.25,18591.25,18579.75,18580.75,368
2026-01-29 09:11:00,18580.75,18581.00,18578.75,18579.00,840
2026-01-29 09:12:00,18579.00,18592.50,18578.50,18588.75,1487
2026-01-29 09:13:00,18588.75,18597.00,18579.50,18585.00,1364
2026-01-29 09:14:00,18585.00,18589.00,18571.00,18574.00,612
2026-01-29 09:15:00,18574.00,18591.00,18572.50,18585.25,881
2026-01-29 09:16:00,18585.25,18587.25,18578.50,18582.00,217
2026-01-29 09:17:00,18582.00,18583.75,18579.75,18582.25,804
2026-01-29 09:18:00,18582.25,18582.75,18573.50,18580.25,925
2026-01-29 09:19:00,18580.25,18590.75,18580.00,18589.50,265
2026-01-29 09:20:00,18589.50,18591.75,18569.50,18572.00,483
2026-01-29 09:21:00,18572.00,18591.25,18569.75,18589.25,460
2026-01-29 09:22:00,18589.25,18591.75,18577.75,18578.75,756
2026-01-29 09:23:00,18578.75,18580.25,18575.00,18576.25,1117
2026-01-29 09:24:00,18576.50,18588.00,18570.50,18582.25,600
2026-01-29 09:25:00,18582.25,18595.75,18580.00,18594.75,1325
2026-01-29 09:26:00,18594.75,18619.00,18586.75,18610.50,461
2026-01-29 09:27:00,18610.50,18619.75,18598.00,18615.25,860
2026-01-29 09:28:00,18615.25,18627.50,18611.50,18627.25,764
2026-01-29 09:29:00,18627.25,18628.50,18625.25,18625.50,1497
2026-01-29 09:30:00,18625.50,18625.75,18605.75,18609.00,593
2026-01-29 09:31:00,18609.00,18610.50,18605.50,18607.00,561
2026-01-29 09:32:00,18607.00,18607.25,18605.50,18605.75,1011
2026-01-29 09:33:00,18605.75,18606.50,18581.00,18582.50,1170
2026-01-29 09:34:00,18582.50,18599.25,18580.50,18598.75,1350
2026-01-29 09:35:00,18598.75,18600.25,18585.75,18586.00,1385
2026-01-29 09:36:00,18586.00,18587.50,18581.25,18581.75,1430
2026-01-29 09:37:00,18581.75,18583.75,18569.75,18570.25,556
2026-01-29 09:38:00,18570.25,18578.50,18569.75,18578.00,937
2026-01-29 09:39:00,18578.00,18590.50,18576.75,18586.00,1222
2026-01-29 09:40:00,18586.00,18587.00,18583.00,18586.50,232
2026-01-29 09:41:00,18586.50,18605.25,18582.50,18600.25,1125
2026-01-29 09:42:00,18600.25,18602.00,18598.75,18601.75,927
2026-01-29 09:43:00,18601.75,18613.00,18601.50,18610.00,1217
2026-01-29 09:44:00,18610.00,18615.50,18605.50,18609.25,932
2026-01-29 09:45:00,18609.25,18623.75,18609.25,18615.00,910
2026-01-29 09:46:00,18615.00,18627.00,18584.25,18587.50,867
2026-01-29 09:47:00,18587.50,18596.50,18576.00,18582.75,531
2026-01-29 09:48:00,18582.75,18584.00,18554.50,18556.00,740
2026-01-29 09:49:00,18556.00,18559.00,18537.50,18540.00,1196
2026-01-29 09:50:00,18540.00,18559.25,18535.50,18557.75,1175
2026-01-29 09:51:00,18557.75,18560.00,18529.00,18540.25,846
2026-01-29 09:52:00,18540.25,18548.25,18514.50,18532.00,1422
2026-01-29 09:53:00,18532.00,18542.75,18523.75,18533.50,280
2026-01-29 09:54:00,18533.50,18538.25,18507.25,18507.75,1383
2026-01-29 09:55:00,18507.75,18522.50,18507.25,18519.50,758
2026-01-29 09:56:00,18519.50,18522.25,18500.00,18508.00,851
2026-01-29 09:57:00,18508.00,18513.75,18477.50,18485.75,325
2026-01-29 09:58:00,18485.75,18495.25,18483.50,18484.50,742
2026-01-29 09:59:00,18484.50,18486.00,18473.75,18476.00,991
2026-01-29 10:00:00,18476.00,18484.50,18470.75,18483.75,884
2026-01-29 10:01:00,18483.75,18491.50,18462.25,18463.25,1403
2026-01-29 10:02:00,18463.25,18470.25,18448.00,18449.00,222
2026-01-29 10:03:00,18449.00,18449.50,18443.50,18449.00,1357
2026-01-29 10:04:00,18449.00,18453.25,18434.50,18438.75,843
2026-01-29 10:05:00,18438.75,18439.50,18430.00,18434.00,1120
2026-01-29 10:06:00,18434.00,18438.00,18426.00,18427.25,523
2026-01-29 10:07:00,18427.25,18437.50,18414.25,18421.75,1023
2026-01-29 10:08:00,18421.75,18429.25,18394.50,18394.50,1068
2026-01-29 10:09:00,18394.50,18412.00,18394.25,18407.75,371
2026-01-29 10:10:00,18407.75,18414.25,18402.50,18409.25,1249
2026-01-29 10:11:00,18409.25,18413.50,18407.25,18410.00,409
2026-01-29 10:12:00,18410.00,18420.00,18400.00,18400.50,1236
2026-01-29 10:13:00,18400.50,18420.75,18396.25,18417.00,469
2026-01-29 10:14:00,18417.00,18419.00,18399.25,18404.00,573
2026-01-29 10:15:00,18404.00,18418.00,18399.00,18417.50,485
2026-01-29 10:16:00,18417.50,18422.25,18413.00,18422.25,1272
2026-01-29 10:17:00,18422.25,18431.00,18392.00,18394.75,783
2026-01-29 10:18:00,18394.75,18409.50,18391.25,18409.25,652
2026-01-29 10:19:00,18409.25,18420.25,18399.25,18419.50,1241
2026-01-29 10:20:00,18419.50,18425.75,18389.50,18392.50,869
2026-01-29 10:21:00,18392.50,18415.75,18384.00,18414.25,650
2026-01-29 10:22:00,18414.25,18414.50,18408.00,18411.25,952
2026-01-29 10:23:00,18411.25,18414.75,18407.50,18410.50,885
2026-01-29 10:24:00,18410.50,18414.00,18407.00,18407.75,740
2026-01-29 10:25:00,18407.75,18412.50,18400.25,18403.00,1130
2026-01-29 10:26:00,18403.00,18404.00,18373.75,18386.00,1266
2026-01-29 10:27:00,18386.00,18409.00,18385.00,18405.75,321
2026-01-29 10:28:00,18405.75,18408.50,18397.75,18408.25,1454
2026-01-29 10:29:00,18408.25,18422.75,18405.25,18418.25,1131
2026-01-29 10:30:00,18418.25,18424.75,18399.00,18403.00,238
2026-01-29 10:31:00,18403.00,18417.25,18402.25,18416.00,436
2026-01-29 10:32:00,18416.00,18418.25,18404.00,18405.50,1466
2026-01-29 10:33:00,18405.50,18410.50,18401.75,18407.00,1169
2026-01-29 10:34:00,18407.00,18408.75,18404.50,18405.00,1046
2026-01-29 10:35:00,18405.00,18426.00,18403.75,18416.00,295
2026-01-29 10:36:00,18416.00,18417.25,18400.25,18403.75,979
2026-01-29 10:37:00,18403.75,18418.50,18401.25,18406.25,1130
2026-01-29 10:38:00,18406.25,18409.50,18393.25,18397.75,1413
2026-01-29 10:39:00,18397.75,18419.75,18391.25,18418.25,279
2026-01-29 10:40:00,18418.25,18425.00,18415.50,18421.00,1143
2026-01-29 10:41:00,18421.00,18425.00,18418.50,18421.75,1248
2026-01-29 10:42:00,18421.75,18426.50,18399.00,18399.25,1041
2026-01-29 10:43:00,18399.25,18400.50,18396.75,18400.50,1406
2026-01-29 10:44:00,18400.50,18413.25,18394.00,18411.25,697
2026-01-29 10:45:00,18411.25,18412.75,18389.50,18391.75,563
2026-01-29 10:46:00,18391.75,18404.50,18382.00,18399.00,690
2026-01-29 10:47:00,18399.00,18399.50,18389.50,18396.00,1108
2026-01-29 10:48:00,18396.00,18408.50,18394.00,18408.25,389
2026-01-29 10:49:00,18408.25,18409.50,18401.25,18402.50,910
2026-01-29 10:50:00,18402.50,18424.25,18398.50,18416.25,558
2026-01-29 10:51:00,18416.25,18416.75,18400.75,18403.50,1033
2026-01-29 10:52:00,18403.50,18405.50,18398.25,18401.00,1257
2026-01-29 10:53:00,18401.00,18416.00,18398.00,18415.50,386
2026-01-29 10:54:00,18415.50,18416.00,18390.50,18400.00,927
2026-01-29 10:55:00,18400.00,18412.25,18396.00,18408.25,746
2026-01-29 10:56:00,18408.25,18414.50,18400.50,18413.00,1378
2026-01-29 10:57:00,18413.00,18414.50,18406.50,18407.50,1464
2026-01-29 10:58:00,18407.50,18410.00,18403.00,18405.50,562
2026-01-29 10:59:00,18405.50,18412.75,18395.50,18400.25,920
2026-01-29 11:00:00,18400.25,18421.75,18395.75,18417.00,852
2026-01-29 11:01:00,18417.00,18417.75,18407.25,18412.25,1042
2026-01-29 11:02:00,18412.25,18419.50,18400.75,18404.75,1234
2026-01-29 11:03:00,18404.75,18416.75,18399.75,18413.00,234
2026-01-29 11:04:00,18413.00,18417.00,18394.25,18397.75,807
2026-01-29 11:05:00,18397.75,18412.75,18395.50,18410.75,425
2026-01-29 11:06:00,18410.75,18421.25,18397.00,18397.25,830
2026-01-29 11:07:00,18397.25,18412.75,18393.50,18409.00,621
2026-01-29 11:08:00,18409.00,18410.25,18396.25,18397.00,636
2026-01-29 11:09:00,18397.00,18397.25,18391.50,18396.50,523
2026-01-29 11:10:00,18396.50,18407.00,18388.25,18404.75,579
2026-01-29 11:11:00,18404.75,18425.75,18400.00,18423.75,968
2026-01-29 11:12:00,18423.75,18430.00,18394.50,18400.25,957
2026-01-29 11:13:00,18400.25,18402.50,18398.25,18400.50,750
2026-01-29 11:14:00,18400.50,18405.50,18391.75,18397.75,1142
2026-01-29 11:15:00,18397.75,18411.00,18385.25,18410.75,1134
2026-01-29 11:16:00,18410.75,18415.25,18408.00,18413.00,1082
2026-01-29 11:17:00,18413.00,18418.00,18396.75,18397.75,712
2026-01-29 11:18:00,18397.75,18408.25,18396.50,18407.75,1060
2026-01-29 11:19:00,18407.75,18410.00,18400.25,18401.00,746
2026-01-29 11:20:00,18401.00,18401.75,18386.50,18391.25,1139
2026-01-29 11:21:00,18391.25,18408.25,18385.75,18408.25,869
2026-01-29 11:22:00,18408.25,18421.50,18404.00,18412.75,1379
2026-01-29 11:23:00,18412.75,18416.25,18385.75,18386.75,206
2026-01-29 11:24:00,18386.75,18401.25,18386.25,18398.50,1035
2026-01-29 11:25:00,18398.50,18410.75,18398.25,18405.50,1344
2026-01-29 11:26:00,18405.50,18428.25,18402.75,18422.50,577
2026-01-29 11:27:00,18422.50,18423.75,18399.25,18405.00,837
2026-01-29 11:28:00,18405.00,18413.75,18394.75,18412.25,1364
2026-01-29 11:29:00,18412.25,18412.75,18395.00,18396.00,772
2026-01-29 11:30:00,18396.00,18406.00,18389.25,18400.75,1494
2026-01-29 11:31:00,18400.75,18416.25,18399.75,18414.50,226
2026-01-29 11:32:00,18414.50,18418.25,18401.25,18401.75,656
2026-01-29 11:33:00,18401.75,18407.50,18394.00,18399.75,1198
2026-01-29 11:34:00,18399.75,18405.75,18396.50,18400.50,1295
2026-01-29 11:35:00,18400.50,18411.25,18397.75,18409.25,1403
2026-01-29 11:36:00,18409.25,18416.00,18393.50,18399.75,485
2026-01-29 11:37:00,18399.75,18401.25,18387.00,18391.50,1060
2026-01-29 11:38:00,18391.50,18406.00,18389.75,18398.50,1402
2026-01-29 11:39:00,18398.50,18399.50,18393.50,18398.50,630
2026-01-29 11:40:00,18398.50,18413.75,18396.00,18413.00,661
2026-01-29 11:41:00,18413.00,18413.75,18404.75,18404.75,754
2026-01-29 11:42:00,18404.75,18411.00,18396.50,18408.75,1123
2026-01-29 11:43:00,18408.75,18410.75,18394.75,18395.00,512
2026-01-29 11:44:00,18395.00,18429.75,18391.25,18420.75,537
2026-01-29 11:45:00,18420.75,18424.25,18409.00,18410.75,1398
2026-01-29 11:46:00,18410.75,18416.00,18393.00,18399.50,1409
2026-01-29 11:47:00,18399.50,18409.50,18397.25,18405.50,440
2026-01-29 11:48:00,18405.50,18422.50,18403.00,18415.50,957
2026-01-29 11:49:00,18415.50,18416.25,18401.75,18402.75,391
2026-01-29 11:50:00,18402.75,18407.00,18377.50,18388.25,832
2026-01-29 11:51:00,18388.25,18398.25,18386.50,18397.00,1063
2026-01-29 11:52:00,18397.00,18418.00,18395.00,18414.75,264
2026-01-29 11:53:00,18414.75,18424.00,18411.50,18423.00,1057
2026-01-29 11:54:00,18423.00,18427.00,18407.75,18414.75,667
2026-01-29 11:55:00,18414.75,18416.00,18389.50,18391.25,303
2026-01-29 11:56:00,18391.25,18402.75,18388.00,18396.25,213
2026-01-29 11:57:00,18396.25,18397.00,18391.25,18393.00,411
2026-01-29 11:58:00,18393.00,18417.50,18389.25,18412.50,476
2026-01-29 11:59:00,18412.50,18413.50,18397.00,18399.50,1068
2026-01-29 12:00:00,18399.50,18406.50,18387.50,18393.00,1431
2026-01-29 12:01:00,18393.00,18409.00,18391.75,18408.25,375
2026-01-29 12:02:00,18408.25,18416.25,18405.00,18414.00,299
2026-01-29 12:03:00,18414.00,18423.00,18387.25,18388.00,1492
2026-01-29 12:04:00,18388.00,18415.50,18376.50,18414.75,1317
2026-01-29 12:05:00,18414.75,18425.50,18405.75,18405.75,1090
2026-01-29 12:06:00,18405.75,18427.00,18404.75,18421.75,1131
2026-01-29 12:07:00,18421.75,18426.25,18397.75,18398.50,798
2026-01-29 12:08:00,18398.50,18405.50,18393.50,18404.50,1295
2026-01-29 12:09:00,18404.50,18404.75,18386.00,18403.25,1197
2026-01-29 12:10:00,18403.25,18406.75,18397.50,18398.25,737
2026-01-29 12:11:00,18398.25,18401.00,18394.50,18400.00,424
2026-01-29 12:12:00,18400.00,18425.50,18399.00,18421.75,1367
2026-01-29 12:13:00,18421.75,18421.75,18394.50,18395.50,1433
2026-01-29 12:14:00,18395.50,18417.75,18393.50,18414.75,935
2026-01-29 12:15:00,18414.75,18418.25,18395.75,18401.25,1050
2026-01-29 12:16:00,18401.25,18402.50,18400.25,18400.75,1189
2026-01-29 12:17:00,18400.75,18403.00,18397.00,18401.25,374
2026-01-29 12:18:00,18401.25,18408.25,18399.00,18403.75,1209
2026-01-29 12:19:00,18403.75,18408.75,18399.50,18399.75,1433
2026-01-29 12:20:00,18399.75,18411.50,18397.50,18408.00,217
2026-01-29 12:21:00,18408.00,18409.75,18394.25,18396.00,517
2026-01-29 12:22:00,18396.00,18434.00,18390.75,18423.25,353
2026-01-29 12:23:00,18423.25,18429.00,18405.25,18407.75,1278
2026-01-29 12:24:00,18407.75,18429.00,18406.25,18422.25,1135
2026-01-29 12:25:00,18422.25,18423.00,18400.00,18405.00,826
2026-01-29 12:26:00,18405.00,18410.00,18401.00,18402.25,325
2026-01-29 12:27:00,18402.25,18416.25,18401.25,18406.75,1463
2026-01-29 12:28:00,18406.75,18408.50,18392.25,18392.75,855
2026-01-29 12:29:00,18392.75,18412.75,18388.00,18407.50,989
2026-01-29 12:30:00,18407.50,18415.50,18404.50,18413.50,1245
2026-01-29 12:31:00,18413.50,18416.00,18394.75,18400.75,971
2026-01-29 12:32:00,18400.75,18410.75,18397.25,18404.75,319
2026-01-29 12:33:00,18404.75,18411.25,18396.75,18408.00,342
2026-01-29 12:34:00,18408.00,18409.00,18405.50,18405.50,1321
2026-01-29 12:35:00,18405.50,18406.75,18393.00,18397.75,745
2026-01-29 12:36:00,18397.75,18400.75,18393.75,18399.75,282
2026-01-29 12:37:00,18399.75,18401.75,18387.00,18393.25,1453
2026-01-29 12:38:00,18393.25,18417.00,18393.00,18416.75,1433
2026-01-29 12:39:00,18416.75,18422.50,18398.25,18403.00,672
2026-01-29 12:40:00,18403.00,18418.75,18401.25,18408.50,1058
2026-01-29 12:41:00,18408.50,18409.25,18400.50,18403.75,996
2026-01-29 12:42:00,18403.75,18413.75,18403.50,18408.00,750
2026-01-29 12:43:00,18408.00,18411.25,18405.50,18406.50,1349
2026-01-29 12:44:00,18406.50,18417.00,18400.25,18405.50,455
2026-01-29 12:45:00,18405.50,18415.00,18389.00,18396.25,830
2026-01-29 12:46:00,18396.25,18408.25,18389.75,18404.50,1041
2026-01-29 12:47:00,18404.50,18411.75,18394.50,18403.00,619
2026-01-29 12:48:00,18403.00,18404.50,18392.50,18402.25,319
2026-01-29 12:49:00,18402.25,18410.00,18401.50,18406.50,1012
2026-01-29 12:50:00,18406.50,18416.50,18403.25,18409.00,1446
2026-01-29 12:51:00,18409.00,18409.25,18402.25,18402.75,589
2026-01-29 12:52:00,18402.75,18415.00,18397.00,18406.00,1073
2026-01-29 12:53:00,18406.00,18413.25,18397.00,18399.25,1113
2026-01-29 12:54:00,18399.25,18409.25,18397.00,18405.00,494
2026-01-29 12:55:00,18405.00,18408.75,18395.75,18401.75,335
2026-01-29 12:56:00,18401.75,18407.25,18396.50,18405.50,1464
2026-01-29 12:57:00,18405.50,18412.00,18404.50,18405.25,1189
2026-01-29 12:58:00,18405.25,18412.50,18395.25,18398.50,270
2026-01-29 12:59:00,18398.50,18411.75,18395.50,18398.00,1074
2026-01-29 13:00:00,18398.00,18413.25,18397.50,18409.75,1055
2026-01-29 13:01:00,18409.75,18411.00,18392.00,18399.25,791
2026-01-29 13:02:00,18399.25,18405.00,18390.00,18393.00,1216
2026-01-29 13:03:00,18393.00,18414.75,18392.75,18410.75,724
2026-01-29 13:04:00,18410.75,18417.75,18403.50,18405.50,1376
2026-01-29 13:05:00,18405.50,18411.50,18391.25,18400.00,774
2026-01-29 13:06:00,18400.00,18410.50,18396.50,18406.50,216
2026-01-29 13:07:00,18406.50,18410.25,18401.75,18403.75,884
2026-01-29 13:08:00,18403.75,18405.25,18397.00,18398.25,230
2026-01-29 13:09:00,18398.25,18408.75,18397.50,18405.00,1234
2026-01-29 13:10:00,18405.00,18405.50,18395.25,18403.00,491
2026-01-29 13:11:00,18403.00,18403.50,18397.50,18399.50,458
2026-01-29 13:12:00,18399.50,18419.25,18398.25,18412.00,504
2026-01-29 13:13:00,18412.00,18421.00,18391.25,18396.50,831
2026-01-29 13:14:00,18396.50,18410.25,18385.25,18408.25,570
2026-01-29 13:15:00,18408.25,18408.50,18403.00,18407.00,1093
2026-01-29 13:16:00,18407.00,18412.00,18385.25,18392.50,1248
2026-01-29 13:17:00,18392.50,18409.75,18385.75,18408.00,985
2026-01-29 13:18:00,18408.00,18416.00,18397.00,18399.25,557
2026-01-29 13:19:00,18399.25,18401.25,18384.75,18388.50,1339
2026-01-29 13:20:00,18388.50,18427.25,18388.00,18417.25,280
2026-01-29 13:21:00,18417.25,18418.25,18398.50,18406.00,1139
2026-01-29 13:22:00,18406.00,18410.50,18396.00,18400.50,986
2026-01-29 13:23:00,18400.50,18413.25,18397.75,18408.25,518
2026-01-29 13:24:00,18408.25,18412.00,18393.75,18405.75,715
2026-01-29 13:25:00,18405.75,18414.00,18402.00,18403.25,1012
2026-01-29 13:26:00,18403.25,18404.25,18395.75,18403.75,268
2026-01-29 13:27:00,18403.75,18407.25,18397.00,18405.75,457
2026-01-29 13:28:00,18405.75,18409.00,18394.00,18396.25,768
2026-01-29 13:29:00,18396.25,18411.75,18395.00,18407.00,1418
2026-01-29 13:30:00,18407.00,18407.25,18397.25,18399.25,440
2026-01-29 13:31:00,18399.25,18414.25,18393.50,18409.00,493
2026-01-29 13:32:00,18409.00,18409.75,18380.00,18385.75,565
2026-01-29 13:33:00,18385.75,18408.00,18381.25,18407.00,222
2026-01-29 13:34:00,18407.00,18407.25,18396.50,18398.25,632
2026-01-29 13:35:00,18398.25,18416.75,18395.00,18413.00,1126
2026-01-29 13:36:00,18413.00,18417.00,18395.00,18402.25,1384
2026-01-29 13:37:00,18402.25,18409.75,18395.75,18406.00,1438
2026-01-29 13:38:00,18406.00,18415.75,18402.50,18409.75,1173
2026-01-29 13:39:00,18409.75,18410.25,18388.00,18388.50,361
2026-01-29 13:40:00,18388.50,18397.50,18385.75,18395.00,1497
2026-01-29 13:41:00,18395.00,18405.25,18388.75,18402.50,531
2026-01-29 13:42:00,18402.50,18407.50,18384.00,18384.50,414
2026-01-29 13:43:00,18384.50,18394.75,18380.00,18393.00,508
2026-01-29 13:44:00,18393.00,18408.00,18385.25,18405.25,548
2026-01-29 13:45:00,18405.25,18414.75,18398.50,18399.75,1427
2026-01-29 13:46:00,18399.75,18405.25,18398.00,18404.75,1276
2026-01-29 13:47:00,18404.75,18408.00,18395.25,18396.50,914
2026-01-29 13:48:00,18396.50,18411.50,18392.00,18404.50,1003
2026-01-29 13:49:00,18404.50,18405.75,18395.25,18401.25,510
2026-01-29 13:50:00,18401.25,18415.25,18395.75,18414.00,289
2026-01-29 13:51:00,18414.00,18415.75,18406.25,18410.00,1225
2026-01-29 13:52:00,18410.00,18415.25,18405.25,18412.75,765
2026-01-29 13:53:00,18412.75,18413.50,18401.25,18402.50,1109
2026-01-29 13:54:00,18402.50,18423.25,18398.75,18419.25,989
2026-01-29 13:55:00,18419.25,18422.25,18394.75,18396.50,1425
2026-01-29 13:56:00,18396.50,18403.75,18396.25,18403.75,595
2026-01-29 13:57:00,18403.75,18413.00,18390.75,18397.75,226
2026-01-29 13:58:00,18397.75,18408.25,18394.00,18403.50,1410
2026-01-29 13:59:00,18403.50,18409.25,18399.25,18405.75,1030
2026-01-29 14:00:00,18405.75,18406.75,18388.50,18395.00,856
2026-01-29 14:01:00,18395.00,18424.00,18391.00,18419.00,1443
2026-01-29 14:02:00,18419.00,18422.25,18394.25,18395.50,521
2026-01-29 14:03:00,18395.50,18410.75,18392.50,18402.25,1376
2026-01-29 14:04:00,18402.25,18419.25,18396.75,18408.00,360
2026-01-29 14:05:00,18408.00,18408.75,18385.25,18397.75,453
2026-01-29 14:06:00,18397.75,18399.50,18389.00,18391.50,1223
2026-01-29 14:07:00,18391.50,18411.25,18388.75,18408.25,914
2026-01-29 14:08:00,18408.25,18410.00,18400.25,18407.00,1464
2026-01-29 14:09:00,18407.00,18415.50,18395.00,18397.25,1441
2026-01-29 14:10:00,18397.25,18403.00,18393.00,18396.00,909
2026-01-29 14:11:00,18396.00,18399.00,18381.50,18387.25,1327
2026-01-29 14:12:00,18387.25,18408.00,18380.75,18398.75,1045
2026-01-29 14:13:00,18398.75,18400.25,18387.00,18392.75,294
2026-01-29 14:14:00,18392.75,18400.75,18390.75,18397.50,1177
2026-01-29 14:15:00,18397.50,18401.75,18389.75,18399.50,1464
2026-01-29 14:16:00,18399.50,18417.50,18396.75,18416.00,303
2026-01-29 14:17:00,18416.00,18425.25,18398.25,18400.25,1022
2026-01-29 14:18:00,18400.25,18404.50,18391.25,18400.00,1223
2026-01-29 14:19:00,18400.00,18407.25,18397.00,18400.00,1421
2026-01-29 14:20:00,18400.00,18400.25,18392.50,18396.25,1467
2026-01-29 14:21:00,18396.25,18406.75,18382.50,18383.75,1112
2026-01-29 14:22:00,18383.75,18407.25,18383.00,18400.00,927
2026-01-29 14:23:00,18400.00,18405.00,18388.50,18396.50,1199
2026-01-29 14:24:00,18396.50,18398.25,18384.75,18393.25,1202
2026-01-29 14:25:00,18393.25,18398.75,18389.00,18398.25,792
2026-01-29 14:26:00,18398.25,18417.50,18397.00,18415.00,335
2026-01-29 14:27:00,18415.00,18421.75,18412.00,18412.25,1496
2026-01-29 14:28:00,18412.25,18412.25,18397.75,18404.75,843
2026-01-29 14:29:00,18404.75,18412.25,18396.50,18407.75,1007
2026-01-29 14:30:00,18407.75,18411.75,18392.50,18393.75,784
2026-01-29 14:31:00,18393.75,18402.75,18389.50,18400.50,344
2026-01-29 14:32:00,18400.50,18411.25,18391.00,18394.75,598
2026-01-29 14:33:00,18394.75,18401.00,18393.00,18399.75,1345
2026-01-29 14:34:00,18399.75,18416.25,18397.50,18415.25,648
2026-01-29 14:35:00,18415.25,18421.25,18386.25,18392.25,807
2026-01-29 14:36:00,18392.25,18395.75,18384.50,18393.75,1284
2026-01-29 14:37:00,18393.75,18402.00,18393.75,18401.00,798
2026-01-29 14:38:00,18401.00,18406.00,18393.50,18398.50,618
2026-01-29 14:39:00,18398.50,18400.00,18381.75,18387.75,243
2026-01-29 14:40:00,18387.75,18398.00,18387.25,18395.25,458
2026-01-29 14:41:00,18395.25,18402.25,18392.50,18397.00,580
2026-01-29 14:42:00,18397.00,18398.50,18391.50,18397.00,647
2026-01-29 14:43:00,18397.00,18405.75,18395.75,18403.00,1438
2026-01-29 14:44:00,18403.00,18414.50,18388.50,18389.75,1103
2026-01-29 14:45:00,18389.75,18394.00,18388.00,18391.50,697
2026-01-29 14:46:00,18391.50,18404.25,18388.50,18404.00,1339
2026-01-29 14:47:00,18404.00,18406.25,18394.00,18397.50,1388
2026-01-29 14:48:00,18397.50,18399.50,18381.75,18389.00,519
2026-01-29 14:49:00,18389.00,18406.25,18386.50,18405.00,1249
2026-01-29 14:50:00,18405.00,18408.00,18391.00,18397.50,258
2026-01-29 14:51:00,18397.50,18402.00,18391.00,18398.75,655
2026-01-29 14:52:00,18398.75,18412.50,18394.50,18409.00,1352
2026-01-29 14:53:00,18409.00,18421.75,18405.25,18417.25,770
2026-01-29 14:54:00,18417.25,18419.75,18382.50,18387.50,743
2026-01-29 14:55:00,18387.50,18401.00,18384.00,18400.75,601
2026-01-29 14:56:00,18400.75,18405.00,18393.50,18398.50,847
2026-01-29 14:57:00,18398.50,18403.25,18391.00,18399.25,1480
2026-01-29 14:58:00,18399.25,18404.25,18396.00,18403.00,573
2026-01-29 14:59:00,18403.00,18409.25,18399.00,18403.00,440
2026-01-29 15:00:00,18403.00,18415.75,18395.75,18413.75,511
2026-01-29 15:01:00,18413.75,18414.50,18386.25,18387.00,889
2026-01-29 15:02:00,18387.00,18389.00,18386.25,18386.50,449
2026-01-29 15:03:00,18386.50,18388.50,18375.50,18387.00,1088
2026-01-29 15:04:00,18387.00,18401.25,18384.25,18399.75,995
2026-01-29 15:05:00,18399.75,18413.50,18389.00,18400.75,1154
2026-01-29 15:06:00,18400.75,18408.25,18396.00,18407.00,543
2026-01-29 15:07:00,18407.00,18421.50,18390.50,18400.00,1046
2026-01-29 15:08:00,18400.00,18403.75,18392.00,18401.50,504
2026-01-29 15:09:00,18401.50,18402.50,18387.75,18390.50,761
2026-01-29 15:10:00,18390.50,18400.25,18386.50,18396.50,1040
2026-01-29 15:11:00,18396.50,18406.00,18387.00,18398.75,1373
2026-01-29 15:12:00,18398.75,18405.50,18397.25,18403.75,1010
2026-01-29 15:13:00,18403.75,18404.25,18387.75,18394.75,734
2026-01-29 15:14:00,18394.75,18410.25,18392.25,18405.75,680
2026-01-29 15:15:00,18405.75,18411.25,18379.25,18389.25,544
2026-01-29 15:16:00,18389.25,18407.75,18389.00,18405.75,1000
2026-01-29 15:17:00,18405.75,18415.25,18370.25,18377.75,279
2026-01-29 15:18:00,18377.75,18395.00,18377.75,18390.00,583
2026-01-29 15:19:00,18390.00,18424.50,18386.25,18406.75,747
2026-01-29 15:20:00,18406.75,18409.00,18397.00,18399.50,339
2026-01-29 15:21:00,18399.50,18402.75,18392.00,18393.75,431
2026-01-29 15:22:00,18393.75,18401.25,18391.00,18397.25,948
2026-01-29 15:23:00,18397.25,18401.00,18397.25,18400.50,258
2026-01-29 15:24:00,18400.50,18409.00,18388.50,18404.00,564
2026-01-29 15:25:00,18404.00,18405.00,18385.00,18390.00,621
2026-01-29 15:26:00,18390.00,18405.75,18388.25,18398.50,1223
2026-01-29 15:27:00,18398.50,18405.50,18395.00,18403.75,583
2026-01-29 15:28:00,18403.75,18406.50,18393.25,18395.00,1131
2026-01-29 15:29:00,18395.00,18398.00,18392.50,18393.50,429
2026-01-29 15:30:00,18393.50,18394.50,18386.75,18392.25,1228
2026-01-29 15:31:00,18392.25,18393.75,18386.25,18392.75,815
2026-01-29 15:32:00,18392.75,18400.25,18388.50,18389.50,1182
2026-01-29 15:33:00,18389.50,18400.75,18383.00,18397.75,237
2026-01-29 15:34:00,18397.75,18404.75,18392.75,18404.75,604
2026-01-29 15:35:00,18404.75,18406.00,18403.75,18404.50,1448
2026-01-29 15:36:00,18404.50,18413.25,18402.00,18403.25,1015
2026-01-29 15:37:00,18403.25,18409.00,18399.25,18401.50,1329
2026-01-29 15:38:00,18401.50,18405.50,18396.50,18400.25,1456
2026-01-29 15:39:00,18400.25,18402.25,18389.00,18395.75,232
2026-01-29 15:40:00,18395.75,18397.25,18387.75,18390.25,351
2026-01-29 15:41:00,18390.25,18405.50,18390.00,18402.50,1449
2026-01-29 15:42:00,18402.50,18405.25,18387.50,18388.00,763
2026-01-29 15:43:00,18388.00,18397.00,18386.50,18391.00,671
2026-01-29 15:44:00,18391.00,18410.00,18383.00,18403.50,1075
2026-01-29 15:45:00,18403.50,18409.50,18399.75,18402.75,864
2026-01-29 15:46:00,18402.75,18405.50,18398.00,18404.50,705
2026-01-29 15:47:00,18404.50,18404.75,18387.25,18388.00,1372
2026-01-29 15:48:00,18388.00,18410.50,18386.25,18400.75,484
2026-01-29 15:49:00,18400.75,18403.00,18397.25,18398.25,918
2026-01-29 15:50:00,18398.25,18404.00,18394.50,18401.00,287
2026-01-29 15:51:00,18401.00,18413.00,18397.50,18406.00,268
2026-01-29 15:52:00,18406.00,18408.75,18393.25,18398.25,939
2026-01-29 15:53:00,18398.25,18402.25,18376.25,18387.75,1026
2026-01-29 15:54:00,18387.75,18400.25,18383.75,18395.75,1285
2026-01-29 15:55:00,18395.75,18398.00,18386.25,18389.25,648
2026-01-29 15:56:00,18389.25,18393.25,18376.75,18385.25,992
2026-01-29 15:57:00,18385.25,18407.25,18382.00,18400.50,347
2026-01-29 15:58:00,18400.50,18401.00,18385.00,18391.00,1401
2026-01-29 15:59:00,18391.00,18396.50,18383.00,18391.50,1090
2026-01-30 08:00:00,18500.00,18513.00,18498.00,18510.25,838
2026-01-30 08:01:00,18510.25,18511.50,18489.75,18490.25,973
2026-01-30 08:02:00,18490.25,18507.75,18484.75,18507.00,1113
2026-01-30 08:03:00,18507.00,18510.25,18488.75,18492.75,1422
2026-01-30 08:04:00,18492.75,18499.25,18486.75,18497.00,405
2026-01-30 08:05:00,18497.00,18500.00,18491.75,18495.50,904
2026-01-30 08:06:00,18495.50,18510.75,18492.00,18507.25,707
2026-01-30 08:07:00,18507.25,18512.25,18490.50,18490.50,858
2026-01-30 08:08:00,18490.50,18496.00,18486.00,18492.75,522
2026-01-30 08:09:00,18492.75,18495.50,18486.50,18491.75,497
2026-01-30 08:10:00,18491.75,18493.00,18487.25,18489.25,1351
2026-01-30 08:11:00,18489.25,18506.50,18484.25,18503.50,988
2026-01-30 08:12:00,18503.50,18504.00,18484.50,18487.25,527
2026-01-30 08:13:00,18487.25,18506.00,18485.00,18499.75,430
2026-01-30 08:14:00,18499.75,18504.25,18498.50,18504.25,1024
2026-01-30 08:15:00,18504.25,18510.75,18493.00,18495.00,1033
2026-01-30 08:16:00,18495.00,18499.25,18493.00,18499.00,860
2026-01-30 08:17:00,18499.00,18503.75,18493.75,18494.00,234
2026-01-30 08:18:00,18494.00,18505.25,18493.25,18500.75,1312
2026-01-30 08:19:00,18500.75,18501.50,18497.00,18498.75,903
2026-01-30 08:20:00,18498.75,18500.50,18494.00,18495.00,306
2026-01-30 08:21:00,18495.00,18512.75,18493.75,18510.00,1314
2026-01-30 08:22:00,18510.00,18515.25,18490.75,18494.00,1080
2026-01-30 08:23:00,18494.00,18501.25,18492.75,18499.25,261
2026-01-30 08:24:00,18499.25,18503.25,18497.50,18499.50,631
2026-01-30 08:25:00,18499.50,18505.25,18498.25,18501.00,1077
2026-01-30 08:26:00,18501.00,18503.00,18498.00,18499.75,492
2026-01-30 08:27:00,18499.75,18501.75,18489.00,18490.75,981
2026-01-30 08:28:00,18490.75,18506.00,18485.50,18500.00,879
2026-01-30 08:29:00,18500.00,18505.75,18495.50,18501.00,1462
2026-01-30 08:30:00,18501.00,18507.75,18496.00,18505.25,1351
2026-01-30 08:31:00,18505.25,18507.25,18494.75,18494.75,468
2026-01-30 08:32:00,18494.75,18498.50,18493.50,18497.50,1367
2026-01-30 08:33:00,18497.50,18503.75,18493.50,18501.25,539
2026-01-30 08:34:00,18501.25,18519.75,18497.00,18508.50,1312
2026-01-30 08:35:00,18508.50,18510.25,18491.00,18493.75,431
2026-01-30 08:36:00,18493.75,18499.75,18486.25,18490.50,724
2026-01-30 08:37:00,18490.50,18502.50,18489.50,18501.50,857
2026-01-30 08:38:00,18501.50,18503.75,18482.25,18489.25,631
2026-01-30 08:39:00,18489.25,18493.50,18488.25,18493.25,209
2026-01-30 08:40:00,18493.25,18507.50,18492.75,18503.25,711
2026-01-30 08:41:00,18503.25,18504.75,18473.50,18486.50,939
2026-01-30 08:42:00,18486.50,18502.75,18484.50,18501.25,993
2026-01-30 08:43:00,18501.25,18509.25,18500.75,18507.00,1033
2026-01-30 08:44:00,18507.00,18507.25,18491.00,18494.50,768
2026-01-30 08:45:00,18494.50,18500.75,18490.00,18494.50,869
2026-01-30 08:46:00,18494.50,18495.00,18487.25,18490.50,1145
2026-01-30 08:47:00,18490.50,18505.75,18486.50,18502.00,1293
2026-01-30 08:48:00,18502.00,18502.50,18493.75,18496.50,1150
2026-01-30 08:49:00,18496.50,18497.75,18484.50,18487.00,1447
2026-01-30 08:50:00,18487.00,18505.25,18486.75,18500.50,514
2026-01-30 08:51:00,18500.50,18504.00,18494.25,18498.75,791
2026-01-30 08:52:00,18498.75,18501.00,18491.75,18499.75,1202
2026-01-30 08:53:00,18499.75,18507.50,18495.75,18503.25,1367
2026-01-30 08:54:00,18503.25,18503.50,18494.00,18500.50,1410
2026-01-30 08:55:00,18500.50,18511.00,18486.50,18492.75,1003
2026-01-30 08:56:00,18492.75,18500.75,18490.50,18495.75,1207
2026-01-30 08:57:00,18495.75,18501.75,18487.75,18492.00,682
2026-01-30 08:58:00,18492.00,18492.50,18485.00,18487.25,599
2026-01-30 08:59:00,18487.25,18498.25,18486.75,18494.00,686
2026-01-30 09:00:00,18494.00,18498.50,18490.00,18490.50,829
2026-01-30 09:01:00,18490.50,18495.00,18486.75,18493.50,917
2026-01-30 09:02:00,18493.50,18497.50,18491.00,18495.50,1023
2026-01-30 09:03:00,18495.50,18499.00,18491.50,18495.25,649
2026-01-30 09:04:00,18495.25,18495.50,18490.25,18490.50,574
2026-01-30 09:05:00,18490.50,18499.00,18489.75,18495.00,652
2026-01-30 09:06:00,18495.00,18500.00,18487.50,18494.50,1347
2026-01-30 09:07:00,18494.50,18498.00,18485.25,18488.50,244
2026-01-30 09:08:00,18488.50,18500.25,18487.00,18497.25,1040
2026-01-30 09:09:00,18497.25,18497.25,18490.25,18496.00,1103
2026-01-30 09:10:00,18496.00,18497.00,18493.50,18495.00,605
2026-01-30 09:11:00,18495.00,18498.75,18483.00,18483.50,1071
2026-01-30 09:12:00,18483.50,18493.75,18478.00,18488.00,748
2026-01-30 09:13:00,18488.00,18492.75,18482.75,18490.75,1037
2026-01-30 09:14:00,18490.75,18495.75,18475.25,18476.25,1305
2026-01-30 09:15:00,18476.25,18492.50,18474.00,18492.50,1351
2026-01-30 09:16:00,18492.50,18501.50,18489.00,18498.25,1421
2026-01-30 09:17:00,18498.25,18498.75,18489.25,18491.25,730
2026-01-30 09:18:00,18491.25,18504.25,18488.00,18502.25,844
2026-01-30 09:19:00,18502.25,18503.00,18492.00,18495.00,568
2026-01-30 09:20:00,18495.00,18501.25,18494.75,18501.00,1492
2026-01-30 09:21:00,18501.00,18502.75,18487.00,18492.25,601
2026-01-30 09:22:00,18492.25,18500.25,18492.00,18493.50,1358
2026-01-30 09:23:00,18493.50,18501.00,18491.25,18500.75,1349
2026-01-30 09:24:00,18500.75,18507.00,18494.75,18496.25,670
2026-01-30 09:25:00,18496.25,18496.50,18493.50,18494.25,978
2026-01-30 09:26:00,18494.25,18500.00,18490.25,18492.50,1079
2026-01-30 09:27:00,18492.50,18494.25,18487.75,18489.00,1148
2026-01-30 09:28:00,18489.00,18500.25,18485.50,18498.50,813
2026-01-30 09:29:00,18498.50,18509.50,18496.75,18507.25,1036
2026-01-30 09:30:00,18507.25,18520.75,18500.50,18516.75,657
2026-01-30 09:31:00,18516.75,18527.25,18512.25,18522.75,677
2026-01-30 09:32:00,18522.75,18526.00,18513.75,18524.00,272
2026-01-30 09:33:00,18524.00,18543.25,18520.75,18537.50,1173
2026-01-30 09:34:00,18537.50,18543.50,18526.00,18529.50,718
2026-01-30 09:35:00,18529.50,18530.75,18515.50,18516.00,286
2026-01-30 09:36:00,18516.00,18523.75,18515.25,18521.50,711
2026-01-30 09:37:00,18521.50,18522.75,18500.50,18501.25,417
2026-01-30 09:38:00,18501.25,18502.25,18491.25,18491.75,267
2026-01-30 09:39:00,18491.75,18508.25,18491.25,18508.00,783
2026-01-30 09:40:00,18508.00,18508.50,18476.00,18477.50,1263
2026-01-30 09:41:00,18477.50,18480.00,18474.75,18475.75,1339
2026-01-30 09:42:00,18475.75,18476.75,18459.25,18459.50,1396
2026-01-30 09:43:00,18459.50,18461.00,18458.25,18459.25,1138
2026-01-30 09:44:00,18459.25,18466.00,18458.25,18465.25,1193
2026-01-30 09:45:00,18465.25,18484.00,18460.00,18481.50,674
2026-01-30 09:46:00,18481.50,18487.75,18476.00,18484.75,210
2026-01-30 09:47:00,18484.75,18491.50,18482.50,18488.50,660
2026-01-30 09:48:00,18488.50,18503.25,18485.75,18499.25,506
2026-01-30 09:49:00,18499.25,18514.00,18497.25,18514.00,1385
2026-01-30 09:50:00,18514.00,18521.50,18512.25,18520.50,627
2026-01-30 09:51:00,18520.50,18535.25,18519.25,18533.25,470
2026-01-30 09:52:00,18533.25,18544.00,18513.00,18513.50,1349
2026-01-30 09:53:00,18513.50,18526.50,18488.25,18489.25,1186
2026-01-30 09:54:00,18489.25,18495.25,18487.00,18489.25,928
2026-01-30 09:55:00,18489.25,18493.50,18465.75,18471.75,331
2026-01-30 09:56:00,18471.75,18473.25,18455.00,18462.00,712
2026-01-30 09:57:00,18462.00,18478.50,18455.50,18458.00,1479
2026-01-30 09:58:00,18458.00,18462.25,18454.25,18455.00,616
2026-01-30 09:59:00,18455.00,18463.50,18437.25,18449.75,1341
2026-01-30 10:00:00,18449.75,18457.25,18431.00,18432.00,1080
2026-01-30 10:01:00,18432.00,18439.50,18423.00,18425.00,587
2026-01-30 10:02:00,18425.00,18430.00,18421.25,18427.75,276
2026-01-30 10:03:00,18427.75,18437.00,18403.00,18408.75,545
2026-01-30 10:04:00,18408.75,18413.75,18392.50,18400.75,345
2026-01-30 10:05:00,18400.75,18403.00,18380.50,18389.50,1142
2026-01-30 10:06:00,18389.50,18393.00,18383.75,18384.75,388
2026-01-30 10:07:00,18384.75,18385.25,18377.50,18383.75,864
2026-01-30 10:08:00,18383.75,18386.75,18351.00,18355.50,990
2026-01-30 10:09:00,18355.50,18363.00,18354.25,18356.25,1414
2026-01-30 10:10:00,18356.25,18368.50,18349.25,18363.50,443
2026-01-30 10:11:00,18363.50,18369.25,18332.00,18336.00,1398
2026-01-30 10:12:00,18336.00,18354.00,18332.25,18342.50,1463
2026-01-30 10:13:00,18342.50,18354.75,18332.00,18343.75,1106
2026-01-30 10:14:00,18343.75,18344.00,18315.25,18322.75,200
2026-01-30 10:15:00,18322.75,18330.50,18319.75,18326.50,509
2026-01-30 10:16:00,18326.50,18336.00,18326.25,18329.00,1219
2026-01-30 10:17:00,18329.00,18332.50,18315.75,18322.75,1407
2026-01-30 10:18:00,18322.75,18326.25,18315.50,18318.50,913
2026-01-30 10:19:00,18318.50,18329.50,18317.75,18319.00,1033
2026-01-30 10:20:00,18319.00,18334.25,18318.50,18333.25,1288
2026-01-30 10:21:00,18333.25,18334.75,18304.00,18305.50,729
2026-01-30 10:22:00,18305.50,18324.50,18303.50,18317.00,991
2026-01-30 10:23:00,18317.00,18326.75,18312.75,18326.00,882
2026-01-30 10:24:00,18326.00,18326.50,18320.00,18326.00,214
2026-01-30 10:25:00,18326.00,18327.50,18312.25,18319.75,1356
2026-01-30 10:26:00,18319.75,18324.00,18313.75,18313.75,545
2026-01-30 10:27:00,18313.75,18344.75,18309.50,18342.00,1303
2026-01-30 10:28:00,18342.00,18343.00,18317.00,18322.25,998
2026-01-30 10:29:00,18322.25,18325.75,18315.25,18318.00,1477
2026-01-30 10:30:00,18318.00,18323.75,18312.75,18318.50,301
2026-01-30 10:31:00,18318.50,18335.50,18317.75,18328.75,849
2026-01-30 10:32:00,18328.75,18333.00,18321.75,18331.50,492
2026-01-30 10:33:00,18331.50,18332.50,18311.00,18324.75,1094
2026-01-30 10:34:00,18324.75,18335.75,18315.00,18330.25,1481
2026-01-30 10:35:00,18330.25,18330.75,18308.75,18316.50,712
2026-01-30 10:36:00,18316.50,18324.25,18313.00,18320.75,627
2026-01-30 10:37:00,18320.75,18331.50,18310.75,18326.50,441
2026-01-30 10:38:00,18326.50,18328.25,18326.50,18326.50,742
2026-01-30 10:39:00,18326.50,18330.50,18301.25,18305.25,446
2026-01-30 10:40:00,18305.25,18345.25,18301.50,18339.50,928
2026-01-30 10:41:00,18339.50,18341.25,18305.25,18311.00,1092
2026-01-30 10:42:00,18311.00,18326.75,18309.75,18325.75,1353
2026-01-30 10:43:00,18325.75,18340.00,18321.25,18335.25,228
2026-01-30 10:44:00,18335.25,18344.25,18318.25,18319.00,1187
2026-01-30 10:45:00,18319.00,18329.00,18316.00,18326.50,1443
2026-01-30 10:46:00,18326.50,18330.50,18323.75,18327.25,1306
2026-01-30 10:47:00,18327.25,18337.00,18319.25,18336.50,786
2026-01-30 10:48:00,18336.50,18338.50,18328.50,18331.25,1482
2026-01-30 10:49:00,18331.25,18334.50,18323.75,18333.00,586
2026-01-30 10:50:00,18333.00,18336.75,18327.50,18331.75,1406
2026-01-30 10:51:00,18331.75,18339.25,18321.00,18322.25,649
2026-01-30 10:52:00,18322.25,18338.25,18320.50,18331.75,470
2026-01-30 10:53:00,18331.75,18336.00,18318.25,18321.50,874
2026-01-30 10:54:00,18321.50,18324.75,18308.00,18310.50,679
2026-01-30 10:55:00,18310.50,18324.75,18306.00,18323.75,524
2026-01-30 10:56:00,18323.75,18330.75,18316.75,18321.25,1331
2026-01-30 10:57:00,18321.25,18324.00,18317.00,18324.00,940
2026-01-30 10:58:00,18324.00,18326.50,18312.00,18320.75,598
2026-01-30 10:59:00,18320.75,18336.00,18320.75,18332.00,704
2026-01-30 11:00:00,18332.00,18337.25,18323.50,18333.75,1038
2026-01-30 11:01:00,18333.75,18337.75,18309.75,18314.50,653
2026-01-30 11:02:00,18314.50,18336.75,18313.50,18333.00,405
2026-01-30 11:03:00,18333.00,18339.00,18305.50,18308.25,669
2026-01-30 11:04:00,18308.25,18322.25,18299.50,18315.25,312
2026-01-30 11:05:00,18315.25,18319.75,18314.25,18317.75,1234
2026-01-30 11:06:00,18317.75,18322.50,18310.00,18316.75,1301
2026-01-30 11:07:00,18316.75,18320.00,18310.50,18317.75,1346
2026-01-30 11:08:00,18317.75,18323.50,18317.75,18319.50,976
2026-01-30 11:09:00,18319.50,18332.25,18315.00,18327.50,1003
2026-01-30 11:10:00,18327.50,18336.25,18320.75,18334.25,895
2026-01-30 11:11:00,18334.25,18340.50,18323.75,18324.00,1451
2026-01-30 11:12:00,18324.00,18339.50,18322.00,18329.75,210
2026-01-30 11:13:00,18329.75,18330.00,18319.75,18322.00,721
2026-01-30 11:14:00,18322.00,18337.50,18312.25,18337.50,902
2026-01-30 11:15:00,18337.50,18339.50,18308.00,18313.00,1063
2026-01-30 11:16:00,18313.00,18333.25,18307.25,18325.75,1476
2026-01-30 11:17:00,18325.75,18329.50,18312.00,18322.00,572
2026-01-30 11:18:00,18322.00,18342.25,18320.25,18336.50,636
2026-01-30 11:19:00,18336.50,18340.00,18313.75,18322.00,747
2026-01-30 11:20:00,18322.00,18348.25,18313.00,18340.50,964
2026-01-30 11:21:00,18340.50,18351.25,18328.50,18333.00,551
2026-01-30 11:22:00,18333.00,18334.50,18331.75,18333.50,789
2026-01-30 11:23:00,18333.50,18334.00,18311.25,18314.50,779
2026-01-30 11:24:00,18314.50,18315.00,18305.00,18310.50,1001
2026-01-30 11:25:00,18310.50,18327.25,18308.75,18324.75,394
2026-01-30 11:26:00,18324.75,18328.25,18316.00,18316.50,1258
2026-01-30 11:27:00,18316.50,18324.75,18316.00,18322.00,1321
2026-01-30 11:28:00,18322.00,18328.25,18312.75,18313.25,1006
2026-01-30 11:29:00,18313.25,18322.75,18306.50,18315.75,1241
2026-01-30 11:30:00,18315.75,18316.00,18308.75,18311.25,360
2026-01-30 11:31:00,18311.25,18331.50,18309.50,18326.50,1012
2026-01-30 11:32:00,18326.50,18326.75,18296.25,18304.25,1236
2026-01-30 11:33:00,18304.25,18323.25,18296.25,18322.50,536
2026-01-30 11:34:00,18322.50,18323.00,18317.00,18318.75,1253
2026-01-30 11:35:00,18318.75,18332.25,18317.75,18325.50,1418
2026-01-30 11:36:00,18325.50,18327.25,18304.00,18311.75,606
2026-01-30 11:37:00,18311.75,18315.25,18307.00,18312.25,310
2026-01-30 11:38:00,18312.25,18322.00,18308.75,18321.50,976
2026-01-30 11:39:00,18321.50,18325.00,18311.50,18323.50,1003
2026-01-30 11:40:00,18323.50,18330.25,18318.25,18328.00,216
2026-01-30 11:41:00,18328.00,18335.25,18314.75,18321.75,1113
2026-01-30 11:42:00,18321.75,18333.75,18316.25,18330.75,1441
2026-01-30 11:43:00,18330.75,18341.50,18314.25,18317.75,644
2026-01-30 11:44:00,18317.75,18337.50,18315.50,18336.25,965
2026-01-30 11:45:00,18336.25,18339.50,18304.50,18304.75,251
2026-01-30 11:46:00,18304.75,18337.25,18298.00,18333.00,531
2026-01-30 11:47:00,18333.00,18334.00,18323.00,18325.25,822
2026-01-30 11:48:00,18325.25,18329.00,18309.25,18311.25,673
2026-01-30 11:49:00,18311.25,18330.50,18306.00,18329.50,250
2026-01-30 11:50:00,18329.50,18338.00,18317.75,18325.50,549
2026-01-30 11:51:00,18325.50,18336.00,18321.75,18325.50,237
2026-01-30 11:52:00,18325.50,18326.75,18308.00,18317.25,398
2026-01-30 11:53:00,18317.25,18328.25,18312.50,18325.50,1274
2026-01-30 11:54:00,18325.50,18334.00,18321.00,18327.75,459
2026-01-30 11:55:00,18327.75,18328.50,18320.75,18322.25,1305
2026-01-30 11:56:00,18322.25,18332.25,18314.75,18318.75,219
2026-01-30 11:57:00,18318.75,18325.50,18314.75,18325.00,570
2026-01-30 11:58:00,18325.00,18350.00,18319.75,18346.75,1198
2026-01-30 11:59:00,18346.75,18348.25,18325.00,18325.25,1257
2026-01-30 12:00:00,18325.25,18332.75,18317.75,18327.75,1445
2026-01-30 12:01:00,18327.75,18329.25,18320.75,18323.50,487
2026-01-30 12:02:00,18323.50,18341.00,18320.00,18336.50,1024
2026-01-30 12:03:00,18336.50,18337.00,18315.00,18317.25,499
2026-01-30 12:04:00,18317.25,18320.50,18314.75,18315.50,1291
2026-01-30 12:05:00,18315.50,18330.25,18309.00,18324.50,280
2026-01-30 12:06:00,18324.50,18329.50,18296.50,18314.00,1452
2026-01-30 12:07:00,18314.00,18317.25,18310.25,18316.50,894
2026-01-30 12:08:00,18316.50,18345.50,18311.00,18338.75,316
2026-01-30 12:09:00,18338.75,18343.50,18328.00,18333.25,507
2026-01-30 12:10:00,18333.25,18336.50,18328.25,18331.75,1036
2026-01-30 12:11:00,18331.75,18341.50,18322.75,18324.25,357
2026-01-30 12:12:00,18324.25,18327.25,18313.75,18322.25,298
2026-01-30 12:13:00,18322.25,18326.75,18312.75,18321.75,638
2026-01-30 12:14:00,18321.75,18322.50,18311.00,18315.00,430
2026-01-30 12:15:00,18315.00,18319.75,18309.50,18319.25,474
2026-01-30 12:16:00,18319.25,18325.25,18308.00,18314.00,1132
2026-01-30 12:17:00,18314.00,18319.50,18309.25,18316.75,1381
2026-01-30 12:18:00,18316.75,18333.25,18311.50,18317.25,835
2026-01-30 12:19:00,18317.25,18331.00,18315.50,18326.75,1355
2026-01-30 12:20:00,18326.75,18327.25,18317.00,18319.00,601
2026-01-30 12:21:00,18319.00,18322.25,18308.50,18316.75,1028
2026-01-30 12:22:00,18316.75,18328.75,18313.25,18328.25,664
2026-01-30 12:23:00,18328.25,18328.50,18318.75,18323.25,850
2026-01-30 12:24:00,18323.25,18327.00,18311.50,18317.25,787
2026-01-30 12:25:00,18317.25,18326.00,18312.50,18321.25,1252
2026-01-30 12:26:00,18321.25,18327.00,18314.50,18317.00,418
2026-01-30 12:27:00,18317.00,18329.00,18314.75,18324.25,1448
2026-01-30 12:28:00,18324.25,18327.75,18322.25,18327.25,298
2026-01-30 12:29:00,18327.25,18331.75,18315.75,18316.00,889
2026-01-30 12:30:00,18316.00,18320.50,18310.00,18315.00,696
2026-01-30 12:31:00,18315.00,18334.25,18314.00,18329.50,1113
2026-01-30 12:32:00,18329.50,18341.75,18328.75,18340.00,652
2026-01-30 12:33:00,18340.00,18349.50,18309.75,18311.50,966
2026-01-30 12:34:00,18311.50,18338.50,18305.25,18335.50,1489
2026-01-30 12:35:00,18335.50,18335.50,18318.50,18324.00,1347
2026-01-30 12:36:00,18324.00,18331.00,18312.25,18318.50,1206
2026-01-30 12:37:00,18318.50,18337.75,18316.25,18334.75,208
2026-01-30 12:38:00,18334.75,18337.50,18292.75,18302.75,372
2026-01-30 12:39:00,18302.75,18325.50,18295.75,18322.25,1111
2026-01-30 12:40:00,18322.25,18327.50,18318.00,18325.50,500
2026-01-30 12:41:00,18325.50,18336.50,18320.00,18328.00,1284
2026-01-30 12:42:00,18328.00,18337.50,18319.50,18320.50,1159
2026-01-30 12:43:00,18320.50,18325.00,18309.75,18314.00,1280
2026-01-30 12:44:00,18314.00,18320.25,18304.75,18305.75,352
2026-01-30 12:45:00,18305.75,18320.75,18302.75,18316.50,738
2026-01-30 12:46:00,18316.50,18317.50,18312.00,18314.00,1084
2026-01-30 12:47:00,18314.00,18320.25,18308.50,18316.50,1201
2026-01-30 12:48:00,18316.50,18323.75,18309.25,18318.25,271
2026-01-30 12:49:00,18318.25,18323.50,18308.50,18312.75,364
2026-01-30 12:50:00,18312.75,18313.50,18308.50,18309.50,439
2026-01-30 12:51:00,18309.50,18331.00,18300.75,18325.50,1397
2026-01-30 12:52:00,18325.50,18328.00,18319.00,18321.00,299
2026-01-30 12:53:00,18321.00,18331.25,18316.25,18328.00,1266
2026-01-30 12:54:00,18328.00,18332.75,18324.75,18327.25,326
2026-01-30 12:55:00,18327.25,18332.00,18323.25,18324.25,1492
2026-01-30 12:56:00,18324.25,18330.25,18309.50,18312.25,557
2026-01-30 12:57:00,18312.25,18335.50,18311.75,18332.50,801
2026-01-30 12:58:00,18332.50,18336.00,18311.00,18312.25,1188
2026-01-30 12:59:00,18312.25,18317.25,18309.25,18311.25,437
2026-01-30 13:00:00,18311.25,18326.25,18310.25,18322.50,375
2026-01-30 13:01:00,18322.50,18323.25,18305.75,18313.00,587
2026-01-30 13:02:00,18313.00,18320.50,18313.00,18318.00,883
2026-01-30 13:03:00,18318.00,18321.75,18307.75,18310.25,647
2026-01-30 13:04:00,18310.25,18315.75,18305.25,18313.25,1228
2026-01-30 13:05:00,18313.25,18336.75,18306.75,18330.00,215
2026-01-30 13:06:00,18330.00,18336.50,18298.75,18309.50,1008
2026-01-30 13:07:00,18309.50,18329.50,18309.25,18328.50,1333
2026-01-30 13:08:00,18328.50,18330.00,18326.00,18327.50,463
2026-01-30 13:09:00,18327.50,18334.75,18309.25,18321.00,599
2026-01-30 13:10:00,18321.00,18325.75,18306.25,18307.75,1315
2026-01-30 13:11:00,18307.75,18311.75,18297.75,18303.00,787
2026-01-30 13:12:00,18303.00,18324.00,18298.25,18319.75,722
2026-01-30 13:13:00,18319.75,18322.00,18313.50,18315.25,995
2026-01-30 13:14:00,18315.25,18317.25,18297.00,18298.75,727
2026-01-30 13:15:00,18298.75,18321.75,18294.75,18317.50,1432
2026-01-30 13:16:00,18317.50,18321.50,18316.75,18319.50,539
2026-01-30 13:17:00,18319.50,18320.75,18308.00,18319.75,1471
2026-01-30 13:18:00,18319.75,18330.25,18317.50,18325.50,1001
2026-01-30 13:19:00,18325.50,18326.50,18314.25,18316.00,306
2026-01-30 13:20:00,18316.00,18317.50,18314.00,18315.50,667
2026-01-30 13:21:00,18315.50,18316.75,18306.25,18311.25,407
2026-01-30 13:22:00,18311.25,18316.50,18306.50,18314.25,1404
2026-01-30 13:23:00,18314.25,18317.25,18308.75,18311.00,1204
2026-01-30 13:24:00,18311.00,18321.75,18307.00,18320.75,478
2026-01-30 13:25:00,18320.75,18336.25,18314.00,18329.75,1178
2026-01-30 13:26:00,18329.75,18333.25,18300.75,18301.75,245
2026-01-30 13:27:00,18301.75,18328.50,18297.75,18320.75,1166
2026-01-30 13:28:00,18320.75,18323.25,18318.25,18319.50,1299
2026-01-30 13:29:00,18319.50,18325.75,18315.25,18321.25,1404
2026-01-30 13:30:00,18321.25,18321.75,18311.75,18315.75,1381
2026-01-30 13:31:00,18315.75,18316.75,18308.50,18309.25,480
2026-01-30 13:32:00,18309.25,18322.50,18306.75,18320.50,1151
2026-01-30 13:33:00,18320.50,18320.75,18304.50,18309.00,1404
2026-01-30 13:34:00,18309.00,18328.75,18297.75,18322.00,655
2026-01-30 13:35:00,18322.00,18330.25,18312.00,18319.75,571
2026-01-30 13:36:00,18319.75,18325.50,18318.00,18319.50,1105
2026-01-30 13:37:00,18319.50,18336.25,18319.00,18330.25,625
2026-01-30 13:38:00,18330.25,18331.50,18314.25,18319.25,268
2026-01-30 13:39:00,18319.25,18323.75,18318.75,18320.25,450
2026-01-30 13:40:00,18320.25,18328.00,18317.50,18326.00,1373
2026-01-30 13:41:00,18326.00,18326.50,18300.25,18309.25,412
2026-01-30 13:42:00,18309.25,18326.25,18305.50,18318.00,403
2026-01-30 13:43:00,18318.00,18325.50,18308.50,18308.75,915
2026-01-30 13:44:00,18308.75,18316.00,18295.50,18301.25,927
2026-01-30 13:45:00,18301.25,18322.00,18300.00,18318.75,624
2026-01-30 13:46:00,18318.75,18323.25,18306.75,18307.50,866
2026-01-30 13:47:00,18307.50,18316.00,18305.25,18313.50,523
2026-01-30 13:48:00,18313.50,18318.00,18308.50,18311.25,1080
2026-01-30 13:49:00,18311.25,18313.50,18299.75,18304.75,984
2026-01-30 13:50:00,18304.75,18310.25,18303.00,18309.50,619
2026-01-30 13:51:00,18309.50,18321.00,18309.25,18320.50,565
2026-01-30 13:52:00,18320.50,18328.00,18305.75,18306.50,646
2026-01-30 13:53:00,18306.50,18324.25,18303.50,18319.50,560
2026-01-30 13:54:00,18319.50,18333.25,18310.25,18332.75,291
2026-01-30 13:55:00,18332.75,18337.00,18310.75,18313.25,1015
2026-01-30 13:56:00,18313.25,18322.75,18310.75,18321.00,1145
2026-01-30 13:57:00,18321.00,18325.25,18320.50,18322.25,572
2026-01-30 13:58:00,18322.25,18323.75,18308.50,18317.50,618
2026-01-30 13:59:00,18317.50,18317.50,18313.00,18314.00,969
2026-01-30 14:00:00,18314.00,18323.50,18310.25,18322.25,961
2026-01-30 14:01:00,18322.25,18328.00,18313.25,18317.25,1314
2026-01-30 14:02:00,18317.25,18321.50,18305.50,18311.50,1487
2026-01-30 14:03:00,18311.50,18316.00,18310.75,18313.00,1117
2026-01-30 14:04:00,18313.00,18322.00,18312.50,18320.50,724
2026-01-30 14:05:00,18320.50,18326.50,18305.25,18310.75,1397
2026-01-30 14:06:00,18310.75,18314.00,18304.75,18307.25,637
2026-01-30 14:07:00,18307.25,18308.00,18303.00,18307.00,236
2026-01-30 14:08:00,18307.00,18325.50,18306.25,18319.25,419
2026-01-30 14:09:00,18319.25,18321.75,18309.25,18316.25,768
2026-01-30 14:10:00,18316.25,18329.75,18314.00,18324.75,902
2026-01-30 14:11:00,18324.75,18327.50,18310.75,18316.25,1108
2026-01-30 14:12:00,18316.25,18320.25,18305.25,18310.75,1115
2026-01-30 14:13:00,18310.75,18318.00,18305.50,18305.75,1311
2026-01-30 14:14:00,18305.75,18323.25,18305.25,18316.25,209
2026-01-30 14:15:00,18316.25,18323.00,18293.75,18303.75,251
2026-01-30 14:16:00,18303.75,18314.00,18300.50,18308.25,1050
2026-01-30 14:17:00,18308.25,18324.50,18307.25,18319.00,1312
2026-01-30 14:18:00,18319.00,18326.50,18304.75,18308.00,1339
2026-01-30 14:19:00,18308.00,18335.25,18302.75,18321.75,1091
2026-01-30 14:20:00,18321.75,18328.50,18314.75,18315.75,1480
2026-01-30 14:21:00,18315.75,18331.75,18310.00,18327.50,1457
2026-01-30 14:22:00,18327.50,18330.25,18314.25,18315.00,950
2026-01-30 14:23:00,18315.00,18332.25,18302.50,18328.00,598
2026-01-30 14:24:00,18328.00,18329.00,18310.25,18315.75,1024
2026-01-30 14:25:00,18315.75,18317.50,18310.25,18314.00,874
2026-01-30 14:26:00,18314.00,18330.25,18313.50,18328.50,1242
2026-01-30 14:27:00,18328.50,18329.25,18310.25,18314.25,829
2026-01-30 14:28:00,18314.25,18323.75,18311.50,18321.00,1362
2026-01-30 14:29:00,18321.00,18331.25,18308.50,18308.75,994
2026-01-30 14:30:00,18308.75,18320.00,18302.25,18316.25,1319
2026-01-30 14:31:00,18316.25,18318.00,18294.50,18302.50,1102
2026-01-30 14:32:00,18302.50,18310.25,18293.25,18303.00,954
2026-01-30 14:33:00,18303.00,18325.50,18301.25,18321.50,723
2026-01-30 14:34:00,18321.50,18321.50,18307.00,18314.75,1310
2026-01-30 14:35:00,18314.75,18316.00,18310.75,18311.50,1233
2026-01-30 14:36:00,18311.50,18312.25,18307.50,18310.75,1081
2026-01-30 14:37:00,18310.75,18319.00,18303.00,18314.25,487
2026-01-30 14:38:00,18314.25,18323.75,18305.00,18309.25,659
2026-01-30 14:39:00,18309.25,18310.50,18283.50,18299.50,1473
2026-01-30 14:40:00,18299.50,18307.75,18295.00,18306.00,518
2026-01-30 14:41:00,18306.00,18311.50,18294.25,18297.50,901
2026-01-30 14:42:00,18297.50,18322.00,18297.50,18321.25,1446
2026-01-30 14:43:00,18321.25,18323.50,18301.00,18306.75,381
2026-01-30 14:44:00,18306.75,18326.75,18304.25,18324.00,876
2026-01-30 14:45:00,18324.00,18335.75,18307.00,18311.75,563
2026-01-30 14:46:00,18311.75,18321.00,18306.75,18320.50,854
2026-01-30 14:47:00,18320.50,18324.50,18299.75,18303.25,677
2026-01-30 14:48:00,18303.25,18312.25,18300.50,18310.50,206
2026-01-30 14:49:00,18310.50,18318.00,18298.75,18303.00,715
2026-01-30 14:50:00,18303.00,18319.00,18301.25,18315.50,709
2026-01-30 14:51:00,18315.50,18322.25,18309.50,18321.75,1131
2026-01-30 14:52:00,18321.75,18327.25,18318.00,18320.25,1259
2026-01-30 14:53:00,18320.25,18329.00,18310.00,18313.75,263
2026-01-30 14:54:00,18313.75,18318.25,18306.50,18316.50,1005
2026-01-30 14:55:00,18316.50,18318.50,18306.00,18308.75,391
2026-01-30 14:56:00,18308.75,18313.50,18304.00,18312.25,1140
2026-01-30 14:57:00,18312.25,18315.75,18310.25,18310.50,273
2026-01-30 14:58:00,18310.50,18310.50,18297.25,18302.75,1020
2026-01-30 14:59:00,18302.75,18332.75,18300.50,18322.50,1438
2026-01-30 15:00:00,18322.50,18334.00,18320.25,18327.25,1121
2026-01-30 15:01:00,18327.25,18327.75,18295.00,18302.25,1215
2026-01-30 15:02:00,18302.25,18303.00,18297.25,18300.25,1077
2026-01-30 15:03:00,18300.25,18314.00,18300.00,18305.50,683
2026-01-30 15:04:00,18305.50,18305.50,18304.50,18305.25,928
2026-01-30 15:05:00,18305.25,18309.75,18302.50,18307.50,1041
2026-01-30 15:06:00,18307.50,18321.75,18304.75,18317.00,286
2026-01-30 15:07:00,18317.00,18322.50,18295.00,18306.00,931
2026-01-30 15:08:00,18306.00,18315.50,18300.50,18311.50,490
2026-01-30 15:09:00,18311.50,18316.75,18310.25,18310.25,1197
2026-01-30 15:10:00,18310.25,18311.75,18304.75,18304.75,918
2026-01-30 15:11:00,18304.75,18315.50,18303.75,18310.75,1253
2026-01-30 15:12:00,18310.75,18321.75,18307.00,18316.00,957
2026-01-30 15:13:00,18316.00,18324.50,18296.75,18299.25,991
2026-01-30 15:14:00,18299.25,18334.50,18297.25,18324.75,487
2026-01-30 15:15:00,18324.75,18327.25,18305.50,18306.50,207
2026-01-30 15:16:00,18306.50,18318.50,18303.50,18314.75,1241
2026-01-30 15:17:00,18314.75,18315.50,18305.00,18309.25,925
2026-01-30 15:18:00,18309.25,18316.50,18306.75,18310.75,271
2026-01-30 15:19:00,18310.75,18314.25,18295.00,18302.50,246
2026-01-30 15:20:00,18302.50,18319.75,18292.00,18311.50,492
2026-01-30 15:21:00,18311.50,18320.50,18310.50,18319.50,498
2026-01-30 15:22:00,18319.50,18328.00,18304.50,18305.50,585
2026-01-30 15:23:00,18305.50,18317.75,18302.25,18312.50,784
2026-01-30 15:24:00,18312.50,18329.00,18303.50,18316.50,1404
2026-01-30 15:25:00,18316.50,18317.25,18308.00,18312.75,844
2026-01-30 15:26:00,18312.75,18314.75,18284.25,18289.50,1102
2026-01-30 15:27:00,18289.50,18318.50,18289.25,18312.00,235
2026-01-30 15:28:00,18312.00,18314.25,18307.25,18309.75,1454
2026-01-30 15:29:00,18309.75,18310.75,18306.75,18307.75,570
2026-01-30 15:30:00,18307.75,18326.75,18307.00,18319.75,1341
2026-01-30 15:31:00,18319.75,18321.25,18297.50,18299.50,1217
2026-01-30 15:32:00,18299.50,18313.50,18292.25,18308.50,1316
2026-01-30 15:33:00,18308.50,18310.25,18297.00,18300.75,263
2026-01-30 15:34:00,18300.75,18315.75,18298.50,18315.50,1165
2026-01-30 15:35:00,18315.50,18323.00,18312.00,18321.00,527
2026-01-30 15:36:00,18321.00,18322.00,18302.75,18303.25,621
2026-01-30 15:37:00,18303.25,18317.50,18294.25,18313.75,651
2026-01-30 15:38:00,18313.75,18315.25,18300.75,18307.75,560
2026-01-30 15:39:00,18307.75,18315.00,18307.50,18313.75,1336
2026-01-30 15:40:00,18313.75,18315.50,18304.50,18305.75,666
2026-01-30 15:41:00,18305.75,18314.50,18293.00,18302.75,815
2026-01-30 15:42:00,18302.75,18317.00,18295.25,18315.25,408
2026-01-30 15:43:00,18315.25,18318.75,18309.75,18316.75,1442
2026-01-30 15:44:00,18316.75,18317.25,18308.25,18313.75,545
2026-01-30 15:45:00,18313.75,18313.75,18307.50,18311.25,1240
2026-01-30 15:46:00,18311.25,18314.75,18309.00,18313.25,833
2026-01-30 15:47:00,18313.25,18314.50,18295.50,18301.00,564
2026-01-30 15:48:00,18301.00,18307.75,18300.25,18303.50,988
2026-01-30 15:49:00,18303.50,18306.75,18299.25,18305.75,608
2026-01-30 15:50:00,18305.75,18311.75,18289.25,18298.50,619
2026-01-30 15:51:00,18298.50,18318.50,18292.00,18309.50,808
2026-01-30 15:52:00,18309.50,18313.00,18291.25,18295.75,926
2026-01-30 15:53:00,18295.75,18310.50,18293.75,18308.50,775
2026-01-30 15:54:00,18308.50,18312.00,18304.25,18305.00,633
2026-01-30 15:55:00,18305.00,18307.25,18300.25,18305.50,990
2026-01-30 15:56:00,18305.50,18314.75,18300.25,18314.75,1303
2026-01-30 15:57:00,18314.75,18325.75,18306.25,18311.25,634
2026-01-30 15:58:00,18311.25,18320.25,18295.25,18306.00,1477
2026-01-30 15:59:00,18306.00,18308.00,18295.75,18296.50,654
2026-02-02 08:00:00,18386.00,18392.25,18385.75,18386.50,392
2026-02-02 08:01:00,18386.50,18392.00,18386.00,18389.25,1041
2026-02-02 08:02:00,18389.25,18394.00,18382.00,18386.50,1482
2026-02-02 08:03:00,18386.50,18387.00,18382.50,18386.00,753
2026-02-02 08:04:00,18386.00,18396.00,18383.25,18390.00,950
2026-02-02 08:05:00,18390.00,18393.25,18387.25,18392.25,1116
2026-02-02 08:06:00,18392.25,18394.50,18383.50,18387.25,671
2026-02-02 08:07:00,18387.25,18395.00,18384.75,18391.00,902
2026-02-02 08:08:00,18391.00,18391.25,18388.25,18389.75,609
2026-02-02 08:09:00,18389.75,18396.25,18383.50,18388.00,784
2026-02-02 08:10:00,18388.00,18390.50,18380.75,18383.00,510
2026-02-02 08:11:00,18383.00,18388.75,18382.75,18387.25,380
2026-02-02 08:12:00,18387.25,18393.50,18380.00,18392.00,1375
2026-02-02 08:13:00,18392.00,18396.50,18384.25,18387.00,1108
2026-02-02 08:14:00,18387.00,18398.50,18384.75,18395.25,1463
2026-02-02 08:15:00,18395.25,18401.00,18383.75,18387.00,722
2026-02-02 08:16:00,18387.00,18390.25,18382.50,18385.25,253
2026-02-02 08:17:00,18385.25,18388.25,18382.25,18385.50,1196
2026-02-02 08:18:00,18385.50,18386.25,18374.50,18378.25,458
2026-02-02 08:19:00,18378.25,18394.75,18374.00,18389.75,391
2026-02-02 08:20:00,18389.75,18393.75,18382.50,18383.25,915
2026-02-02 08:21:00,18383.25,18389.75,18381.50,18382.00,407
2026-02-02 08:22:00,18382.00,18393.75,18378.75,18393.00,609
2026-02-02 08:23:00,18393.00,18393.50,18390.50,18390.75,1386
2026-02-02 08:24:00,18390.75,18392.75,18386.00,18387.25,203
2026-02-02 08:25:00,18387.25,18397.75,18385.25,18395.75,378
2026-02-02 08:26:00,18395.75,18406.00,18392.25,18401.00,685
2026-02-02 08:27:00,18401.00,18404.75,18382.75,18386.25,1323
2026-02-02 08:28:00,18386.25,18396.00,18380.75,18391.75,773
2026-02-02 08:29:00,18391.75,18394.75,18383.75,18385.50,292
2026-02-02 08:30:00,18385.50,18391.00,18384.50,18386.00,1320
2026-02-02 08:31:00,18386.00,18398.50,18385.75,18394.25,1358
2026-02-02 08:32:00,18394.25,18396.75,18388.00,18391.00,745
2026-02-02 08:33:00,18391.00,18392.25,18379.00,18382.25,671
2026-02-02 08:34:00,18382.25,18400.50,18375.50,18393.50,854
2026-02-02 08:35:00,18393.50,18398.75,18388.00,18393.50,309
2026-02-02 08:36:00,18393.50,18397.75,18389.75,18390.00,1407
2026-02-02 08:37:00,18390.00,18399.75,18389.50,18397.25,1178
2026-02-02 08:38:00,18397.25,18400.75,18394.50,18394.75,877
2026-02-02 08:39:00,18394.75,18395.00,18379.00,18383.50,214
2026-02-02 08:40:00,18383.50,18389.50,18375.50,18380.25,1355
2026-02-02 08:41:00,18380.25,18406.00,18377.75,18404.00,224
2026-02-02 08:42:00,18404.00,18409.25,18380.25,18390.00,1310
2026-02-02 08:43:00,18390.00,18390.50,18385.75,18385.75,202
2026-02-02 08:44:00,18385.75,18398.00,18385.75,18396.25,603
2026-02-02 08:45:00,18396.25,18401.50,18381.25,18382.25,524
2026-02-02 08:46:00,18382.25,18392.25,18377.25,18390.75,1170
2026-02-02 08:47:00,18390.75,18394.50,18380.25,18392.00,698
2026-02-02 08:48:00,18392.00,18398.25,18381.25,18385.75,824
2026-02-02 08:49:00,18385.75,18396.75,18381.25,18392.50,1298
2026-02-02 08:50:00,18392.50,18394.25,18389.00,18389.50,1038
2026-02-02 08:51:00,18389.50,18390.75,18379.75,18380.75,341
2026-02-02 08:52:00,18380.75,18392.00,18379.75,18388.50,990
2026-02-02 08:53:00,18388.50,18392.00,18388.50,18391.75,1217
2026-02-02 08:54:00,18391.75,18393.75,18389.75,18393.75,369
2026-02-02 08:55:00,18393.75,18400.50,18377.50,18381.50,382
2026-02-02 08:56:00,18381.50,18397.50,18380.25,18396.25,1458
2026-02-02 08:57:00,18396.25,18397.75,18381.25,18388.50,1494
2026-02-02 08:58:00,18388.50,18391.00,18386.00,18386.50,591
2026-02-02 08:59:00,18386.50,18401.75,18382.75,18401.00,1313
2026-02-02 09:00:00,18401.00,18403.50,18387.50,18392.50,616
2026-02-02 09:01:00,18392.50,18392.50,18384.75,18386.75,1127
2026-02-02 09:02:00,18386.75,18389.50,18386.00,18386.25,708
2026-02-02 09:03:00,18386.25,18392.25,18384.50,18389.50,737
2026-02-02 09:04:00,18389.50,18404.75,18386.75,18396.25,1042
2026-02-02 09:05:00,18396.25,18396.25,18389.50,18392.50,1033
2026-02-02 09:06:00,18392.50,18394.00,18377.00,18378.25,293
2026-02-02 09:07:00,18378.25,18385.00,18376.00,18383.25,623
2026-02-02 09:08:00,18383.25,18393.75,18382.75,18393.00,708
2026-02-02 09:09:00,18393.00,18394.00,18382.75,18384.50,572
2026-02-02 09:10:00,18384.50,18385.00,18381.50,18384.50,867
2026-02-02 09:11:00,18384.50,18391.50,18384.50,18387.00,728
2026-02-02 09:12:00,18387.00,18401.25,18383.50,18396.75,756
2026-02-02 09:13:00,18396.75,18399.75,18378.50,18387.50,986
2026-02-02 09:14:00,18387.50,18398.50,18387.50,18394.50,590
2026-02-02 09:15:00,18394.50,18399.75,18389.25,18399.00,1447
2026-02-02 09:16:00,18399.00,18402.25,18389.25,18395.25,505
2026-02-02 09:17:00,18395.25,18397.25,18389.25,18391.00,763
2026-02-02 09:18:00,18391.00,18404.25,18390.75,18399.25,573
2026-02-02 09:19:00,18399.25,18404.25,18384.75,18387.00,254
2026-02-02 09:20:00,18387.00,18392.00,18386.00,18389.50,752
2026-02-02 09:21:00,18389.50,18392.00,18383.50,18388.75,627
2026-02-02 09:22:00,18388.75,18391.00,18381.25,18384.00,1476
2026-02-02 09:23:00,18384.00,18386.50,18382.50,18385.25,686
2026-02-02 09:24:00,18385.25,18397.50,18382.25,18395.50,1326
2026-02-02 09:25:00,18395.50,18396.00,18391.50,18392.50,600
2026-02-02 09:26:00,18392.50,18398.50,18382.75,18386.50,1296
2026-02-02 09:27:00,18386.50,18388.75,18381.00,18382.25,966
2026-02-02 09:28:00,18382.25,18393.00,18374.50,18391.75,625
2026-02-02 09:29:00,18391.75,18397.50,18388.75,18395.00,1305
2026-02-02 09:30:00,18395.00,18422.75,18390.50,18417.50,1095
2026-02-02 09:31:00,18417.50,18418.25,18382.00,18383.00,1102
2026-02-02 09:32:00,18383.00,18411.00,18376.75,18408.75,1069
2026-02-02 09:33:00,18408.75,18422.50,18402.50,18419.25,259
2026-02-02 09:34:00,18419.25,18431.00,18419.00,18422.50,376
2026-02-02 09:35:00,18422.50,18423.25,18420.75,18422.50,211
2026-02-02 09:36:00,18422.50,18422.75,18417.25,18418.50,1130
2026-02-02 09:37:00,18418.50,18419.25,18409.00,18410.75,908
2026-02-02 09:38:00,18410.75,18411.50,18381.00,18381.00,681
2026-02-02 09:39:00,18381.00,18397.75,18379.75,18395.50,1464
2026-02-02 09:40:00,18395.50,18396.00,18388.25,18390.25,1378
2026-02-02 09:41:00,18390.25,18390.25,18385.00,18386.00,986
2026-02-02 09:42:00,18386.00,18387.50,18378.00,18380.00,273
2026-02-02 09:43:00,18380.00,18382.00,18370.50,18372.00,664
2026-02-02 09:44:00,18372.00,18375.25,18369.50,18373.00,1392
2026-02-02 09:45:00,18373.00,18384.25,18370.00,18383.75,961
2026-02-02 09:46:00,18383.75,18395.25,18379.50,18391.25,646
2026-02-02 09:47:00,18391.25,18400.25,18388.25,18398.25,1217
2026-02-02 09:48:00,18398.25,18400.00,18394.00,18394.75,550
2026-02-02 09:49:00,18394.75,18403.00,18393.25,18401.75,1483
2026-02-02 09:50:00,18401.75,18410.25,18400.75,18409.00,419
2026-02-02 09:51:00,18409.00,18413.75,18398.25,18400.50,1159
2026-02-02 09:52:00,18400.50,18404.75,18391.25,18395.50,545
2026-02-02 09:53:00,18395.50,18402.50,18386.50,18388.25,270
2026-02-02 09:54:00,18388.25,18388.75,18377.25,18377.50,1416
2026-02-02 09:55:00,18377.50,18380.00,18361.00,18366.00,794
2026-02-02 09:56:00,18366.00,18382.00,18361.00,18375.25,471
2026-02-02 09:57:00,18375.25,18377.00,18341.75,18346.00,348
2026-02-02 09:58:00,18346.00,18354.00,18343.00,18347.50,1091
2026-02-02 09:59:00,18347.50,18349.25,18336.50,18342.00,1468
2026-02-02 10:00:00,18342.00,18364.25,18334.75,18351.25,593
2026-02-02 10:01:00,18351.25,18353.50,18315.25,18325.25,1086
2026-02-02 10:02:00,18325.25,18330.25,18311.75,18324.75,1144
2026-02-02 10:03:00,18324.75,18337.00,18320.00,18331.25,874
2026-02-02 10:04:00,18331.25,18331.75,18309.00,18319.00,425
2026-02-02 10:05:00,18319.00,18324.25,18312.50,18314.25,547
2026-02-02 10:06:00,18314.25,18317.25,18267.25,18272.50,1217
2026-02-02 10:07:00,18272.50,18288.25,18267.50,18277.75,1182
2026-02-02 10:08:00,18277.75,18285.00,18264.00,18267.00,478
2026-02-02 10:09:00,18267.00,18269.00,18243.25,18247.75,1466
2026-02-02 10:10:00,18247.75,18257.50,18247.00,18254.75,893
2026-02-02 10:11:00,18254.75,18255.25,18228.75,18232.00,1182
2026-02-02 10:12:00,18232.00,18236.75,18231.50,18234.25,857
2026-02-02 10:13:00,18234.25,18254.75,18229.00,18242.25,1014
2026-02-02 10:14:00,18242.25,18248.50,18233.25,18235.75,674
2026-02-02 10:15:00,18235.75,18246.25,18212.50,18217.00,1472
2026-02-02 10:16:00,18217.00,18231.00,18216.50,18230.75,532
2026-02-02 10:17:00,18230.75,18232.25,18208.50,18214.75,467
2026-02-02 10:18:00,18214.75,18219.00,18214.50,18216.75,1289
2026-02-02 10:19:00,18216.75,18222.00,18214.50,18216.00,1363
2026-02-02 10:20:00,18216.00,18217.00,18210.50,18214.25,1423
2026-02-02 10:21:00,18214.25,18227.50,18207.75,18223.25,1212
2026-02-02 10:22:00,18223.25,18227.00,18215.75,18217.25,919
2026-02-02 10:23:00,18217.25,18234.75,18211.50,18223.75,1319
2026-02-02 10:24:00,18223.75,18223.75,18216.00,18220.50,1299
2026-02-02 10:25:00,18220.50,18220.50,18219.75,18219.75,684
2026-02-02 10:26:00,18219.75,18225.75,18218.75,18225.50,611
2026-02-02 10:27:00,18225.50,18233.00,18215.25,18218.00,832
2026-02-02 10:28:00,18218.00,18223.50,18208.75,18210.75,763
2026-02-02 10:29:00,18210.75,18214.50,18202.00,18208.75,1110
2026-02-02 10:30:00,18208.75,18210.25,18206.75,18207.75,284
2026-02-02 10:31:00,18207.75,18228.50,18203.50,18223.25,452
2026-02-02 10:32:00,18223.25,18226.75,18211.00,18213.50,302
2026-02-02 10:33:00,18213.50,18222.50,18205.25,18208.00,660
2026-02-02 10:34:00,18208.00,18236.25,18202.75,18232.50,1231
2026-02-02 10:35:00,18232.50,18233.75,18220.00,18221.75,1230
2026-02-02 10:36:00,18221.75,18225.75,18212.25,18220.00,403
2026-02-02 10:37:00,18220.00,18227.25,18216.25,18217.75,1464
2026-02-02 10:38:00,18217.75,18218.25,18207.75,18208.00,1368
2026-02-02 10:39:00,18208.00,18217.25,18206.50,18215.25,375
2026-02-02 10:40:00,18215.25,18228.00,18214.50,18221.50,389
2026-02-02 10:41:00,18221.50,18228.25,18211.50,18215.75,862
2026-02-02 10:42:00,18215.75,18220.00,18215.75,18217.75,813
2026-02-02 10:43:00,18217.75,18224.50,18204.50,18213.00,641
2026-02-02 10:44:00,18213.00,18215.25,18201.25,18209.75,696
2026-02-02 10:45:00,18209.75,18220.75,18202.75,18219.25,956
2026-02-02 10:46:00,18219.25,18233.50,18206.00,18226.00,905
2026-02-02 10:47:00,18226.00,18235.00,18203.75,18209.25,240
2026-02-02 10:48:00,18209.25,18222.00,18207.75,18214.00,273
2026-02-02 10:49:00,18214.00,18224.50,18203.75,18219.50,997
2026-02-02 10:50:00,18219.50,18225.00,18213.50,18217.50,1157
2026-02-02 10:51:00,18217.50,18223.50,18209.75,18210.75,871
2026-02-02 10:52:00,18210.75,18220.00,18205.00,18216.25,1238
2026-02-02 10:53:00,18216.25,18222.50,18210.50,18217.25,1410
2026-02-02 10:54:00,18217.25,18219.75,18209.00,18218.75,1404
2026-02-02 10:55:00,18218.75,18230.25,18200.75,18206.00,315
2026-02-02 10:56:00,18206.00,18221.75,18204.25,18221.25,1313
2026-02-02 10:57:00,18221.25,18223.25,18218.00,18222.50,724
2026-02-02 10:58:00,18222.50,18223.25,18201.75,18204.25,865
2026-02-02 10:59:00,18204.25,18208.50,18201.50,18204.00,599
2026-02-02 11:00:00,18204.00,18222.50,18198.25,18219.75,710
2026-02-02 11:01:00,18219.75,18222.00,18211.25,18216.75,520
2026-02-02 11:02:00,18216.75,18230.50,18215.75,18224.50,385
2026-02-02 11:03:00,18224.50,18230.75,18214.75,18217.25,757
2026-02-02 11:04:00,18217.25,18219.00,18210.00,18212.50,632
2026-02-02 11:05:00,18212.50,18216.00,18207.00,18207.75,875
2026-02-02 11:06:00,18207.75,18218.75,18201.00,18217.00,547
2026-02-02 11:07:00,18217.00,18222.50,18210.75,18217.00,698
2026-02-02 11:08:00,18217.00,18219.00,18208.25,18213.50,776
2026-02-02 11:09:00,18213.50,18218.00,18212.25,18214.25,980
2026-02-02 11:10:00,18214.25,18228.00,18214.25,18227.50,1407
2026-02-02 11:11:00,18227.50,18233.25,18225.00,18225.25,693
2026-02-02 11:12:00,18225.25,18237.50,18208.75,18217.50,1071
2026-02-02 11:13:00,18217.50,18221.50,18210.75,18221.25,1233
2026-02-02 11:14:00,18221.25,18221.50,18191.50,18196.25,1393
2026-02-02 11:15:00,18196.25,18222.75,18193.00,18215.25,1460
2026-02-02 11:16:00,18215.25,18222.25,18205.25,18212.25,1463
2026-02-02 11:17:00,18212.25,18227.50,18205.25,18225.75,817
2026-02-02 11:18:00,18225.75,18232.00,18203.25,18206.25,991
2026-02-02 11:19:00,18206.25,18213.25,18202.50,18212.50,598
2026-02-02 11:20:00,18212.50,18219.75,18197.00,18198.25,1008
2026-02-02 11:21:00,18198.25,18225.25,18196.25,18218.25,1065
2026-02-02 11:22:00,18218.25,18220.00,18206.50,18213.00,1100
2026-02-02 11:23:00,18213.00,18226.00,18210.25,18212.25,1119
2026-02-02 11:24:00,18212.25,18221.00,18205.75,18220.75,268
2026-02-02 11:25:00,18220.75,18226.75,18212.00,18216.00,264
2026-02-02 11:26:00,18216.00,18219.25,18210.25,18210.25,844
2026-02-02 11:27:00,18210.25,18219.50,18207.00,18218.75,877
2026-02-02 11:28:00,18218.75,18225.50,18205.00,18211.00,699
2026-02-02 11:29:00,18211.00,18231.00,18208.00,18224.50,1031
2026-02-02 11:30:00,18224.50,18227.00,18209.75,18214.75,1290
2026-02-02 11:31:00,18214.75,18217.75,18202.25,18204.50,615
2026-02-02 11:32:00,18204.50,18212.00,18196.50,18208.25,1225
2026-02-02 11:33:00,18208.25,18226.25,18205.75,18225.50,1084
2026-02-02 11:34:00,18225.50,18229.00,18220.00,18220.75,1153
2026-02-02 11:35:00,18220.75,18232.50,18214.50,18230.25,787
2026-02-02 11:36:00,18230.25,18239.75,18210.75,18216.00,1187
2026-02-02 11:37:00,18216.00,18218.25,18206.50,18209.50,1288
2026-02-02 11:38:00,18209.50,18225.00,18197.50,18222.00,599
2026-02-02 11:39:00,18222.00,18232.75,18218.25,18226.00,623
2026-02-02 11:40:00,18226.00,18228.00,18210.00,18215.25,1087
2026-02-02 11:41:00,18215.25,18217.25,18198.50,18210.75,1356
2026-02-02 11:42:00,18210.75,18215.25,18201.50,18203.75,1088
2026-02-02 11:43:00,18203.75,18227.75,18198.00,18222.75,410
2026-02-02 11:44:00,18222.75,18229.50,18217.75,18225.50,787
2026-02-02 11:45:00,18225.50,18236.75,18223.75,18236.00,251
2026-02-02 11:46:00,18236.00,18241.00,18200.25,18202.50,534
2026-02-02 11:47:00,18202.50,18219.25,18201.50,18216.75,882
2026-02-02 11:48:00,18216.75,18223.50,18210.50,18220.25,425
2026-02-02 11:49:00,18220.25,18230.00,18201.75,18209.50,929
2026-02-02 11:50:00,18209.50,18217.00,18202.75,18205.00,270
2026-02-02 11:51:00,18205.00,18220.75,18201.50,18219.00,585
2026-02-02 11:52:00,18219.00,18221.00,18216.75,18216.75,1154
2026-02-02 11:53:00,18216.75,18222.50,18216.50,18219.25,799
2026-02-02 11:54:00,18219.25,18223.25,18183.75,18194.50,809
2026-02-02 11:55:00,18194.50,18212.00,18190.75,18211.00,1148
2026-02-02 11:56:00,18211.00,18224.50,18208.00,18215.25,564
2026-02-02 11:57:00,18215.25,18233.00,18209.50,18228.75,969
2026-02-02 11:58:00,18228.75,18234.25,18210.25,18210.75,1434
2026-02-02 11:59:00,18210.75,18216.75,18206.25,18214.50,309
2026-02-02 12:00:00,18214.50,18224.50,18213.00,18220.50,1000
2026-02-02 12:01:00,18220.50,18221.75,18202.25,18205.25,322
2026-02-02 12:02:00,18205.25,18213.00,18198.25,18211.50,400
2026-02-02 12:03:00,18211.50,18216.00,18204.75,18215.50,1019
2026-02-02 12:04:00,18215.50,18232.75,18209.25,18226.00,1167
2026-02-02 12:05:00,18226.00,18237.25,18204.25,18209.00,1306
2026-02-02 12:06:00,18209.00,18209.75,18195.25,18200.50,1107
2026-02-02 12:07:00,18200.50,18214.50,18186.50,18213.75,1196
2026-02-02 12:08:00,18213.75,18215.75,18210.25,18215.25,712
2026-02-02 12:09:00,18215.25,18217.50,18200.25,18207.50,386
2026-02-02 12:10:00,18207.50,18209.50,18198.00,18198.50,1080
2026-02-02 12:11:00,18198.50,18218.50,18194.00,18217.75,1427
2026-02-02 12:12:00,18217.75,18220.50,18202.75,18205.50,327
2026-02-02 12:13:00,18205.50,18215.00,18205.00,18213.25,862
2026-02-02 12:14:00,18213.25,18220.00,18208.25,18211.50,1123
2026-02-02 12:15:00,18211.50,18218.00,18207.50,18209.25,1328
2026-02-02 12:16:00,18209.25,18209.75,18197.25,18199.25,1332
2026-02-02 12:17:00,18199.25,18213.00,18195.50,18208.75,522
2026-02-02 12:18:00,18208.75,18221.75,18207.00,18220.50,1261
2026-02-02 12:19:00,18220.50,18222.50,18215.25,18216.50,1048
2026-02-02 12:20:00,18216.50,18228.75,18212.00,18222.25,555
2026-02-02 12:21:00,18222.25,18234.00,18201.50,18210.50,1417
2026-02-02 12:22:00,18210.50,18212.50,18203.00,18204.75,1325
2026-02-02 12:23:00,18204.75,18220.75,18201.75,18218.50,657
2026-02-02 12:24:00,18218.50,18229.00,18208.00,18211.75,862
2026-02-02 12:25:00,18211.75,18223.50,18204.25,18205.25,411
2026-02-02 12:26:00,18205.25,18226.00,18201.00,18221.75,701
2026-02-02 12:27:00,18221.75,18224.00,18220.00,18222.25,1035
2026-02-02 12:28:00,18222.25,18223.25,18196.25,18201.25,1054
2026-02-02 12:29:00,18201.25,18222.50,18197.75,18220.00,273
2026-02-02 12:30:00,18220.00,18223.00,18211.00,18212.25,1488
2026-02-02 12:31:00,18212.25,18230.00,18207.25,18226.25,257
2026-02-02 12:32:00,18226.25,18230.00,18210.50,18212.00,806
2026-02-02 12:33:00,18212.00,18224.00,18205.25,18217.00,880
2026-02-02 12:34:00,18217.00,18220.50,18210.50,18210.75,706
2026-02-02 12:35:00,18210.75,18216.50,18209.00,18209.50,1419
2026-02-02 12:36:00,18209.50,18211.25,18202.50,18209.25,340
2026-02-02 12:37:00,18209.25,18210.25,18192.50,18203.50,1033
2026-02-02 12:38:00,18203.50,18223.50,18196.25,18220.75,666
2026-02-02 12:39:00,18220.75,18224.75,18205.00,18210.75,321
2026-02-02 12:40:00,18210.75,18212.75,18208.75,18210.50,295
2026-02-02 12:41:00,18210.50,18219.75,18205.25,18216.00,385
2026-02-02 12:42:00,18216.00,18223.50,18207.00,18211.50,437
2026-02-02 12:43:00,18211.50,18225.75,18210.25,18220.25,566
2026-02-02 12:44:00,18220.25,18221.50,18201.00,18204.75,785
2026-02-02 12:45:00,18204.75,18208.75,18201.75,18204.75,391
2026-02-02 12:46:00,18204.75,18216.50,18202.25,18212.50,1102
2026-02-02 12:47:00,18212.50,18216.00,18205.50,18214.75,460
2026-02-02 12:48:00,18214.75,18215.25,18202.00,18203.00,1402
2026-02-02 12:49:00,18203.00,18211.25,18202.25,18207.00,1273
2026-02-02 12:50:00,18207.00,18210.25,18205.25,18208.00,991
2026-02-02 12:51:00,18208.00,18214.00,18206.75,18213.50,1046
2026-02-02 12:52:00,18213.50,18217.00,18206.50,18206.75,1041
2026-02-02 12:53:00,18206.75,18218.50,18198.50,18216.25,1407
2026-02-02 12:54:00,18216.25,18235.25,18214.75,18222.00,679
2026-02-02 12:55:00,18222.00,18226.25,18216.75,18221.00,814
2026-02-02 12:56:00,18221.00,18227.75,18216.25,18222.50,777
2026-02-02 12:57:00,18222.50,18228.50,18194.75,18197.50,982
2026-02-02 12:58:00,18197.50,18211.00,18194.50,18208.75,945
2026-02-02 12:59:00,18208.75,18218.25,18201.00,18214.00,1314
2026-02-02 13:00:00,18214.00,18220.50,18209.25,18217.00,1478
2026-02-02 13:01:00,18217.00,18219.25,18203.50,18211.00,1444
2026-02-02 13:02:00,18211.00,18216.50,18202.00,18207.25,1202
2026-02-02 13:03:00,18207.25,18208.50,18192.75,18195.75,862
2026-02-02 13:04:00,18195.75,18218.50,18190.50,18217.00,992
2026-02-02 13:05:00,18217.00,18224.75,18211.00,18220.25,1340
2026-02-02 13:06:00,18220.25,18225.25,18205.75,18208.75,1253
2026-02-02 13:07:00,18208.75,18216.75,18208.25,18215.75,1273
2026-02-02 13:08:00,18215.75,18219.50,18179.25,18186.75,1144
2026-02-02 13:09:00,18186.75,18207.50,18170.75,18201.50,1237
2026-02-02 13:10:00,18201.50,18223.75,18196.25,18214.75,601
2026-02-02 13:11:00,18214.75,18217.75,18195.50,18202.00,212
2026-02-02 13:12:00,18202.00,18214.25,18195.75,18207.00,550
2026-02-02 13:13:00,18207.00,18207.50,18200.00,18205.50,1070
2026-02-02 13:14:00,18205.50,18208.75,18183.50,18192.75,911
2026-02-02 13:15:00,18192.75,18194.75,18183.25,18188.75,302
2026-02-02 13:16:00,18188.75,18206.50,18183.50,18206.50,981
2026-02-02 13:17:00,18206.50,18207.25,18204.25,18206.25,1454
2026-02-02 13:18:00,18206.25,18215.25,18206.00,18208.00,617
2026-02-02 13:19:00,18208.00,18221.25,18205.00,18210.50,607
2026-02-02 13:20:00,18210.50,18218.50,18204.75,18205.00,484
2026-02-02 13:21:00,18205.00,18207.50,18197.75,18200.75,789
2026-02-02 13:22:00,18200.75,18218.75,18198.75,18210.00,213
2026-02-02 13:23:00,18210.00,18213.50,18208.50,18212.75,473
2026-02-02 13:24:00,18212.75,18213.50,18205.00,18205.25,1413
2026-02-02 13:25:00,18205.25,18210.50,18203.25,18208.00,1172
2026-02-02 13:26:00,18208.00,18221.75,18202.50,18219.00,842
2026-02-02 13:27:00,18219.00,18225.50,18199.75,18200.25,1100
2026-02-02 13:28:00,18200.25,18216.25,18195.25,18207.50,310
2026-02-02 13:29:00,18207.50,18218.00,18200.75,18216.00,486
2026-02-02 13:30:00,18216.00,18217.50,18184.75,18189.50,489
2026-02-02 13:31:00,18189.50,18212.00,18181.25,18211.50,287
2026-02-02 13:32:00,18211.50,18227.00,18203.00,18222.25,286
2026-02-02 13:33:00,18222.25,18224.75,18202.50,18207.00,979
2026-02-02 13:34:00,18207.00,18208.25,18191.50,18195.50,267
2026-02-02 13:35:00,18195.50,18225.50,18190.00,18215.50,374
2026-02-02 13:36:00,18215.50,18219.25,18194.00,18198.25,342
2026-02-02 13:37:00,18198.25,18205.00,18189.75,18190.00,466
2026-02-02 13:38:00,18190.00,18199.00,18186.25,18199.00,591
2026-02-02 13:39:00,18199.00,18211.25,18196.25,18209.50,639
2026-02-02 13:40:00,18209.50,18211.25,18208.00,18211.00,1098
2026-02-02 13:41:00,18211.00,18211.25,18195.00,18205.75,1477
2026-02-02 13:42:00,18205.75,18211.50,18197.75,18210.25,1052
2026-02-02 13:43:00,18210.25,18217.25,18199.75,18204.00,1136
2026-02-02 13:44:00,18204.00,18211.25,18191.50,18195.50,1141
2026-02-02 13:45:00,18195.50,18219.75,18195.00,18215.00,1406
2026-02-02 13:46:00,18215.00,18217.25,18197.00,18203.00,760
2026-02-02 13:47:00,18203.00,18214.75,18196.00,18213.25,560
2026-02-02 13:48:00,18213.25,18220.00,18198.50,18203.25,662
2026-02-02 13:49:00,18203.25,18212.00,18199.50,18209.25,990
2026-02-02 13:50:00,18209.25,18214.25,18209.00,18210.25,1388
2026-02-02 13:51:00,18210.25,18213.00,18199.25,18200.50,405
2026-02-02 13:52:00,18200.50,18210.75,18193.25,18207.75,1091
2026-02-02 13:53:00,18207.75,18211.75,18199.75,18209.75,256
2026-02-02 13:54:00,18209.75,18212.00,18200.25,18204.75,975
2026-02-02 13:55:00,18204.75,18223.25,18200.75,18219.50,1357
2026-02-02 13:56:00,18219.50,18222.50,18212.50,18213.50,578
2026-02-02 13:57:00,18213.50,18213.50,18200.00,18204.75,657
2026-02-02 13:58:00,18204.75,18209.75,18202.50,18208.50,521
2026-02-02 13:59:00,18208.50,18211.25,18205.00,18208.50,1256
2026-02-02 14:00:00,18208.50,18226.00,18205.00,18217.50,886
2026-02-02 14:01:00,18217.50,18219.25,18211.75,18212.00,1273
2026-02-02 14:02:00,18212.00,18214.75,18202.50,18210.00,1087
2026-02-02 14:03:00,18210.00,18224.25,18204.25,18216.25,399
2026-02-02 14:04:00,18216.25,18218.75,18206.00,18208.25,696
2026-02-02 14:05:00,18208.25,18218.50,18206.25,18216.75,1217
2026-02-02 14:06:00,18216.75,18220.00,18199.00,18201.00,1151
2026-02-02 14:07:00,18201.00,18225.25,18198.00,18221.50,507
2026-02-02 14:08:00,18221.50,18222.00,18206.25,18212.00,784
2026-02-02 14:09:00,18212.00,18217.25,18207.50,18216.25,1257
2026-02-02 14:10:00,18216.25,18225.25,18210.00,18210.50,461
2026-02-02 14:11:00,18210.50,18215.50,18208.50,18210.50,1334
2026-02-02 14:12:00,18210.50,18218.25,18207.50,18212.25,1086
2026-02-02 14:13:00,18212.25,18214.75,18202.00,18205.00,1046
2026-02-02 14:14:00,18205.00,18213.00,18202.25,18211.75,918
2026-02-02 14:15:00,18211.75,18213.00,18191.25,18196.00,789
2026-02-02 14:16:00,18196.00,18207.75,18192.00,18207.25,1242
2026-02-02 14:17:00,18207.25,18210.25,18202.50,18208.50,413
2026-02-02 14:18:00,18208.50,18211.25,18203.75,18207.25,1081
2026-02-02 14:19:00,18207.25,18212.00,18200.25,18202.25,1189
2026-02-02 14:20:00,18202.25,18208.50,18195.50,18198.00,1397
2026-02-02 14:21:00,18198.00,18216.00,18189.75,18209.50,589
2026-02-02 14:22:00,18209.50,18210.50,18202.75,18205.75,818
2026-02-02 14:23:00,18205.75,18215.75,18198.00,18203.75,911
2026-02-02 14:24:00,18203.75,18210.50,18191.75,18193.50,725
2026-02-02 14:25:00,18193.50,18205.75,18193.25,18202.25,893
2026-02-02 14:26:00,18202.25,18208.25,18189.00,18196.50,1384
2026-02-02 14:27:00,18196.50,18217.50,18194.00,18209.75,1044
2026-02-02 14:28:00,18209.75,18212.25,18207.25,18210.00,810
2026-02-02 14:29:00,18210.00,18211.25,18205.00,18205.50,408
2026-02-02 14:30:00,18205.50,18206.50,18200.75,18202.75,818
2026-02-02 14:31:00,18202.75,18206.25,18190.75,18193.75,1317
2026-02-02 14:32:00,18193.75,18195.50,18192.50,18193.75,1118
2026-02-02 14:33:00,18193.75,18196.75,18190.50,18195.25,776
2026-02-02 14:34:00,18195.25,18201.50,18193.50,18197.00,461
2026-02-02 14:35:00,18197.00,18219.50,18194.00,18215.75,732
2026-02-02 14:36:00,18215.75,18218.50,18190.75,18196.25,1272
2026-02-02 14:37:00,18196.25,18213.50,18191.00,18210.75,1393
2026-02-02 14:38:00,18210.75,18215.75,18194.50,18199.75,1230
2026-02-02 14:39:00,18199.75,18206.75,18192.75,18206.25,734
2026-02-02 14:40:00,18206.25,18209.75,18189.75,18200.75,1059
2026-02-02 14:41:00,18200.75,18212.50,18185.25,18212.00,830
2026-02-02 14:42:00,18212.00,18214.00,18198.75,18204.75,1422
2026-02-02 14:43:00,18204.75,18216.00,18199.75,18212.25,929
2026-02-02 14:44:00,18212.25,18212.75,18190.00,18190.00,469
2026-02-02 14:45:00,18190.00,18217.75,18183.75,18213.50,603
2026-02-02 14:46:00,18213.50,18219.50,18204.75,18211.25,1302
2026-02-02 14:47:00,18211.25,18212.00,18200.50,18201.50,396
2026-02-02 14:48:00,18201.50,18207.00,18194.25,18205.00,931
2026-02-02 14:49:00,18205.00,18206.75,18196.75,18205.25,637
2026-02-02 14:50:00,18205.25,18223.75,18200.25,18222.50,945
2026-02-02 14:51:00,18222.50,18224.00,18193.75,18200.50,748
2026-02-02 14:52:00,18200.50,18201.50,18197.75,18198.25,208
2026-02-02 14:53:00,18198.25,18211.25,18186.75,18203.75,1325
2026-02-02 14:54:00,18203.75,18207.75,18185.50,18195.50,918
2026-02-02 14:55:00,18195.50,18197.50,18184.50,18188.00,1450
2026-02-02 14:56:00,18188.00,18212.75,18184.25,18207.00,684
2026-02-02 14:57:00,18207.00,18214.00,18203.00,18212.00,399
2026-02-02 14:58:00,18212.00,18214.50,18198.50,18199.75,919
2026-02-02 14:59:00,18199.75,18218.75,18197.25,18218.25,996
2026-02-02 15:00:00,18218.25,18224.00,18198.50,18202.75,657
2026-02-02 15:01:00,18202.75,18217.25,18198.25,18203.00,445
2026-02-02 15:02:00,18203.00,18212.00,18197.50,18203.75,615
2026-02-02 15:03:00,18203.75,18208.75,18193.75,18200.00,381
2026-02-02 15:04:00,18200.00,18205.00,18191.75,18197.25,953
2026-02-02 15:05:00,18197.25,18202.50,18196.00,18201.75,399
2026-02-02 15:06:00,18201.75,18201.75,18195.75,18199.25,1339
2026-02-02 15:07:00,18199.25,18210.50,18196.25,18209.50,317
2026-02-02 15:08:00,18209.50,18213.75,18189.00,18193.50,327
2026-02-02 15:09:00,18193.50,18203.00,18190.50,18200.25,1480
2026-02-02 15:10:00,18200.25,18219.00,18199.00,18217.00,1326
2026-02-02 15:11:00,18217.00,18221.50,18184.75,18189.75,1485
2026-02-02 15:12:00,18189.75,18206.50,18184.50,18186.00,404
2026-02-02 15:13:00,18186.00,18212.75,18180.75,18204.25,325
2026-02-02 15:14:00,18204.25,18218.75,18202.75,18216.25,1499
2026-02-02 15:15:00,18216.25,18219.25,18199.50,18201.25,995
2026-02-02 15:16:00,18201.25,18208.25,18197.00,18205.50,270
2026-02-02 15:17:00,18205.50,18213.75,18192.25,18194.50,289
2026-02-02 15:18:00,18194.50,18196.25,18186.25,18189.75,315
2026-02-02 15:19:00,18189.75,18194.25,18176.75,18186.25,888
2026-02-02 15:20:00,18186.25,18214.00,18176.50,18211.00,1134
2026-02-02 15:21:00,18211.00,18214.50,18196.00,18198.75,644
2026-02-02 15:22:00,18198.75,18202.75,18182.75,18187.50,1035
2026-02-02 15:23:00,18187.50,18192.50,18184.25,18189.75,286
2026-02-02 15:24:00,18189.75,18205.50,18179.00,18201.25,226
2026-02-02 15:25:00,18201.25,18201.25,18188.50,18192.00,922
2026-02-02 15:26:00,18192.00,18202.00,18191.00,18199.25,1359
2026-02-02 15:27:00,18199.25,18212.00,18198.50,18208.50,706
2026-02-02 15:28:00,18208.50,18211.25,18195.50,18195.75,1112
2026-02-02 15:29:00,18195.75,18202.50,18191.25,18194.50,1215
2026-02-02 15:30:00,18194.50,18207.75,18194.00,18204.00,1255
2026-02-02 15:31:00,18204.00,18206.25,18202.25,18204.50,203
2026-02-02 15:32:00,18204.50,18208.75,18187.00,18187.75,701
2026-02-02 15:33:00,18187.75,18194.00,18186.00,18193.25,818
2026-02-02 15:34:00,18193.25,18199.00,18190.00,18198.00,396
2026-02-02 15:35:00,18198.00,18202.50,18192.75,18200.50,929
2026-02-02 15:36:00,18200.50,18217.50,18198.75,18214.00,1499
2026-02-02 15:37:00,18214.00,18220.75,18193.50,18194.75,350
2026-02-02 15:38:00,18194.75,18199.25,18190.00,18191.50,1411
2026-02-02 15:39:00,18191.50,18198.50,18191.00,18194.00,367
2026-02-02 15:40:00,18194.00,18216.25,18191.50,18212.50,455
2026-02-02 15:41:00,18212.50,18216.75,18210.00,18210.50,1412
2026-02-02 15:42:00,18210.50,18214.25,18208.00,18212.50,333
2026-02-02 15:43:00,18212.50,18216.50,18194.75,18198.75,701
2026-02-02 15:44:00,18198.75,18217.25,18189.00,18216.00,225
2026-02-02 15:45:00,18216.00,18221.00,18198.75,18200.25,241
2026-02-02 15:46:00,18200.25,18210.00,18199.25,18207.75,537
2026-02-02 15:47:00,18207.75,18213.25,18206.50,18212.00,1096
2026-02-02 15:48:00,18212.00,18212.50,18193.00,18203.50,1133
2026-02-02 15:49:00,18203.50,18212.00,18193.50,18210.25,234
2026-02-02 15:50:00,18210.25,18210.75,18198.50,18202.25,214
2026-02-02 15:51:00,18202.25,18208.00,18196.75,18198.75,599
2026-02-02 15:52:00,18198.75,18218.50,18196.25,18218.25,1194
2026-02-02 15:53:00,18218.25,18221.25,18184.25,18187.00,1288
2026-02-02 15:54:00,18187.00,18197.25,18183.00,18194.50,874
2026-02-02 15:55:00,18194.50,18204.75,18186.50,18200.25,1016
2026-02-02 15:56:00,18200.25,18207.00,18184.50,18188.00,1035
2026-02-02 15:57:00,18188.00,18219.00,18187.00,18212.50,1130
2026-02-02 15:58:00,18212.50,18218.50,18184.50,18186.00,1164
2026-02-02 15:59:00,18186.00,18206.00,18181.25,18198.00,415
2026-02-03 08:00:00,18283.25,18287.50,18276.25,18279.50,739
2026-02-03 08:01:00,18279.50,18285.75,18278.50,18283.25,563
2026-02-03 08:02:00,18283.25,18288.50,18282.50,18284.50,923
2026-02-03 08:03:00,18284.50,18285.00,18273.25,18282.50,790
2026-02-03 08:04:00,18282.50,18288.50,18274.25,18277.25,1156
2026-02-03 08:05:00,18277.25,18294.00,18274.75,18292.25,1072
2026-02-03 08:06:00,18292.25,18293.50,18279.75,18280.50,945
2026-02-03 08:07:00,18280.50,18286.25,18274.50,18276.00,676
2026-02-03 08:08:00,18276.00,18294.00,18266.25,18289.25,564
2026-02-03 08:09:00,18289.25,18293.00,18286.75,18289.25,1492
2026-02-03 08:10:00,18289.25,18289.50,18286.75,18288.25,1025
2026-02-03 08:11:00,18288.25,18289.50,18272.00,18273.75,1454
2026-02-03 08:12:00,18273.75,18279.75,18273.75,18276.00,701
2026-02-03 08:13:00,18276.00,18287.00,18273.00,18286.25,207
2026-02-03 08:14:00,18286.25,18295.50,18276.25,18289.75,425
2026-02-03 08:15:00,18289.75,18290.75,18272.25,18274.25,688
2026-02-03 08:16:00,18274.25,18280.00,18272.75,18276.00,211
2026-02-03 08:17:00,18276.00,18287.75,18270.75,18280.25,1441
2026-02-03 08:18:00,18280.25,18282.50,18278.75,18281.00,1340
2026-02-03 08:19:00,18281.00,18282.00,18271.75,18271.75,627
2026-02-03 08:20:00,18271.75,18281.25,18271.25,18277.75,538
2026-02-03 08:21:00,18277.75,18282.00,18271.50,18280.50,763
2026-02-03 08:22:00,18280.50,18288.50,18265.50,18268.75,759
2026-02-03 08:23:00,18268.75,18283.50,18266.75,18279.25,794
2026-02-03 08:24:00,18279.25,18279.25,18274.75,18278.00,1309
2026-02-03 08:25:00,18278.00,18279.00,18272.75,18278.00,1204
2026-02-03 08:26:00,18278.00,18278.25,18270.00,18274.50,529
2026-02-03 08:27:00,18274.50,18290.50,18273.00,18287.75,1260
2026-02-03 08:28:00,18287.75,18301.00,18285.50,18297.50,1320
2026-02-03 08:29:00,18297.50,18297.75,18275.00,18284.50,393
2026-02-03 08:30:00,18284.50,18285.00,18276.75,18277.25,1069
2026-02-03 08:31:00,18277.25,18284.75,18275.00,18284.00,1445
2026-02-03 08:32:00,18284.00,18285.50,18279.25,18284.75,844
2026-02-03 08:33:00,18284.75,18287.00,18277.25,18284.50,707
2026-02-03 08:34:00,18284.50,18285.25,18280.25,18280.25,307
2026-02-03 08:35:00,18280.25,18283.25,18280.00,18283.00,803
2026-02-03 08:36:00,18283.00,18291.50,18281.25,18287.00,735
2026-02-03 08:37:00,18287.00,18287.75,18270.25,18275.25,616
2026-02-03 08:38:00,18275.25,18278.00,18270.00,18271.25,472
2026-02-03 08:39:00,18271.25,18282.00,18261.00,18277.75,1258
2026-02-03 08:40:00,18277.75,18280.25,18272.50,18273.75,1045
2026-02-03 08:41:00,18273.75,18277.50,18273.25,18276.25,417
2026-02-03 08:42:00,18276.25,18282.75,18275.75,18282.00,374
2026-02-03 08:43:00,18282.00,18287.00,18277.25,18283.50,1193
2026-02-03 08:44:00,18283.50,18288.25,18278.75,18286.75,409
2026-02-03 08:45:00,18286.75,18289.25,18286.00,18286.25,1133
2026-02-03 08:46:00,18286.25,18286.75,18276.75,18280.00,1500
2026-02-03 08:47:00,18280.00,18294.75,18278.50,18290.50,526
2026-02-03 08:48:00,18290.50,18294.75,18286.50,18288.00,526
2026-02-03 08:49:00,18288.00,18296.75,18278.25,18278.50,435
2026-02-03 08:50:00,18278.50,18280.00,18273.00,18275.50,230
2026-02-03 08:51:00,18275.50,18288.25,18273.75,18283.50,391
2026-02-03 08:52:00,18283.50,18287.00,18283.25,18286.75,1154
2026-02-03 08:53:00,18286.75,18290.50,18280.50,18280.75,406
2026-02-03 08:54:00,18280.75,18282.00,18279.75,18280.75,970
2026-02-03 08:55:00,18280.75,18296.50,18278.50,18288.25,805
2026-02-03 08:56:00,18288.25,18289.25,18270.25,18272.75,616
2026-02-03 08:57:00,18272.75,18294.00,18271.50,18291.25,759
2026-02-03 08:58:00,18291.25,18292.25,18270.50,18275.00,1014
2026-02-03 08:59:00,18275.00,18287.25,18270.25,18286.25,395
2026-02-03 09:00:00,18286.25,18289.50,18284.00,18289.25,1306
2026-02-03 09:01:00,18289.25,18295.25,18274.50,18275.25,1433
2026-02-03 09:02:00,18275.25,18288.00,18272.00,18283.50,1423
2026-02-03 09:03:00,18283.50,18284.75,18265.50,18269.50,437
2026-02-03 09:04:00,18269.50,18273.00,18266.75,18267.50,922
2026-02-03 09:05:00,18267.50,18283.00,18266.50,18279.00,1411
2026-02-03 09:06:00,18279.00,18292.25,18277.25,18288.75,421
2026-02-03 09:07:00,18288.75,18290.75,18276.25,18281.00,420
2026-02-03 09:08:00,18281.00,18281.50,18277.00,18277.75,433
2026-02-03 09:09:00,18277.75,18293.00,18274.50,18289.00,251
2026-02-03 09:10:00,18289.00,18293.25,18278.50,18282.75,840
2026-02-03 09:11:00,18282.75,18284.25,18281.25,18283.75,922
2026-02-03 09:12:00,18283.75,18288.50,18280.75,18284.50,333
2026-02-03 09:13:00,18284.50,18289.50,18277.25,18278.50,242
2026-02-03 09:14:00,18278.50,18283.75,18272.00,18276.50,599
2026-02-03 09:15:00,18276.50,18278.75,18275.75,18277.75,1227
2026-02-03 09:16:00,18277.75,18296.00,18273.25,18291.00,500
2026-02-03 09:17:00,18291.00,18301.50,18272.50,18278.00,227
2026-02-03 09:18:00,18278.00,18282.50,18273.25,18279.75,520
2026-02-03 09:19:00,18279.75,18283.50,18278.75,18281.25,1322
2026-02-03 09:20:00,18281.25,18287.00,18273.75,18274.00,1330
2026-02-03 09:21:00,18274.00,18290.75,18268.25,18286.75,621
2026-02-03 09:22:00,18286.75,18293.50,18272.00,18274.25,1049
2026-02-03 09:23:00,18274.25,18286.00,18272.50,18280.50,332
2026-02-03 09:24:00,18280.50,18289.75,18278.50,18287.00,398
2026-02-03 09:25:00,18287.00,18295.00,18267.75,18271.00,648
2026-02-03 09:26:00,18271.00,18272.25,18265.75,18269.00,214
2026-02-03 09:27:00,18269.00,18278.50,18267.25,18276.50,1094
2026-02-03 09:28:00,18276.50,18289.25,18274.25,18284.50,689
2026-02-03 09:29:00,18284.50,18295.00,18273.00,18274.25,1284
2026-02-03 09:30:00,18274.25,18284.75,18267.75,18284.25,1225
2026-02-03 09:31:00,18284.25,18285.00,18258.25,18269.75,739
2026-02-03 09:32:00,18269.75,18295.25,18267.00,18291.00,760
2026-02-03 09:33:00,18291.00,18293.50,18271.25,18279.75,288
2026-02-03 09:34:00,18279.75,18290.00,18276.00,18287.75,963
2026-02-03 09:35:00,18287.75,18288.50,18279.75,18280.00,535
2026-02-03 09:36:00,18280.00,18280.75,18258.50,18268.75,1118
2026-02-03 09:37:00,18268.75,18299.75,18268.00,18294.25,302
2026-02-03 09:38:00,18294.25,18302.50,18291.50,18300.75,399
2026-02-03 09:39:00,18300.75,18309.00,18274.00,18286.50,1352
2026-02-03 09:40:00,18286.50,18288.25,18277.75,18280.75,894
2026-02-03 09:41:00,18280.75,18287.25,18271.75,18283.00,914
2026-02-03 09:42:00,18283.00,18297.50,18279.50,18293.25,410
2026-02-03 09:43:00,18293.25,18299.75,18288.50,18294.25,327
2026-02-03 09:44:00,18294.25,18294.50,18277.50,18281.50,1122
2026-02-03 09:45:00,18281.50,18283.75,18281.50,18282.75,1066
2026-02-03 09:46:00,18282.75,18287.75,18266.00,18272.50,707
2026-02-03 09:47:00,18272.50,18305.00,18270.25,18299.25,1274
2026-02-03 09:48:00,18299.25,18301.25,18284.25,18286.75,1382
2026-02-03 09:49:00,18286.75,18287.50,18262.25,18270.75,211
2026-02-03 09:50:00,18270.75,18296.00,18265.75,18294.50,1154
2026-02-03 09:51:00,18294.50,18298.25,18277.25,18280.50,452
2026-02-03 09:52:00,18280.50,18281.25,18265.00,18269.75,1141
2026-02-03 09:53:00,18269.75,18279.75,18264.75,18278.50,1126
2026-02-03 09:54:00,18278.50,18288.75,18274.75,18284.75,1335
2026-02-03 09:55:00,18284.75,18288.75,18270.00,18276.50,1170
2026-02-03 09:56:00,18276.50,18295.25,18266.00,18293.50,1416
2026-02-03 09:57:00,18293.50,18296.50,18272.25,18273.25,1432
2026-02-03 09:58:00,18273.25,18299.50,18265.50,18295.75,991
2026-02-03 09:59:00,18295.75,18299.00,18289.50,18289.50,801
2026-02-03 10:00:00,18289.50,18290.50,18284.75,18288.75,748
2026-02-03 10:01:00,18288.75,18296.75,18274.00,18288.00,1145
2026-02-03 10:02:00,18288.00,18305.75,18284.75,18299.75,661
2026-02-03 10:03:00,18299.75,18305.25,18277.50,18278.50,852
2026-02-03 10:04:00,18278.50,18285.50,18267.50,18271.75,483
2026-02-03 10:05:00,18271.75,18279.75,18267.00,18274.75,1263
2026-02-03 10:06:00,18274.75,18299.25,18266.00,18289.75,550
2026-02-03 10:07:00,18289.75,18295.25,18272.50,18279.50,975
2026-02-03 10:08:00,18279.50,18283.00,18270.00,18277.25,551
2026-02-03 10:09:00,18277.25,18280.00,18262.75,18268.75,674
2026-02-03 10:10:00,18268.75,18291.25,18265.50,18287.75,308
2026-02-03 10:11:00,18287.75,18304.25,18285.75,18292.00,1452
2026-02-03 10:12:00,18292.00,18301.75,18274.50,18276.50,532
2026-02-03 10:13:00,18276.50,18277.50,18273.75,18276.00,533
2026-02-03 10:14:00,18276.00,18286.00,18272.00,18282.50,243
2026-02-03 10:15:00,18282.50,18300.25,18280.00,18298.00,306
2026-02-03 10:16:00,18298.00,18305.50,18284.00,18285.50,564
2026-02-03 10:17:00,18285.50,18289.00,18278.25,18283.50,1387
2026-02-03 10:18:00,18283.50,18289.25,18283.00,18286.25,1488
2026-02-03 10:19:00,18286.25,18287.00,18282.25,18285.00,478
2026-02-03 10:20:00,18285.00,18303.00,18282.50,18286.75,1491
2026-02-03 10:21:00,18286.75,18297.00,18282.75,18290.75,439
2026-02-03 10:22:00,18290.75,18296.75,18276.00,18276.25,777
2026-02-03 10:23:00,18276.25,18282.50,18276.00,18281.25,1486
2026-02-03 10:24:00,18281.25,18285.25,18276.75,18279.75,665
2026-02-03 10:25:00,18279.75,18289.00,18260.75,18286.25,632
2026-02-03 10:26:00,18286.25,18302.50,18283.00,18290.50,1158
2026-02-03 10:27:00,18290.50,18299.25,18287.25,18287.75,1121
2026-02-03 10:28:00,18287.75,18294.75,18277.50,18283.00,879
2026-02-03 10:29:00,18283.00,18292.25,18279.75,18289.50,860
2026-02-03 10:30:00,18289.50,18298.25,18285.50,18291.75,920
2026-02-03 10:31:00,18291.75,18297.00,18266.75,18272.00,615
2026-02-03 10:32:00,18272.00,18286.25,18271.75,18278.25,898
2026-02-03 10:33:00,18278.25,18291.25,18266.25,18286.50,582
2026-02-03 10:34:00,18286.50,18287.50,18266.25,18268.50,1345
2026-02-03 10:35:00,18268.50,18288.00,18265.25,18283.25,729
2026-02-03 10:36:00,18283.25,18284.75,18268.50,18274.25,1141
2026-02-03 10:37:00,18274.25,18298.00,18273.50,18295.00,255
2026-02-03 10:38:00,18295.00,18297.50,18283.75,18284.00,1099
2026-02-03 10:39:00,18284.00,18285.25,18280.00,18283.75,1301
2026-02-03 10:40:00,18283.75,18284.50,18276.25,18283.00,1273
2026-02-03 10:41:00,18283.00,18298.00,18272.25,18291.75,1406
2026-02-03 10:42:00,18291.75,18292.00,18268.00,18269.25,396
2026-02-03 10:43:00,18269.25,18289.50,18266.50,18284.25,1070
2026-02-03 10:44:00,18284.25,18289.00,18284.00,18288.75,576
2026-02-03 10:45:00,18288.75,18292.00,18276.75,18278.00,754
2026-02-03 10:46:00,18278.00,18287.50,18274.50,18276.50,974
2026-02-03 10:47:00,18276.50,18295.00,18276.25,18290.25,1421
2026-02-03 10:48:00,18290.25,18294.00,18286.25,18288.00,1200
2026-02-03 10:49:00,18288.00,18291.75,18258.75,18269.00,1195
2026-02-03 10:50:00,18269.00,18277.25,18262.50,18272.25,469
2026-02-03 10:51:00,18272.25,18293.25,18267.50,18287.75,1442
2026-02-03 10:52:00,18287.75,18295.50,18280.75,18292.75,534
2026-02-03 10:53:00,18292.75,18297.75,18289.00,18296.50,420
2026-02-03 10:54:00,18296.50,18299.75,18277.00,18279.00,814
2026-02-03 10:55:00,18279.00,18290.50,18272.50,18287.00,1038
2026-02-03 10:56:00,18287.00,18287.75,18273.25,18276.25,874
2026-02-03 10:57:00,18276.25,18298.25,18274.75,18294.75,564
2026-02-03 10:58:00,18294.75,18304.25,18286.50,18289.50,592
2026-02-03 10:59:00,18289.50,18303.75,18288.00,18300.75,1344
2026-02-03 11:00:00,18300.75,18306.50,18273.50,18282.25,1071
2026-02-03 11:01:00,18282.25,18282.75,18267.00,18269.25,767
2026-02-03 11:02:00,18269.25,18269.50,18259.75,18264.00,1371
2026-02-03 11:03:00,18264.00,18299.00,18258.75,18290.75,262
2026-02-03 11:04:00,18290.75,18293.00,18263.00,18263.25,726
2026-02-03 11:05:00,18263.25,18277.25,18260.25,18275.00,1182
2026-02-03 11:06:00,18275.00,18312.50,18270.00,18300.75,1225
2026-02-03 11:07:00,18300.75,18308.50,18291.50,18300.75,1086
2026-02-03 11:08:00,18300.75,18303.00,18272.75,18283.00,1021
2026-02-03 11:09:00,18283.00,18288.00,18267.00,18272.00,1452
2026-02-03 11:10:00,18272.00,18296.00,18262.25,18282.00,1238
2026-02-03 11:11:00,18282.00,18286.00,18273.25,18280.25,802
2026-02-03 11:12:00,18280.25,18290.25,18278.50,18283.25,713
2026-02-03 11:13:00,18283.25,18286.75,18271.75,18275.50,275
2026-02-03 11:14:00,18275.50,18292.75,18272.50,18283.75,285
2026-02-03 11:15:00,18283.75,18289.00,18281.00,18283.25,722
2026-02-03 11:16:00,18283.25,18299.25,18280.75,18289.75,1165
2026-02-03 11:17:00,18289.75,18292.00,18281.25,18284.75,677
2026-02-03 11:18:00,18284.75,18292.75,18283.25,18288.25,1183
2026-02-03 11:19:00,18288.25,18297.75,18286.25,18287.00,375
2026-02-03 11:20:00,18287.00,18299.00,18286.00,18295.00,1498
2026-02-03 11:21:00,18295.00,18306.50,18259.00,18276.00,1040
2026-02-03 11:22:00,18276.00,18285.25,18268.75,18279.00,865
2026-02-03 11:23:00,18279.00,18285.50,18274.25,18284.50,421
2026-02-03 11:24:00,18284.50,18290.75,18272.75,18276.50,661
2026-02-03 11:25:00,18276.50,18300.75,18273.00,18296.00,251
2026-02-03 11:26:00,18296.00,18297.00,18262.75,18264.75,451
2026-02-03 11:27:00,18264.75,18291.75,18252.50,18285.50,749
2026-02-03 11:28:00,18285.50,18303.50,18281.75,18297.75,1476
2026-02-03 11:29:00,18297.75,18306.50,18258.75,18264.75,1444
2026-02-03 11:30:00,18264.75,18303.75,18252.25,18301.75,398
2026-02-03 11:31:00,18301.75,18305.75,18273.25,18277.00,1085
2026-02-03 11:32:00,18277.00,18301.50,18276.25,18295.25,931
2026-02-03 11:33:00,18295.25,18298.50,18274.50,18282.25,1428
2026-02-03 11:34:00,18282.25,18297.75,18281.00,18283.50,500
2026-02-03 11:35:00,18283.50,18287.00,18268.75,18277.00,1389
2026-02-03 11:36:00,18277.00,18278.00,18258.50,18266.00,1424
2026-02-03 11:37:00,18266.00,18272.00,18261.25,18266.25,1401
2026-02-03 11:38:00,18266.25,18275.50,18251.50,18256.25,1165
2026-02-03 11:39:00,18256.25,18307.00,18250.75,18300.00,630
2026-02-03 11:40:00,18300.00,18301.50,18282.75,18283.75,1327
2026-02-03 11:41:00,18283.75,18298.75,18283.00,18291.25,1191
2026-02-03 11:42:00,18291.25,18298.25,18278.50,18279.25,231
2026-02-03 11:43:00,18279.25,18285.00,18262.00,18268.25,988
2026-02-03 11:44:00,18268.25,18285.00,18266.50,18284.75,958
2026-02-03 11:45:00,18284.75,18291.00,18284.25,18290.25,586
2026-02-03 11:46:00,18290.25,18291.00,18269.75,18276.00,440
2026-02-03 11:47:00,18276.00,18283.75,18262.25,18281.50,915
2026-02-03 11:48:00,18281.50,18281.75,18269.50,18275.50,933
2026-02-03 11:49:00,18275.50,18301.25,18268.75,18297.25,554
2026-02-03 11:50:00,18297.25,18300.50,18265.75,18266.00,296
2026-02-03 11:51:00,18266.00,18276.00,18258.75,18263.50,1231
2026-02-03 11:52:00,18263.50,18283.25,18256.00,18283.00,1162
2026-02-03 11:53:00,18283.00,18288.75,18275.75,18277.25,662
2026-02-03 11:54:00,18277.25,18285.75,18260.50,18284.50,1069
2026-02-03 11:55:00,18284.50,18287.50,18268.00,18269.75,973
2026-02-03 11:56:00,18269.75,18285.00,18263.50,18279.50,344
2026-02-03 11:57:00,18279.50,18285.75,18275.00,18282.75,792
2026-02-03 11:58:00,18282.75,18288.50,18280.25,18280.50,685
2026-02-03 11:59:00,18280.50,18290.50,18276.75,18288.75,1134
2026-02-03 12:00:00,18288.75,18293.00,18274.50,18281.25,987
2026-02-03 12:01:00,18281.25,18296.75,18281.25,18296.50,368
2026-02-03 12:02:00,18296.50,18297.50,18291.75,18296.25,1326
2026-02-03 12:03:00,18296.25,18297.75,18260.75,18272.25,840
2026-02-03 12:04:00,18272.25,18278.00,18261.25,18265.75,841
2026-02-03 12:05:00,18265.75,18270.50,18263.75,18268.50,899
2026-02-03 12:06:00,18268.50,18286.00,18264.50,18283.25,760
2026-02-03 12:07:00,18283.25,18284.75,18259.25,18266.50,1149
2026-02-03 12:08:00,18266.50,18289.75,18263.00,18288.00,612
2026-02-03 12:09:00,18288.00,18295.25,18265.00,18265.75,763
2026-02-03 12:10:00,18265.75,18305.00,18264.25,18294.50,854
2026-02-03 12:11:00,18294.50,18303.75,18290.25,18300.75,559
2026-02-03 12:12:00,18300.75,18302.50,18274.25,18281.25,1250
2026-02-03 12:13:00,18281.25,18293.00,18259.25,18271.00,759
2026-02-03 12:14:00,18271.00,18282.75,18270.25,18275.00,647
2026-02-03 12:15:00,18275.00,18286.75,18263.75,18283.00,419
2026-02-03 12:16:00,18283.00,18284.00,18271.00,18281.25,721
2026-02-03 12:17:00,18281.25,18288.25,18271.50,18282.25,1163
2026-02-03 12:18:00,18282.25,18283.25,18271.75,18273.00,1123
2026-02-03 12:19:00,18273.00,18275.00,18260.25,18260.25,1178
2026-02-03 12:20:00,18260.25,18288.75,18258.00,18281.50,1322
2026-02-03 12:21:00,18281.50,18299.75,18273.00,18288.25,1410
2026-02-03 12:22:00,18288.25,18290.50,18272.50,18276.00,1086
2026-02-03 12:23:00,18276.00,18286.50,18263.25,18264.75,614
2026-02-03 12:24:00,18264.75,18283.00,18257.25,18274.50,1171
2026-02-03 12:25:00,18274.50,18275.75,18244.50,18255.75,1428
2026-02-03 12:26:00,18255.75,18303.75,18253.75,18296.25,673
2026-02-03 12:27:00,18296.25,18297.25,18264.75,18272.00,900
2026-02-03 12:28:00,18272.00,18275.25,18264.75,18271.75,1384
2026-02-03 12:29:00,18271.75,18292.75,18270.00,18288.50,710
2026-02-03 12:30:00,18288.50,18293.25,18260.75,18268.75,413
2026-02-03 12:31:00,18268.75,18289.25,18258.75,18284.25,1433
2026-02-03 12:32:00,18284.25,18286.00,18254.00,18259.50,438
2026-02-03 12:33:00,18259.50,18297.00,18255.50,18294.00,1245
2026-02-03 12:34:00,18294.00,18294.00,18263.50,18274.75,1000
2026-02-03 12:35:00,18274.75,18288.00,18258.00,18285.75,840
2026-02-03 12:36:00,18285.75,18307.00,18281.00,18293.25,1109
2026-02-03 12:37:00,18293.25,18299.50,18278.25,18285.75,306
2026-02-03 12:38:00,18285.75,18289.00,18282.00,18283.00,466
2026-02-03 12:39:00,18283.00,18292.75,18282.50,18290.00,840
2026-02-03 12:40:00,18290.00,18291.50,18281.25,18285.25,1344
2026-02-03 12:41:00,18285.25,18306.25,18281.75,18295.75,1108
2026-02-03 12:42:00,18295.75,18299.75,18273.25,18275.00,633
2026-02-03 12:43:00,18275.00,18289.75,18272.75,18279.00,430
2026-02-03 12:44:00,18279.00,18302.75,18270.00,18297.75,379
2026-02-03 12:45:00,18297.75,18301.50,18276.50,18283.00,327
2026-02-03 12:46:00,18283.00,18286.00,18270.25,18272.25,433
2026-02-03 12:47:00,18272.25,18287.50,18254.50,18283.25,780
2026-02-03 12:48:00,18283.25,18284.50,18268.00,18269.50,1058
2026-02-03 12:49:00,18269.50,18281.75,18264.75,18278.25,458
2026-02-03 12:50:00,18278.25,18283.50,18275.75,18278.50,980
2026-02-03 12:51:00,18278.50,18280.25,18273.75,18278.50,1018
2026-02-03 12:52:00,18278.50,18286.00,18272.00,18285.25,1355
2026-02-03 12:53:00,18285.25,18286.75,18263.00,18270.00,251
2026-02-03 12:54:00,18270.00,18278.75,18260.75,18277.25,1323
2026-02-03 12:55:00,18277.25,18279.25,18260.75,18269.00,1370
2026-02-03 12:56:00,18269.00,18275.25,18266.50,18275.00,1494
2026-02-03 12:57:00,18275.00,18285.50,18273.25,18281.75,1087
2026-02-03 12:58:00,18281.75,18282.25,18272.00,18272.25,367
2026-02-03 12:59:00,18272.25,18275.00,18254.50,18263.25,1232
2026-02-03 13:00:00,18263.25,18291.50,18254.50,18291.00,218
2026-02-03 13:01:00,18291.00,18294.75,18277.50,18282.75,325
2026-02-03 13:02:00,18282.75,18292.50,18275.50,18275.75,273
2026-02-03 13:03:00,18275.75,18293.25,18269.75,18287.00,513
2026-02-03 13:04:00,18287.00,18298.50,18281.75,18295.00,447
2026-02-03 13:05:00,18295.00,18296.00,18278.75,18280.75,1144
2026-02-03 13:06:00,18280.75,18295.75,18273.50,18279.50,1075
2026-02-03 13:07:00,18279.50,18281.75,18262.50,18269.25,1129
2026-02-03 13:08:00,18269.25,18297.25,18263.75,18295.75,555
2026-02-03 13:09:00,18295.75,18308.50,18265.00,18273.25,355
2026-02-03 13:10:00,18273.25,18287.25,18272.50,18286.75,1342
2026-02-03 13:11:00,18286.75,18291.50,18265.50,18271.50,849
2026-02-03 13:12:00,18271.50,18294.25,18266.75,18286.50,1048
2026-02-03 13:13:00,18286.50,18296.50,18274.50,18281.75,1109
2026-02-03 13:14:00,18281.75,18284.75,18275.75,18279.75,619
2026-02-03 13:15:00,18279.75,18282.25,18263.50,18267.75,1277
2026-02-03 13:16:00,18267.75,18286.00,18267.25,18280.25,623
2026-02-03 13:17:00,18280.25,18283.25,18267.50,18270.50,683
2026-02-03 13:18:00,18270.50,18274.50,18268.25,18272.75,777
2026-02-03 13:19:00,18272.75,18280.00,18266.50,18266.75,1160
2026-02-03 13:20:00,18266.75,18276.50,18265.75,18275.50,807
2026-02-03 13:21:00,18275.50,18278.50,18252.50,18259.25,509
2026-02-03 13:22:00,18259.25,18275.50,18252.00,18275.25,774
2026-02-03 13:23:00,18275.25,18280.50,18272.75,18279.25,825
2026-02-03 13:24:00,18279.25,18281.75,18272.00,18274.50,454
2026-02-03 13:25:00,18274.50,18284.25,18269.50,18279.75,644
2026-02-03 13:26:00,18279.75,18284.75,18274.50,18275.00,603
2026-02-03 13:27:00,18275.00,18282.50,18273.25,18279.00,717
2026-02-03 13:28:00,18279.00,18279.50,18277.25,18278.25,205
2026-02-03 13:29:00,18278.25,18295.25,18269.50,18269.75,531
2026-02-03 13:30:00,18269.75,18280.00,18266.75,18273.00,329
2026-02-03 13:31:00,18273.00,18292.00,18270.75,18283.25,283
2026-02-03 13:32:00,18283.25,18290.25,18259.50,18273.00,1421
2026-02-03 13:33:00,18273.00,18286.25,18271.75,18284.75,1329
2026-02-03 13:34:00,18284.75,18286.50,18270.50,18276.00,298
2026-02-03 13:35:00,18276.00,18290.25,18266.50,18285.50,907
2026-02-03 13:36:00,18285.50,18291.50,18266.25,18267.50,1444
2026-02-03 13:37:00,18267.50,18267.75,18257.25,18259.25,912
2026-02-03 13:38:00,18259.25,18275.50,18251.00,18271.75,214
2026-02-03 13:39:00,18271.75,18275.75,18264.25,18265.50,976
2026-02-03 13:40:00,18265.50,18266.50,18260.25,18260.75,1187
2026-02-03 13:41:00,18260.75,18269.50,18253.50,18268.75,1190
2026-02-03 13:42:00,18268.75,18275.25,18265.75,18271.25,1486
2026-02-03 13:43:00,18271.25,18271.50,18248.50,18255.50,1162
2026-02-03 13:44:00,18255.50,18274.25,18253.75,18271.75,840
2026-02-03 13:45:00,18271.75,18289.75,18267.50,18286.00,519
2026-02-03 13:46:00,18286.00,18286.50,18256.50,18263.25,358
2026-02-03 13:47:00,18263.25,18283.00,18262.00,18278.75,1217
2026-02-03 13:48:00,18278.75,18279.75,18268.75,18270.50,269
2026-02-03 13:49:00,18270.50,18283.50,18268.75,18278.00,988
2026-02-03 13:50:00,18278.00,18278.50,18265.25,18269.50,256
2026-02-03 13:51:00,18269.50,18284.25,18264.75,18279.50,1440
2026-02-03 13:52:00,18279.50,18281.25,18263.00,18263.00,736
2026-02-03 13:53:00,18263.00,18289.75,18255.25,18286.00,1453
2026-02-03 13:54:00,18286.00,18290.00,18271.50,18275.50,658
2026-02-03 13:55:00,18275.50,18281.75,18261.50,18265.00,1088
2026-02-03 13:56:00,18265.00,18292.75,18263.50,18283.75,315
2026-02-03 13:57:00,18283.75,18287.50,18274.25,18277.75,512
2026-02-03 13:58:00,18277.75,18283.50,18263.50,18264.75,487
2026-02-03 13:59:00,18264.75,18302.00,18259.75,18297.00,1157
2026-02-03 14:00:00,18297.00,18305.25,18254.25,18257.25,769
2026-02-03 14:01:00,18257.25,18264.50,18256.00,18260.00,1150
2026-02-03 14:02:00,18260.00,18300.25,18255.25,18297.50,851
2026-02-03 14:03:00,18297.50,18298.25,18276.75,18278.50,1289
2026-02-03 14:04:00,18278.50,18292.00,18273.50,18281.75,653
2026-02-03 14:05:00,18281.75,18287.75,18261.00,18263.25,930
2026-02-03 14:06:00,18263.25,18273.00,18258.75,18271.50,901
2026-02-03 14:07:00,18271.50,18292.25,18268.00,18282.00,1246
2026-02-03 14:08:00,18282.00,18285.25,18260.50,18266.75,353
2026-02-03 14:09:00,18266.75,18277.75,18265.75,18273.75,1472
2026-02-03 14:10:00,18273.75,18276.50,18256.00,18261.75,335
2026-02-03 14:11:00,18261.75,18289.75,18259.75,18283.00,964
2026-02-03 14:12:00,18283.00,18292.50,18280.25,18283.25,577
2026-02-03 14:13:00,18283.25,18285.25,18266.75,18274.50,505
2026-02-03 14:14:00,18274.50,18284.25,18270.50,18271.25,1005
2026-02-03 14:15:00,18271.25,18287.75,18268.25,18287.75,296
2026-02-03 14:16:00,18287.75,18293.50,18249.75,18264.75,885
2026-02-03 14:17:00,18264.75,18289.00,18263.25,18283.50,1259
2026-02-03 14:18:00,18283.50,18289.00,18263.75,18272.00,234
2026-02-03 14:19:00,18272.00,18274.75,18263.75,18274.75,336
2026-02-03 14:20:00,18274.75,18281.25,18266.75,18275.25,669
2026-02-03 14:21:00,18275.25,18288.75,18271.25,18286.50,284
2026-02-03 14:22:00,18286.50,18293.50,18253.50,18259.50,795
2026-02-03 14:23:00,18259.50,18282.00,18253.75,18282.00,1257
2026-02-03 14:24:00,18282.00,18286.25,18279.25,18281.25,620
2026-02-03 14:25:00,18281.25,18282.50,18268.75,18274.00,1294
2026-02-03 14:26:00,18274.00,18281.00,18267.25,18271.00,1063
2026-02-03 14:27:00,18271.00,18281.00,18260.75,18261.00,1360
2026-02-03 14:28:00,18261.00,18268.25,18258.75,18264.75,335
2026-02-03 14:29:00,18264.75,18287.75,18256.50,18280.75,1395
2026-02-03 14:30:00,18280.75,18285.75,18269.50,18271.75,1259
2026-02-03 14:31:00,18271.75,18279.50,18265.50,18273.00,466
2026-02-03 14:32:00,18273.00,18277.25,18254.50,18260.00,291
2026-02-03 14:33:00,18260.00,18283.25,18259.75,18281.50,1050
2026-02-03 14:34:00,18281.50,18285.50,18273.25,18273.50,1141
2026-02-03 14:35:00,18273.50,18278.50,18258.75,18261.75,817
2026-02-03 14:36:00,18261.75,18293.00,18260.50,18278.50,407
2026-02-03 14:37:00,18278.50,18282.25,18256.25,18260.50,1031
2026-02-03 14:38:00,18260.50,18281.00,18258.25,18277.25,1310
2026-02-03 14:39:00,18277.25,18289.50,18266.00,18269.50,1105
2026-02-03 14:40:00,18269.50,18283.00,18268.75,18274.75,1326
2026-02-03 14:41:00,18274.75,18288.00,18274.50,18286.00,864
2026-02-03 14:42:00,18286.00,18289.75,18257.00,18266.25,1472
2026-02-03 14:43:00,18266.25,18286.75,18256.75,18283.00,1340
2026-02-03 14:44:00,18283.00,18295.25,18273.50,18275.50,712
2026-02-03 14:45:00,18275.50,18281.00,18265.50,18274.75,1234
2026-02-03 14:46:00,18274.75,18281.75,18273.25,18280.00,666
2026-02-03 14:47:00,18280.00,18282.25,18275.00,18281.00,663
2026-02-03 14:48:00,18281.00,18288.75,18240.50,18251.75,1484
2026-02-03 14:49:00,18251.75,18273.50,18251.00,18273.50,1480
2026-02-03 14:50:00,18273.50,18277.00,18270.25,18275.25,558
2026-02-03 14:51:00,18275.25,18277.75,18260.75,18263.75,1251
2026-02-03 14:52:00,18263.75,18291.00,18263.75,18289.25,383
2026-02-03 14:53:00,18289.25,18292.75,18271.75,18274.75,222
2026-02-03 14:54:00,18274.75,18280.75,18271.25,18277.75,1195
2026-02-03 14:55:00,18277.75,18285.25,18273.00,18276.00,1141
2026-02-03 14:56:00,18276.00,18280.00,18261.50,18263.50,1469
2026-02-03 14:57:00,18263.50,18287.00,18259.75,18282.75,289
2026-02-03 14:58:00,18282.75,18292.25,18278.50,18285.75,398
2026-02-03 14:59:00,18285.75,18289.25,18262.50,18265.00,519
2026-02-03 15:00:00,18265.00,18266.25,18251.25,18258.00,853
2026-02-03 15:01:00,18258.00,18263.75,18252.25,18252.25,596
2026-02-03 15:02:00,18252.25,18275.00,18243.00,18270.50,1108
2026-02-03 15:03:00,18270.50,18280.75,18248.75,18261.00,828
2026-02-03 15:04:00,18261.00,18278.00,18258.50,18274.50,505
2026-02-03 15:05:00,18274.50,18274.75,18261.50,18263.00,486
2026-02-03 15:06:00,18263.00,18275.25,18258.75,18272.25,1315
2026-02-03 15:07:00,18272.25,18275.25,18257.25,18270.25,439
2026-02-03 15:08:00,18270.25,18289.75,18263.75,18289.50,1226
2026-02-03 15:09:00,18289.50,18289.75,18287.50,18289.25,440
2026-02-03 15:10:00,18289.25,18298.50,18283.50,18285.25,286
2026-02-03 15:11:00,18285.25,18290.50,18271.25,18286.00,685
2026-02-03 15:12:00,18286.00,18288.50,18261.75,18262.25,408
2026-02-03 15:13:00,18262.25,18266.00,18252.50,18265.00,1325
2026-02-03 15:14:00,18265.00,18268.00,18263.50,18266.50,566
2026-02-03 15:15:00,18266.50,18293.00,18262.00,18285.50,293
2026-02-03 15:16:00,18285.50,18291.25,18262.50,18263.50,1243
2026-02-03 15:17:00,18263.50,18267.00,18255.50,18259.50,1476
2026-02-03 15:18:00,18259.50,18282.00,18256.75,18281.75,1320
2026-02-03 15:19:00,18281.75,18288.75,18270.00,18274.75,998
2026-02-03 15:20:00,18274.75,18280.50,18270.00,18275.50,1081
2026-02-03 15:21:00,18275.50,18278.50,18269.00,18272.00,474
2026-02-03 15:22:00,18272.00,18282.50,18264.00,18277.75,241
2026-02-03 15:23:00,18277.75,18280.25,18265.75,18269.00,763
2026-02-03 15:24:00,18269.00,18285.25,18268.25,18281.00,1058
2026-02-03 15:25:00,18281.00,18282.50,18276.50,18282.25,905
2026-02-03 15:26:00,18282.25,18290.75,18267.00,18269.00,649
2026-02-03 15:27:00,18269.00,18278.50,18262.00,18268.25,595
2026-02-03 15:28:00,18268.25,18291.50,18265.00,18283.00,1212
2026-02-03 15:29:00,18283.00,18286.25,18265.00,18267.75,537
2026-02-03 15:30:00,18267.75,18276.75,18262.00,18272.50,671
2026-02-03 15:31:00,18272.50,18276.75,18266.75,18271.25,564
2026-02-03 15:32:00,18271.25,18284.75,18268.75,18284.50,322
2026-02-03 15:33:00,18284.50,18288.25,18271.00,18273.50,505
2026-02-03 15:34:00,18273.50,18273.75,18255.75,18258.00,710
2026-02-03 15:35:00,18258.00,18290.75,18255.25,18284.00,597
2026-02-03 15:36:00,18284.00,18285.00,18273.75,18274.50,488
2026-02-03 15:37:00,18274.50,18280.00,18262.25,18279.00,1208
2026-02-03 15:38:00,18279.00,18282.00,18266.50,18268.00,440
2026-02-03 15:39:00,18268.00,18278.50,18263.75,18274.75,676
2026-02-03 15:40:00,18274.75,18282.50,18271.50,18278.25,521
2026-02-03 15:41:00,18278.25,18279.75,18258.50,18264.75,938
2026-02-03 15:42:00,18264.75,18278.00,18260.25,18272.25,782
2026-02-03 15:43:00,18272.25,18276.50,18265.25,18267.75,1415
2026-02-03 15:44:00,18267.75,18282.00,18264.00,18276.25,390
2026-02-03 15:45:00,18276.25,18281.50,18254.25,18256.50,511
2026-02-03 15:46:00,18256.50,18268.25,18249.25,18267.75,747
2026-02-03 15:47:00,18267.75,18275.50,18259.50,18271.50,692
2026-02-03 15:48:00,18271.50,18290.50,18262.50,18284.25,658
2026-02-03 15:49:00,18284.25,18285.00,18262.00,18262.25,1111
2026-02-03 15:50:00,18262.25,18283.25,18256.00,18276.50,306
2026-02-03 15:51:00,18276.50,18279.25,18273.25,18278.25,741
2026-02-03 15:52:00,18278.25,18279.50,18269.00,18273.75,1240
2026-02-03 15:53:00,18273.75,18281.25,18273.50,18277.00,961
2026-02-03 15:54:00,18277.00,18288.50,18274.75,18280.50,1229
2026-02-03 15:55:00,18280.50,18290.25,18266.00,18269.50,1347
2026-02-03 15:56:00,18269.50,18277.00,18265.50,18275.50,516
2026-02-03 15:57:00,18275.50,18292.75,18267.75,18287.25,327
2026-02-03 15:58:00,18287.25,18287.75,18263.50,18268.75,1279
2026-02-03 15:59:00,18268.75,18274.75,18262.25,18270.25,1153
2026-02-04 08:00:00,18328.00,18329.25,18326.75,18327.25,1089
2026-02-04 08:01:00,18327.25,18335.75,18326.25,18334.50,1401
2026-02-04 08:02:00,18334.50,18339.50,18319.00,18319.50,1098
2026-02-04 08:03:00,18319.50,18323.25,18316.75,18323.25,557
2026-02-04 08:04:00,18323.25,18326.75,18315.50,18321.75,719
2026-02-04 08:05:00,18321.75,18323.00,18318.25,18320.00,1255
2026-02-04 08:06:00,18320.00,18332.00,18317.75,18328.75,495
2026-02-04 08:07:00,18328.75,18329.50,18319.00,18322.75,238
2026-02-04 08:08:00,18322.75,18333.75,18319.75,18331.00,1135
2026-02-04 08:09:00,18331.00,18337.50,18330.50,18335.25,504
2026-02-04 08:10:00,18335.25,18335.50,18326.25,18329.50,836
2026-02-04 08:11:00,18329.50,18333.25,18318.50,18320.50,938
2026-02-04 08:12:00,18320.50,18338.75,18309.75,18336.00,865
2026-02-04 08:13:00,18336.00,18338.75,18315.25,18316.00,1275
2026-02-04 08:14:00,18316.00,18321.50,18315.75,18320.75,977
2026-02-04 08:15:00,18320.75,18338.25,18313.25,18336.00,265
2026-02-04 08:16:00,18336.00,18343.00,18325.00,18328.25,461
2026-02-04 08:17:00,18328.25,18334.75,18327.50,18329.25,614
2026-02-04 08:18:00,18329.25,18333.50,18315.25,18316.00,1247
2026-02-04 08:19:00,18316.00,18330.50,18315.25,18330.50,239
2026-02-04 08:20:00,18330.50,18332.75,18328.25,18329.00,1056
2026-02-04 08:21:00,18329.00,18329.25,18317.75,18325.25,285
2026-02-04 08:22:00,18325.25,18333.50,18321.25,18328.75,1181
2026-02-04 08:23:00,18328.75,18330.00,18319.50,18323.25,399
2026-02-04 08:24:00,18323.25,18328.00,18322.00,18324.50,865
2026-02-04 08:25:00,18324.50,18329.75,18311.00,18312.25,1350
2026-02-04 08:26:00,18312.25,18334.50,18311.50,18327.25,918
2026-02-04 08:27:00,18327.25,18331.75,18319.50,18326.25,1362
2026-02-04 08:28:00,18326.25,18334.75,18325.50,18332.00,1266
2026-02-04 08:29:00,18332.00,18334.00,18326.25,18326.25,239
2026-02-04 08:30:00,18326.25,18329.00,18321.50,18325.75,1272
2026-02-04 08:31:00,18325.75,18326.25,18321.75,18325.00,441
2026-02-04 08:32:00,18325.00,18328.75,18322.25,18325.50,961
2026-02-04 08:33:00,18325.50,18330.50,18324.00,18329.75,1026
2026-02-04 08:34:00,18329.75,18334.25,18323.25,18324.50,477
2026-02-04 08:35:00,18324.50,18326.50,18315.75,18323.00,1126
2026-02-04 08:36:00,18323.00,18332.75,18317.00,18322.00,916
2026-02-04 08:37:00,18322.00,18336.25,18314.75,18334.50,309
2026-02-04 08:38:00,18334.50,18337.00,18330.00,18331.25,853
2026-02-04 08:39:00,18331.25,18331.25,18325.75,18326.25,918
2026-02-04 08:40:00,18326.25,18328.50,18320.50,18322.75,336
2026-02-04 08:41:00,18322.75,18329.25,18319.25,18326.25,543
2026-02-04 08:42:00,18326.25,18327.25,18324.50,18324.75,230
2026-02-04 08:43:00,18324.75,18328.50,18321.25,18326.75,382
2026-02-04 08:44:00,18326.75,18328.75,18321.25,18324.50,282
2026-02-04 08:45:00,18324.50,18325.25,18318.00,18321.00,408
2026-02-04 08:46:00,18321.00,18326.00,18318.50,18323.75,647
2026-02-04 08:47:00,18323.75,18324.75,18309.50,18318.25,1020
2026-02-04 08:48:00,18318.25,18328.75,18316.50,18323.00,1055
2026-02-04 08:49:00,18323.00,18329.75,18320.75,18326.50,1356
2026-02-04 08:50:00,18326.50,18329.50,18316.75,18318.75,390
2026-02-04 08:51:00,18318.75,18320.25,18314.75,18316.00,536
2026-02-04 08:52:00,18316.00,18317.50,18307.25,18315.50,1063
2026-02-04 08:53:00,18315.50,18336.00,18312.00,18333.75,881
2026-02-04 08:54:00,18333.75,18337.75,18319.50,18321.00,866
2026-02-04 08:55:00,18321.00,18326.00,18310.75,18314.25,771
2026-02-04 08:56:00,18314.25,18322.50,18311.75,18320.50,655
2026-02-04 08:57:00,18320.50,18327.50,18317.25,18324.25,338
2026-02-04 08:58:00,18324.25,18327.50,18319.00,18320.50,1469
2026-02-04 08:59:00,18320.50,18323.75,18314.75,18316.00,540
2026-02-04 09:00:00,18316.00,18326.75,18311.75,18323.25,867
2026-02-04 09:01:00,18323.25,18326.50,18318.75,18321.00,947
2026-02-04 09:02:00,18321.00,18336.00,18318.75,18331.50,1485
2026-02-04 09:03:00,18331.50,18335.75,18321.00,18321.50,1125
2026-02-04 09:04:00,18321.50,18322.75,18317.00,18321.00,1051
2026-02-04 09:05:00,18321.00,18325.75,18313.75,18317.50,1049
2026-02-04 09:06:00,18317.50,18326.25,18315.00,18323.25,1442
2026-02-04 09:07:00,18323.25,18327.75,18313.00,18313.75,580
2026-02-04 09:08:00,18313.75,18327.50,18311.25,18322.25,1148
2026-02-04 09:09:00,18322.25,18323.75,18317.50,18318.25,842
2026-02-04 09:10:00,18318.25,18319.75,18311.50,18316.25,350
2026-02-04 09:11:00,18316.25,18323.75,18314.25,18321.00,384
2026-02-04 09:12:00,18321.00,18325.00,18317.50,18317.50,1141
2026-02-04 09:13:00,18317.50,18330.50,18317.00,18326.50,930
2026-02-04 09:14:00,18326.50,18333.50,18316.50,18317.00,430
2026-02-04 09:15:00,18317.00,18326.25,18313.50,18316.25,696
2026-02-04 09:16:00,18316.25,18327.50,18314.00,18323.25,1142
2026-02-04 09:17:00,18323.25,18325.50,18312.75,18315.25,399
2026-02-04 09:18:00,18315.25,18332.25,18310.25,18332.00,669
2026-02-04 09:19:00,18332.00,18336.50,18312.50,18316.00,495
2026-02-04 09:20:00,18316.00,18323.00,18313.00,18322.50,581
2026-02-04 09:21:00,18322.50,18327.25,18310.50,18311.50,720
2026-02-04 09:22:00,18311.50,18328.50,18306.00,18321.75,1181
2026-02-04 09:23:00,18321.75,18326.25,18319.00,18323.50,218
2026-02-04 09:24:00,18324.75,18343.25,18323.25,18340.25,1161
2026-02-04 09:25:00,18340.25,18345.25,18331.50,18332.25,1171
2026-02-04 09:26:00,18332.25,18347.75,18329.00,18340.50,1397
2026-02-04 09:27:00,18340.50,18367.25,18336.75,18364.75,876
2026-02-04 09:28:00,18364.75,18365.75,18355.00,18356.25,361
2026-02-04 09:29:00,18356.25,18359.25,18343.50,18345.50,1366
2026-02-04 09:30:00,18345.50,18347.25,18335.00,18335.50,586
2026-02-04 09:31:00,18335.50,18336.50,18333.50,18334.25,696
2026-02-04 09:32:00,18334.25,18334.50,18325.00,18326.25,688
2026-02-04 09:33:00,18326.25,18328.00,18320.50,18321.75,820
2026-02-04 09:34:00,18321.75,18322.25,18306.75,18306.75,352
2026-02-04 09:35:00,18306.75,18307.25,18288.00,18289.00,1437
2026-02-04 09:36:00,18289.00,18290.25,18288.25,18288.50,650
2026-02-04 09:37:00,18288.50,18293.25,18287.25,18291.00,314
2026-02-04 09:38:00,18291.00,18292.00,18266.00,18266.50,1310
2026-02-04 09:39:00,18266.50,18277.75,18266.25,18274.00,392
2026-02-04 09:40:00,18274.00,18296.75,18270.50,18295.25,898
2026-02-04 09:41:00,18295.25,18315.75,18290.25,18310.25,370
2026-02-04 09:42:00,18310.25,18329.50,18306.50,18327.50,580
2026-02-04 09:43:00,18327.50,18352.00,18321.50,18350.00,989
2026-02-04 09:44:00,18350.00,18351.00,18346.75,18348.75,397
2026-02-04 09:45:00,18348.75,18351.25,18343.75,18350.25,709
2026-02-04 09:46:00,18350.25,18359.50,18329.00,18336.50,1128
2026-02-04 09:47:00,18336.50,18342.75,18335.00,18337.25,1476
2026-02-04 09:48:00,18337.25,18346.75,18319.25,18325.75,1183
2026-02-04 09:49:00,18325.75,18330.75,18312.50,18316.00,354
2026-02-04 09:50:00,18316.00,18316.50,18290.00,18293.00,257
2026-02-04 09:51:00,18293.00,18319.50,18290.00,18317.00,485
2026-02-04 09:52:00,18317.00,18323.00,18270.50,18287.50,1350
2026-02-04 09:53:00,18287.50,18317.00,18282.75,18310.00,714
2026-02-04 09:54:00,18310.00,18313.75,18280.50,18288.25,240
2026-02-04 09:55:00,18288.25,18297.00,18283.50,18286.50,876
2026-02-04 09:56:00,18286.50,18289.50,18275.25,18275.50,866
2026-02-04 09:57:00,18275.50,18281.00,18265.50,18266.75,766
2026-02-04 09:58:00,18266.75,18270.25,18249.75,18253.00,1431
2026-02-04 09:59:00,18253.00,18266.00,18245.50,18252.25,554
2026-02-04 10:00:00,18252.25,18271.75,18246.75,18270.00,1033
2026-02-04 10:01:00,18270.00,18271.00,18250.00,18250.00,777
2026-02-04 10:02:00,18250.00,18255.00,18245.25,18249.25,264
2026-02-04 10:03:00,18249.25,18250.50,18228.75,18231.25,725
2026-02-04 10:04:00,18231.25,18245.75,18229.25,18243.75,871
2026-02-04 10:05:00,18243.75,18246.75,18234.50,18241.25,1322
2026-02-04 10:06:00,18241.25,18244.75,18230.25,18234.75,1062
2026-02-04 10:07:00,18234.75,18236.50,18215.25,18229.50,344
2026-02-04 10:08:00,18229.50,18231.00,18211.75,18212.75,481
2026-02-04 10:09:00,18212.75,18215.00,18199.50,18207.25,389
2026-02-04 10:10:00,18207.25,18211.75,18202.00,18211.25,923
2026-02-04 10:11:00,18211.25,18220.50,18209.00,18216.75,1495
2026-02-04 10:12:00,18216.75,18220.25,18208.00,18211.00,911
2026-02-04 10:13:00,18211.00,18216.25,18195.75,18196.00,641
2026-02-04 10:14:00,18196.00,18204.50,18193.50,18199.50,922
2026-02-04 10:15:00,18199.50,18215.00,18197.00,18210.50,729
2026-02-04 10:16:00,18210.50,18225.25,18205.75,18219.50,861
2026-02-04 10:17:00,18219.50,18229.50,18201.25,18205.25,349
2026-02-04 10:18:00,18205.25,18205.75,18186.50,18191.25,329
2026-02-04 10:19:00,18191.25,18215.50,18185.75,18207.00,1228
2026-02-04 10:20:00,18207.00,18223.25,18205.75,18215.25,427
2026-02-04 10:21:00,18215.25,18216.75,18201.25,18209.25,741
2026-02-04 10:22:00,18209.25,18216.25,18191.25,18196.50,219
2026-02-04 10:23:00,18196.50,18210.50,18195.75,18207.00,550
2026-02-04 10:24:00,18207.00,18208.25,18202.75,18206.25,698
2026-02-04 10:25:00,18206.25,18210.50,18201.75,18207.75,958
2026-02-04 10:26:00,18207.75,18214.00,18204.00,18204.50,1060
2026-02-04 10:27:00,18204.50,18222.00,18196.75,18214.00,1289
2026-02-04 10:28:00,18214.00,18221.75,18200.75,18204.50,923
2026-02-04 10:29:00,18204.50,18205.50,18191.00,18194.00,425
2026-02-04 10:30:00,18194.00,18213.25,18186.50,18204.75,1211
2026-02-04 10:31:00,18204.75,18210.25,18195.50,18198.25,1483
2026-02-04 10:32:00,18198.25,18198.25,18191.00,18195.25,767
2026-02-04 10:33:00,18195.25,18213.25,18194.75,18211.00,300
2026-02-04 10:34:00,18211.00,18213.25,18193.50,18202.00,547
2026-02-04 10:35:00,18202.00,18203.50,18188.75,18194.50,1391
2026-02-04 10:36:00,18194.50,18226.75,18187.75,18219.50,1413
2026-02-04 10:37:00,18219.50,18221.00,18202.25,18204.25,837
2026-02-04 10:38:00,18204.25,18219.50,18200.50,18211.75,527
2026-02-04 10:39:00,18211.75,18214.50,18202.00,18205.25,972
2026-02-04 10:40:00,18205.25,18214.00,18196.00,18202.75,1032
2026-02-04 10:41:00,18202.75,18207.75,18186.25,18192.50,1299
2026-02-04 10:42:00,18192.50,18212.50,18192.25,18211.50,236
2026-02-04 10:43:00,18211.50,18213.00,18208.00,18212.50,411
2026-02-04 10:44:00,18212.50,18213.00,18201.00,18209.50,219
2026-02-04 10:45:00,18209.50,18216.25,18199.75,18201.25,632
2026-02-04 10:46:00,18201.25,18212.25,18194.75,18205.25,457
2026-02-04 10:47:00,18205.25,18218.75,18201.75,18209.25,918
2026-02-04 10:48:00,18209.25,18210.50,18198.25,18199.75,1111
2026-02-04 10:49:00,18199.75,18214.25,18193.50,18206.75,1480
2026-02-04 10:50:00,18206.75,18217.50,18197.75,18203.75,877
2026-02-04 10:51:00,18203.75,18215.75,18201.25,18208.50,1099
2026-02-04 10:52:00,18208.50,18212.25,18192.00,18195.25,1478
2026-02-04 10:53:00,18195.25,18218.75,18194.00,18216.00,256
2026-02-04 10:54:00,18216.00,18219.75,18202.25,18206.00,1095
2026-02-04 10:55:00,18206.00,18212.75,18199.50,18207.75,804
2026-02-04 10:56:00,18207.75,18214.50,18198.25,18204.25,1155
2026-02-04 10:57:00,18204.25,18212.25,18199.50,18210.50,1254
2026-02-04 10:58:00,18210.50,18212.00,18207.00,18211.00,700
2026-02-04 10:59:00,18211.00,18216.25,18205.75,18214.50,351
2026-02-04 11:00:00,18214.50,18216.50,18197.50,18197.75,1017
2026-02-04 11:01:00,18197.75,18206.00,18191.25,18205.75,695
2026-02-04 11:02:00,18205.75,18208.25,18196.75,18202.75,1481
2026-02-04 11:03:00,18202.75,18205.75,18199.50,18199.75,1105
2026-02-04 11:04:00,18199.75,18203.50,18196.00,18197.50,1388
2026-02-04 11:05:00,18197.50,18197.75,18188.75,18195.50,205
2026-02-04 11:06:00,18195.50,18204.50,18188.00,18203.75,1133
2026-02-04 11:07:00,18203.75,18206.75,18198.25,18200.00,1444
2026-02-04 11:08:00,18200.00,18204.75,18186.75,18203.50,263
2026-02-04 11:09:00,18203.50,18219.00,18195.00,18215.75,353
2026-02-04 11:10:00,18215.75,18218.50,18197.50,18198.50,816
2026-02-04 11:11:00,18198.50,18203.50,18189.00,18192.75,260
2026-02-04 11:12:00,18192.75,18206.25,18191.00,18205.00,684
2026-02-04 11:13:00,18205.00,18210.50,18198.75,18203.00,590
2026-02-04 11:14:00,18203.00,18207.25,18201.00,18205.25,387
2026-02-04 11:15:00,18205.25,18222.50,18201.00,18210.25,1389
2026-02-04 11:16:00,18210.25,18211.50,18195.75,18197.50,1409
2026-02-04 11:17:00,18197.50,18206.75,18196.75,18203.50,1075
2026-02-04 11:18:00,18203.50,18213.75,18192.00,18193.00,616
2026-02-04 11:19:00,18193.00,18218.50,18192.50,18217.50,700
2026-02-04 11:20:00,18217.50,18221.00,18214.00,18214.25,1260
2026-02-04 11:21:00,18214.25,18216.25,18201.25,18202.50,501
2026-02-04 11:22:00,18202.50,18203.00,18196.00,18201.75,1277
2026-02-04 11:23:00,18201.75,18221.00,18200.00,18212.00,491
2026-02-04 11:24:00,18212.00,18216.50,18204.75,18205.25,298
2026-02-04 11:25:00,18205.25,18210.75,18200.75,18201.50,1175
2026-02-04 11:26:00,18201.50,18214.50,18192.75,18207.25,984
2026-02-04 11:27:00,18207.25,18227.25,18200.25,18217.00,894
2026-02-04 11:28:00,18217.00,18218.25,18206.25,18208.25,287
2026-02-04 11:29:00,18208.25,18215.00,18202.50,18211.25,782
2026-02-04 11:30:00,18211.25,18214.50,18195.25,18199.00,1129
2026-02-04 11:31:00,18199.00,18199.25,18181.50,18182.75,579
2026-02-04 11:32:00,18182.75,18189.50,18179.50,18189.50,1285
2026-02-04 11:33:00,18189.50,18202.25,18184.75,18201.00,968
2026-02-04 11:34:00,18201.00,18203.50,18194.50,18198.50,1295
2026-02-04 11:35:00,18198.50,18217.00,18195.75,18214.25,884
2026-02-04 11:36:00,18214.25,18214.75,18198.50,18205.00,369
2026-02-04 11:37:00,18205.00,18213.75,18199.25,18204.25,486
2026-02-04 11:38:00,18204.25,18209.75,18201.25,18204.75,1374
2026-02-04 11:39:00,18204.75,18216.50,18203.00,18211.75,1485
2026-02-04 11:40:00,18211.75,18220.75,18206.75,18207.25,716
2026-02-04 11:41:00,18207.25,18216.00,18203.25,18215.75,1246
2026-02-04 11:42:00,18215.75,18224.00,18206.75,18211.75,953
2026-02-04 11:43:00,18211.75,18221.50,18207.75,18212.75,1031
2026-02-04 11:44:00,18212.75,18215.25,18198.00,18200.25,667
2026-02-04 11:45:00,18200.25,18200.25,18195.75,18199.50,1423
2026-02-04 11:46:00,18199.50,18214.75,18198.75,18207.25,693
2026-02-04 11:47:00,18207.25,18219.75,18198.75,18205.75,1329
2026-02-04 11:48:00,18205.75,18207.50,18201.00,18201.50,302
2026-02-04 11:49:00,18201.50,18201.75,18201.00,18201.25,419
2026-02-04 11:50:00,18201.25,18207.50,18199.50,18204.50,554
2026-02-04 11:51:00,18204.50,18209.00,18191.75,18192.25,1263
2026-02-04 11:52:00,18192.25,18203.25,18188.25,18201.50,814
2026-02-04 11:53:00,18201.50,18203.25,18198.50,18201.25,355
2026-02-04 11:54:00,18201.25,18212.50,18201.00,18210.25,346
2026-02-04 11:55:00,18210.25,18230.50,18202.25,18226.75,209
2026-02-04 11:56:00,18226.75,18233.00,18196.50,18205.00,470
2026-02-04 11:57:00,18205.00,18207.50,18186.75,18192.25,773
2026-02-04 11:58:00,18192.25,18196.00,18190.00,18195.50,1481
2026-02-04 11:59:00,18195.50,18221.50,18188.00,18212.00,724
2026-02-04 12:00:00,18212.00,18215.75,18201.75,18208.00,672
2026-02-04 12:01:00,18208.00,18210.50,18189.75,18195.25,1343
2026-02-04 12:02:00,18195.25,18198.50,18185.50,18191.50,985
2026-02-04 12:03:00,18191.50,18197.00,18182.25,18195.50,618
2026-02-04 12:04:00,18195.50,18218.75,18191.75,18216.50,419
2026-02-04 12:05:00,18216.50,18223.75,18214.75,18220.50,213
2026-02-04 12:06:00,18220.50,18227.50,18205.25,18208.50,835
2026-02-04 12:07:00,18208.50,18213.00,18192.75,18200.00,774
2026-02-04 12:08:00,18200.00,18212.25,18192.75,18209.00,583
2026-02-04 12:09:00,18209.00,18219.50,18206.75,18211.75,467
2026-02-04 12:10:00,18211.75,18215.50,18200.50,18203.25,1227
2026-02-04 12:11:00,18203.25,18210.00,18202.50,18209.00,1029
2026-02-04 12:12:00,18209.00,18211.50,18208.25,18209.75,1296
2026-02-04 12:13:00,18209.75,18220.75,18201.50,18208.75,610
2026-02-04 12:14:00,18208.75,18210.50,18204.00,18206.25,1132
2026-02-04 12:15:00,18206.25,18208.00,18191.50,18198.75,859
2026-02-04 12:16:00,18198.75,18212.25,18185.25,18204.00,738
2026-02-04 12:17:00,18204.00,18208.50,18189.50,18192.75,1053
2026-02-04 12:18:00,18192.75,18201.75,18187.75,18192.50,737
2026-02-04 12:19:00,18192.50,18204.00,18185.00,18203.00,847
2026-02-04 12:20:00,18203.00,18215.75,18200.50,18210.00,879
2026-02-04 12:21:00,18210.00,18211.25,18199.25,18203.00,1320
2026-02-04 12:22:00,18203.00,18209.50,18190.25,18193.50,861
2026-02-04 12:23:00,18193.50,18206.00,18191.00,18201.25,484
2026-02-04 12:24:00,18201.25,18202.75,18195.00,18198.00,1007
2026-02-04 12:25:00,18198.00,18202.75,18179.50,18188.50,716
2026-02-04 12:26:00,18188.50,18198.50,18186.50,18194.25,661
2026-02-04 12:27:00,18194.25,18210.50,18193.75,18207.00,423
2026-02-04 12:28:00,18207.00,18216.25,18204.50,18213.00,1469
2026-02-04 12:29:00,18213.00,18217.75,18208.50,18216.75,704
2026-02-04 12:30:00,18216.75,18218.50,18199.00,18199.75,940
2026-02-04 12:31:00,18199.75,18203.50,18191.75,18200.50,1146
2026-02-04 12:32:00,18200.50,18211.00,18194.75,18205.50,226
2026-02-04 12:33:00,18205.50,18228.25,18204.75,18215.50,392
2026-02-04 12:34:00,18215.50,18221.00,18204.25,18209.75,1411
2026-02-04 12:35:00,18209.75,18222.75,18206.00,18217.50,1170
2026-02-04 12:36:00,18217.50,18220.75,18197.75,18200.50,942
2026-02-04 12:37:00,18200.50,18204.75,18197.75,18202.75,1326
2026-02-04 12:38:00,18202.75,18206.75,18195.00,18196.50,491
2026-02-04 12:39:00,18196.50,18219.25,18191.75,18211.50,693
2026-02-04 12:40:00,18211.50,18213.50,18204.75,18208.25,587
2026-02-04 12:41:00,18208.25,18211.75,18195.75,18196.50,1475
2026-02-04 12:42:00,18196.50,18213.00,18192.50,18212.00,411
2026-02-04 12:43:00,18212.00,18213.50,18203.75,18208.00,911
2026-02-04 12:44:00,18208.00,18211.75,18197.50,18197.75,741
2026-02-04 12:45:00,18197.75,18201.75,18186.75,18195.25,391
2026-02-04 12:46:00,18195.25,18198.75,18193.50,18198.00,1256
2026-02-04 12:47:00,18198.00,18207.00,18197.25,18201.75,442
2026-02-04 12:48:00,18201.75,18205.25,18183.00,18187.75,852
2026-02-04 12:49:00,18187.75,18210.00,18186.75,18209.00,1188
2026-02-04 12:50:00,18209.00,18213.25,18194.25,18202.75,1021
2026-02-04 12:51:00,18202.75,18213.00,18194.50,18210.00,1005
2026-02-04 12:52:00,18210.00,18211.00,18198.50,18200.75,1304
2026-02-04 12:53:00,18200.75,18211.50,18199.50,18209.50,507
2026-02-04 12:54:00,18209.50,18212.50,18197.75,18198.75,437
2026-02-04 12:55:00,18198.75,18211.00,18198.00,18207.75,1439
2026-02-04 12:56:00,18207.75,18211.75,18204.50,18207.00,956
2026-02-04 12:57:00,18207.00,18210.25,18203.00,18206.25,412
2026-02-04 12:58:00,18206.25,18209.25,18193.00,18198.25,1376
2026-02-04 12:59:00,18198.25,18202.75,18190.75,18195.25,942
2026-02-04 13:00:00,18195.25,18195.50,18183.50,18188.00,1197
2026-02-04 13:01:00,18188.00,18219.00,18185.00,18213.00,864
2026-02-04 13:02:00,18213.00,18216.00,18206.25,18213.00,580
2026-02-04 13:03:00,18213.00,18219.75,18207.50,18213.25,697
2026-02-04 13:04:00,18213.25,18215.25,18190.50,18194.00,508
2026-02-04 13:05:00,18194.00,18194.00,18185.50,18189.25,1441
2026-02-04 13:06:00,18189.25,18210.25,18184.50,18208.75,1321
2026-02-04 13:07:00,18208.75,18212.50,18195.50,18202.75,1098
2026-02-04 13:08:00,18202.75,18208.00,18193.25,18195.50,1386
2026-02-04 13:09:00,18195.50,18198.50,18186.50,18188.50,1241
2026-02-04 13:10:00,18188.50,18211.75,18183.50,18211.25,578
2026-02-04 13:11:00,18211.25,18218.25,18193.50,18196.00,251
2026-02-04 13:12:00,18196.00,18197.75,18186.50,18192.75,883
2026-02-04 13:13:00,18192.75,18208.00,18189.25,18196.50,255
2026-02-04 13:14:00,18196.50,18198.25,18194.50,18196.00,685
2026-02-04 13:15:00,18196.00,18198.00,18195.50,18195.75,1194
2026-02-04 13:16:00,18195.75,18197.75,18185.00,18191.25,306
2026-02-04 13:17:00,18191.25,18199.25,18187.25,18195.75,995
2026-02-04 13:18:00,18195.75,18207.25,18195.25,18203.75,681
2026-02-04 13:19:00,18203.75,18214.00,18193.50,18205.25,1292
2026-02-04 13:20:00,18205.25,18213.25,18197.75,18209.00,652
2026-02-04 13:21:00,18209.00,18212.50,18197.00,18197.50,1107
2026-02-04 13:22:00,18197.50,18215.00,18195.00,18213.75,1410
2026-02-04 13:23:00,18213.75,18217.00,18203.50,18203.50,691
2026-02-04 13:24:00,18203.50,18214.00,18196.00,18201.75,958
2026-02-04 13:25:00,18201.75,18208.25,18201.50,18204.25,1045
2026-02-04 13:26:00,18204.25,18215.75,18202.25,18211.25,219
2026-02-04 13:27:00,18211.25,18213.00,18206.75,18207.00,1498
2026-02-04 13:28:00,18207.00,18218.25,18181.75,18186.75,1403
2026-02-04 13:29:00,18186.75,18201.25,18186.00,18200.00,1192
2026-02-04 13:30:00,18200.00,18208.75,18195.50,18200.00,394
2026-02-04 13:31:00,18200.00,18215.25,18199.25,18205.25,583
2026-02-04 13:32:00,18205.25,18205.25,18181.00,18183.00,538
2026-02-04 13:33:00,18183.00,18225.00,18182.75,18220.00,421
2026-02-04 13:34:00,18220.00,18230.50,18201.50,18207.00,874
2026-02-04 13:35:00,18207.00,18208.00,18188.50,18196.25,1437
2026-02-04 13:36:00,18196.25,18198.25,18188.00,18193.00,1074
2026-02-04 13:37:00,18193.00,18216.75,18190.25,18209.75,1189
2026-02-04 13:38:00,18209.75,18218.00,18178.25,18189.00,237
2026-02-04 13:39:00,18189.00,18212.75,18185.25,18203.75,1304
2026-02-04 13:40:00,18203.75,18204.50,18198.50,18200.00,1321
2026-02-04 13:41:00,18200.00,18202.00,18184.25,18184.50,1422
2026-02-04 13:42:00,18184.50,18197.50,18179.00,18195.00,1079
2026-02-04 13:43:00,18195.00,18200.75,18194.75,18198.00,312
2026-02-04 13:44:00,18198.00,18200.25,18196.25,18197.00,1381
2026-02-04 13:45:00,18197.00,18206.75,18191.00,18206.00,584
2026-02-04 13:46:00,18206.00,18216.50,18184.00,18194.25,1460
2026-02-04 13:47:00,18194.25,18213.50,18188.50,18210.25,1289
2026-02-04 13:48:00,18210.25,18216.50,18190.25,18190.50,1023
2026-02-04 13:49:00,18190.50,18208.25,18181.00,18206.75,251
2026-02-04 13:50:00,18206.75,18212.00,18200.25,18203.50,700
2026-02-04 13:51:00,18203.50,18210.50,18183.75,18193.50,1448
2026-02-04 13:52:00,18193.50,18197.00,18182.00,18187.25,512
2026-02-04 13:53:00,18187.25,18191.75,18186.75,18189.25,1056
2026-02-04 13:54:00,18189.25,18206.50,18189.00,18201.50,712
2026-02-04 13:55:00,18201.50,18204.75,18186.50,18190.75,707
2026-02-04 13:56:00,18190.75,18194.50,18187.00,18194.25,1065
2026-02-04 13:57:00,18194.25,18207.50,18187.25,18197.25,681
2026-02-04 13:58:00,18197.25,18203.00,18195.50,18198.75,802
2026-02-04 13:59:00,18198.75,18205.50,18189.75,18192.50,778
2026-02-04 14:00:00,18192.50,18203.25,18186.00,18199.25,796
2026-02-04 14:01:00,18199.25,18216.50,18189.50,18216.50,1159
2026-02-04 14:02:00,18216.50,18223.50,18193.25,18199.00,564
2026-02-04 14:03:00,18199.00,18202.25,18186.75,18194.00,641
2026-02-04 14:04:00,18194.00,18201.00,18192.75,18199.50,1271
2026-02-04 14:05:00,18199.50,18222.00,18197.00,18215.75,301
2026-02-04 14:06:00,18215.75,18218.50,18194.75,18204.25,966
2026-02-04 14:07:00,18204.25,18206.50,18201.50,18205.00,856
2026-02-04 14:08:00,18205.00,18206.00,18197.25,18199.00,511
2026-02-04 14:09:00,18199.00,18199.50,18183.75,18191.75,771
2026-02-04 14:10:00,18191.75,18203.50,18191.00,18203.25,924
2026-02-04 14:11:00,18203.25,18208.00,18195.25,18205.25,731
2026-02-04 14:12:00,18205.25,18209.00,18203.50,18204.00,1416
2026-02-04 14:13:00,18204.00,18209.50,18200.75,18209.00,207
2026-02-04 14:14:00,18209.00,18218.25,18202.75,18212.50,812
2026-02-04 14:15:00,18212.50,18221.25,18200.75,18202.00,1107
2026-02-04 14:16:00,18202.00,18210.50,18200.50,18205.00,879
2026-02-04 14:17:00,18205.00,18208.25,18202.25,18206.00,612
2026-02-04 14:18:00,18206.00,18211.25,18203.00,18203.00,1137
2026-02-04 14:19:00,18203.00,18204.00,18197.75,18201.50,743
2026-02-04 14:20:00,18201.50,18211.25,18198.75,18204.50,1408
2026-02-04 14:21:00,18204.50,18204.50,18196.75,18198.50,1272
2026-02-04 14:22:00,18198.50,18207.75,18190.50,18203.50,1360
2026-02-04 14:23:00,18203.50,18213.00,18193.50,18207.00,858
2026-02-04 14:24:00,18207.00,18207.25,18205.00,18205.25,414
2026-02-04 14:25:00,18205.25,18206.25,18189.25,18191.50,678
2026-02-04 14:26:00,18191.50,18217.25,18181.50,18209.50,739
2026-02-04 14:27:00,18209.50,18212.25,18191.00,18196.50,1320
2026-02-04 14:28:00,18196.50,18211.00,18190.50,18203.75,751
2026-02-04 14:29:00,18203.75,18210.00,18180.25,18185.00,1323
2026-02-04 14:30:00,18185.00,18201.50,18180.00,18199.50,958
2026-02-04 14:31:00,18199.50,18207.00,18199.50,18203.75,747
2026-02-04 14:32:00,18203.75,18205.50,18194.00,18198.00,1225
2026-02-04 14:33:00,18198.00,18209.50,18196.75,18197.50,454
2026-02-04 14:34:00,18197.50,18205.00,18190.50,18203.75,670
2026-02-04 14:35:00,18203.75,18211.50,18188.75,18192.00,834
2026-02-04 14:36:00,18192.00,18201.00,18189.75,18195.75,1469
2026-02-04 14:37:00,18195.75,18211.25,18192.50,18203.75,1052
2026-02-04 14:38:00,18203.75,18209.50,18193.25,18196.75,397
2026-02-04 14:39:00,18196.75,18201.25,18191.25,18194.75,1071
2026-02-04 14:40:00,18194.75,18203.50,18190.50,18201.25,779
2026-02-04 14:41:00,18201.25,18205.00,18201.25,18202.25,651
2026-02-04 14:42:00,18202.25,18218.75,18200.75,18209.75,535
2026-02-04 14:43:00,18209.75,18212.75,18205.75,18207.25,716
2026-02-04 14:44:00,18207.25,18207.25,18176.00,18193.25,1148
2026-02-04 14:45:00,18193.25,18208.25,18183.25,18205.00,740
2026-02-04 14:46:00,18205.00,18206.50,18203.75,18205.00,856
2026-02-04 14:47:00,18205.00,18206.50,18198.75,18205.50,819
2026-02-04 14:48:00,18205.50,18208.50,18204.00,18205.75,719
2026-02-04 14:49:00,18205.75,18217.00,18204.75,18211.25,390
2026-02-04 14:50:00,18211.25,18219.75,18193.75,18197.75,810
2026-02-04 14:51:00,18197.75,18199.00,18171.25,18172.50,1048
2026-02-04 14:52:00,18172.50,18200.75,18170.75,18193.50,992
2026-02-04 14:53:00,18193.50,18205.50,18189.25,18201.00,1146
2026-02-04 14:54:00,18201.00,18201.50,18197.50,18200.25,1156
2026-02-04 14:55:00,18200.25,18206.25,18175.25,18177.00,660
2026-02-04 14:56:00,18177.00,18208.50,18168.75,18198.75,652
2026-02-04 14:57:00,18198.75,18213.75,18195.75,18212.00,809
2026-02-04 14:58:00,18212.00,18213.50,18200.75,18203.25,1158
2026-02-04 14:59:00,18203.25,18208.50,18190.75,18195.25,239
2026-02-04 15:00:00,18195.25,18206.00,18182.25,18205.00,1309
2026-02-04 15:01:00,18205.00,18212.50,18197.50,18202.00,630
2026-02-04 15:02:00,18202.00,18206.50,18191.00,18196.00,1476
2026-02-04 15:03:00,18196.00,18208.25,18190.75,18205.25,743
2026-02-04 15:04:00,18205.25,18210.25,18186.00,18188.75,213
2026-02-04 15:05:00,18188.75,18195.50,18187.75,18193.50,623
2026-02-04 15:06:00,18193.50,18202.25,18183.75,18191.50,768
2026-02-04 15:07:00,18191.50,18210.25,18184.25,18204.75,218
2026-02-04 15:08:00,18204.75,18207.75,18189.75,18190.25,1352
2026-02-04 15:09:00,18190.25,18197.25,18179.75,18180.50,587
2026-02-04 15:10:00,18180.50,18211.25,18172.00,18200.75,493
2026-02-04 15:11:00,18200.75,18205.75,18197.50,18204.25,577
2026-02-04 15:12:00,18204.25,18219.75,18201.25,18213.00,272
2026-02-04 15:13:00,18213.00,18221.75,18180.50,18180.75,687
2026-02-04 15:14:00,18180.75,18194.50,18175.75,18189.50,1417
2026-02-04 15:15:00,18189.50,18218.00,18189.25,18212.75,544
2026-02-04 15:16:00,18212.75,18223.50,18202.50,18202.75,1353
2026-02-04 15:17:00,18202.75,18215.25,18199.25,18210.00,478
2026-02-04 15:18:00,18210.00,18213.50,18197.25,18200.75,1079
2026-02-04 15:19:00,18200.75,18202.50,18186.25,18191.25,768
2026-02-04 15:20:00,18191.25,18212.25,18184.00,18196.50,521
2026-02-04 15:21:00,18196.50,18200.50,18196.25,18196.75,1290
2026-02-04 15:22:00,18196.75,18219.00,18190.75,18209.75,618
2026-02-04 15:23:00,18209.75,18214.25,18200.00,18202.75,464
2026-02-04 15:24:00,18202.75,18208.25,18181.50,18182.75,866
2026-02-04 15:25:00,18182.75,18209.00,18174.50,18208.25,327
2026-02-04 15:26:00,18208.25,18209.00,18194.50,18195.00,792
2026-02-04 15:27:00,18195.00,18203.75,18193.25,18203.50,1249
2026-02-04 15:28:00,18203.50,18206.00,18198.25,18199.00,716
2026-02-04 15:29:00,18199.00,18200.75,18189.00,18194.75,758
2026-02-04 15:30:00,18194.75,18196.50,18191.50,18193.25,999
2026-02-04 15:31:00,18193.25,18205.75,18190.25,18193.75,605
2026-02-04 15:32:00,18193.75,18199.25,18190.50,18197.25,1044
2026-02-04 15:33:00,18197.25,18200.25,18187.25,18192.75,430
2026-02-04 15:34:00,18192.75,18203.25,18190.50,18202.50,590
2026-02-04 15:35:00,18202.50,18203.25,18194.50,18195.50,1287
2026-02-04 15:36:00,18195.50,18212.75,18192.25,18207.00,803
2026-02-04 15:37:00,18207.00,18211.25,18207.00,18210.50,449
2026-02-04 15:38:00,18210.50,18212.25,18190.75,18193.75,261
2026-02-04 15:39:00,18193.75,18194.25,18187.25,18191.25,626
2026-02-04 15:40:00,18191.25,18198.75,18189.75,18197.00,326
2026-02-04 15:41:00,18197.00,18202.50,18191.50,18199.00,266
2026-02-04 15:42:00,18199.00,18208.00,18196.00,18205.75,1076
2026-02-04 15:43:00,18205.75,18206.50,18188.25,18195.50,788
2026-02-04 15:44:00,18195.50,18200.25,18185.00,18187.00,651
2026-02-04 15:45:00,18187.00,18200.00,18180.00,18195.75,1410
2026-02-04 15:46:00,18195.75,18210.75,18193.00,18205.00,630
2026-02-04 15:47:00,18205.00,18208.25,18179.25,18180.00,998
2026-02-04 15:48:00,18180.00,18199.00,18178.75,18192.25,1064
2026-02-04 15:49:00,18192.25,18193.75,18189.75,18190.75,858
2026-02-04 15:50:00,18190.75,18200.00,18189.00,18192.00,667
2026-02-04 15:51:00,18192.00,18203.75,18191.25,18202.75,972
2026-02-04 15:52:00,18202.75,18205.25,18193.75,18198.25,975
2026-02-04 15:53:00,18198.25,18213.50,18195.25,18209.50,1333
2026-02-04 15:54:00,18209.50,18213.50,18192.75,18193.75,937
2026-02-04 15:55:00,18193.75,18196.25,18184.25,18185.25,1296
2026-02-04 15:56:00,18185.25,18186.75,18180.00,18181.75,719
2026-02-04 15:57:00,18181.75,18200.00,18180.50,18198.25,204
2026-02-04 15:58:00,18198.25,18199.75,18190.00,18192.50,947
2026-02-04 15:59:00,18192.50,18204.25,18184.75,18203.50,931
2026-02-05 08:00:00,18068.25,18073.75,18060.75,18069.50,809
2026-02-05 08:01:00,18069.50,18073.50,18068.75,18069.25,880
2026-02-05 08:02:00,18069.25,18075.50,18058.50,18059.75,309
2026-02-05 08:03:00,18059.75,18079.50,18059.50,18076.75,1157
2026-02-05 08:04:00,18076.75,18085.25,18074.50,18081.75,418
2026-02-05 08:05:00,18081.75,18082.75,18065.50,18070.25,717
2026-02-05 08:06:00,18070.25,18074.00,18065.50,18066.50,1058
2026-02-05 08:07:00,18066.50,18066.75,18061.75,18063.75,251
2026-02-05 08:08:00,18063.75,18076.75,18060.75,18071.75,617
2026-02-05 08:09:00,18071.75,18077.50,18061.25,18062.25,676
2026-02-05 08:10:00,18062.25,18063.00,18060.25,18062.50,1138
2026-02-05 08:11:00,18062.50,18074.75,18062.25,18072.25,689
2026-02-05 08:12:00,18072.25,18074.00,18068.00,18068.25,500
2026-02-05 08:13:00,18068.25,18081.25,18067.25,18075.00,933
2026-02-05 08:14:00,18075.00,18077.75,18062.50,18064.00,904
2026-02-05 08:15:00,18064.00,18070.50,18062.00,18069.25,1189
2026-02-05 08:16:00,18069.25,18070.50,18061.75,18066.75,416
2026-02-05 08:17:00,18066.75,18068.75,18062.25,18063.00,1032
2026-02-05 08:18:00,18063.00,18072.25,18058.25,18069.75,381
2026-02-05 08:19:00,18069.75,18071.25,18059.50,18059.75,1338
2026-02-05 08:20:00,18059.75,18077.50,18059.25,18074.50,472
2026-02-05 08:21:00,18074.50,18076.75,18068.75,18069.50,1217
2026-02-05 08:22:00,18069.50,18077.25,18067.50,18073.00,813
2026-02-05 08:23:00,18073.00,18076.25,18068.00,18074.50,1038
2026-02-05 08:24:00,18074.50,18085.00,18067.25,18070.00,1461
2026-02-05 08:25:00,18070.00,18071.25,18055.25,18057.25,634
2026-02-05 08:26:00,18057.25,18059.00,18049.00,18054.00,1256
2026-02-05 08:27:00,18054.00,18079.25,18049.50,18076.75,1204
2026-02-05 08:28:00,18076.75,18080.50,18062.00,18068.75,1314
2026-02-05 08:29:00,18068.75,18081.00,18064.75,18073.00,586
2026-02-05 08:30:00,18073.00,18075.00,18062.75,18067.75,1495
2026-02-05 08:31:00,18067.75,18070.00,18064.50,18069.25,377
2026-02-05 08:32:00,18069.25,18076.75,18062.75,18075.75,1407
2026-02-05 08:33:00,18075.75,18076.25,18073.50,18075.25,396
2026-02-05 08:34:00,18075.25,18078.75,18071.25,18071.75,281
2026-02-05 08:35:00,18071.75,18072.50,18071.50,18072.25,438
2026-02-05 08:36:00,18072.25,18075.50,18071.50,18075.25,1341
2026-02-05 08:37:00,18075.25,18078.00,18071.00,18073.25,1482
2026-02-05 08:38:00,18073.25,18074.50,18068.75,18069.50,1164
2026-02-05 08:39:00,18069.50,18080.00,18067.00,18079.00,1250
2026-02-05 08:40:00,18079.00,18081.75,18060.00,18066.50,868
2026-02-05 08:41:00,18066.50,18074.75,18064.75,18072.00,347
2026-02-05 08:42:00,18072.00,18075.00,18067.50,18073.50,1290
2026-02-05 08:43:00,18073.50,18089.75,18072.25,18085.50,446
2026-02-05 08:44:00,18085.50,18088.00,18064.00,18067.00,1250
2026-02-05 08:45:00,18067.00,18070.00,18058.75,18069.25,621
2026-02-05 08:46:00,18069.25,18078.50,18053.25,18056.25,1029
2026-02-05 08:47:00,18056.25,18069.75,18054.25,18066.25,202
2026-02-05 08:48:00,18066.25,18071.75,18064.50,18066.50,281
2026-02-05 08:49:00,18066.50,18081.25,18059.25,18075.25,861
2026-02-05 08:50:00,18075.25,18076.50,18064.50,18069.50,1151
2026-02-05 08:51:00,18069.50,18071.50,18055.25,18056.50,1460
2026-02-05 08:52:00,18056.50,18063.75,18052.50,18062.00,421
2026-02-05 08:53:00,18062.00,18075.50,18056.50,18072.25,555
2026-02-05 08:54:00,18072.25,18074.75,18063.25,18065.00,1497
2026-02-05 08:55:00,18065.00,18066.75,18062.25,18064.75,836
2026-02-05 08:56:00,18064.75,18068.25,18064.50,18067.00,795
2026-02-05 08:57:00,18067.00,18081.25,18065.75,18077.75,1447
2026-02-05 08:58:00,18077.75,18078.00,18069.50,18070.50,1387
2026-02-05 08:59:00,18070.50,18092.00,18069.00,18085.50,1249
2026-02-05 09:00:00,18085.50,18086.00,18072.25,18074.00,419
2026-02-05 09:01:00,18074.00,18080.25,18072.25,18076.50,1181
2026-02-05 09:02:00,18076.50,18076.50,18074.00,18075.00,1010
2026-02-05 09:03:00,18075.00,18082.00,18070.25,18078.50,527
2026-02-05 09:04:00,18078.50,18080.75,18077.25,18078.25,362
2026-02-05 09:05:00,18078.25,18081.00,18070.25,18073.50,1483
2026-02-05 09:06:00,18073.50,18074.75,18070.00,18073.25,1482
2026-02-05 09:07:00,18073.25,18077.50,18069.00,18072.75,1254
2026-02-05 09:08:00,18072.75,18075.00,18072.00,18073.50,1260
2026-02-05 09:09:00,18073.50,18084.75,18069.75,18079.50,313
2026-02-05 09:10:00,18079.50,18080.00,18065.00,18070.50,864
2026-02-05 09:11:00,18070.50,18078.50,18068.25,18078.00,1366
2026-02-05 09:12:00,18078.00,18085.00,18070.25,18071.50,793
2026-02-05 09:13:00,18071.50,18077.25,18066.75,18075.75,624
2026-02-05 09:14:00,18075.75,18082.00,18057.50,18069.00,273
2026-02-05 09:15:00,18069.00,18077.00,18067.50,18076.00,1110
2026-02-05 09:16:00,18076.00,18078.00,18072.25,18073.50,1449
2026-02-05 09:17:00,18073.50,18077.25,18067.75,18068.50,801
2026-02-05 09:18:00,18068.50,18083.25,18064.00,18082.75,1308
2026-02-05 09:19:00,18082.75,18083.50,18070.00,18072.75,1231
2026-02-05 09:20:00,18072.75,18086.00,18072.50,18082.50,627
2026-02-05 09:21:00,18082.50,18084.00,18074.00,18079.00,1153
2026-02-05 09:22:00,18079.00,18082.50,18067.75,18072.25,1329
2026-02-05 09:23:00,18072.25,18077.25,18065.00,18069.50,245
2026-02-05 09:24:00,18069.50,18070.75,18065.75,18068.75,716
2026-02-05 09:25:00,18068.75,18080.00,18062.75,18079.75,402
2026-02-05 09:26:00,18079.75,18080.75,18072.50,18075.25,1151
2026-02-05 09:27:00,18075.25,18084.25,18073.75,18079.00,1024
2026-02-05 09:28:00,18079.00,18081.50,18069.00,18071.00,268
2026-02-05 09:29:00,18071.00,18077.00,18053.00,18056.75,218
2026-02-05 09:30:00,18056.75,18059.25,18050.50,18058.75,1488
2026-02-05 09:31:00,18058.75,18064.00,18044.75,18048.25,553
2026-02-05 09:32:00,18048.25,18052.75,18047.50,18049.50,317
2026-02-05 09:33:00,18049.50,18050.75,18047.50,18048.75,639
2026-02-05 09:34:00,18048.75,18052.50,18022.50,18025.50,683
2026-02-05 09:35:00,18025.50,18033.75,18024.75,18033.25,671
2026-02-05 09:36:00,18033.25,18033.50,18020.50,18022.50,928
2026-02-05 09:37:00,18022.50,18047.50,18022.25,18047.25,225
2026-02-05 09:38:00,18047.25,18054.00,18046.75,18053.25,746
2026-02-05 09:39:00,18053.25,18061.00,18051.50,18059.00,598
2026-02-05 09:40:00,18059.00,18073.75,18058.00,18073.00,1264
2026-02-05 09:41:00,18073.00,18073.25,18066.25,18068.00,499
2026-02-05 09:42:00,18068.00,18072.75,18067.00,18072.50,773
2026-02-05 09:43:00,18072.50,18086.00,18071.25,18085.50,556
2026-02-05 09:44:00,18085.50,18109.50,18084.25,18108.25,226
2026-02-05 09:45:00,18108.25,18108.50,18092.25,18093.25,1310
2026-02-05 09:46:00,18093.25,18095.00,18086.50,18089.50,489
2026-02-05 09:47:00,18089.50,18089.75,18065.50,18068.25,692
2026-02-05 09:48:00,18068.25,18071.00,18066.25,18067.25,263
2026-02-05 09:49:00,18067.25,18067.50,18050.75,18052.50,924
2026-02-05 09:50:00,18052.50,18056.25,18048.25,18049.75,606
2026-02-05 09:51:00,18049.75,18068.00,18038.25,18066.50,201
2026-02-05 09:52:00,18066.50,18066.50,18054.50,18057.00,872
2026-02-05 09:53:00,18057.00,18059.00,18050.25,18056.25,714
2026-02-05 09:54:00,18056.25,18060.25,18046.25,18054.75,1312
2026-02-05 09:55:00,18054.75,18082.75,18054.50,18072.75,645
2026-02-05 09:56:00,18072.75,18097.00,18070.75,18082.50,606
2026-02-05 09:57:00,18082.50,18091.25,18080.50,18087.25,1140
2026-02-05 09:58:00,18087.25,18094.50,18081.75,18090.25,1033
2026-02-05 09:59:00,18090.25,18126.75,18080.50,18116.75,650
2026-02-05 10:00:00,18116.75,18120.75,18099.25,18099.75,997
2026-02-05 10:01:00,18099.75,18128.25,18091.50,18116.50,830
2026-02-05 10:02:00,18116.50,18119.75,18103.25,18119.25,836
2026-02-05 10:03:00,18119.25,18156.75,18109.25,18151.50,390
2026-02-05 10:04:00,18151.50,18154.00,18127.00,18137.25,1406
2026-02-05 10:05:00,18137.25,18147.25,18135.50,18143.75,1125
2026-02-05 10:06:00,18143.75,18164.00,18140.25,18163.25,398
2026-02-05 10:07:00,18163.25,18176.00,18137.50,18149.75,1014
2026-02-05 10:08:00,18149.75,18167.00,18139.50,18164.50,257
2026-02-05 10:09:00,18164.50,18187.50,18163.75,18179.00,1027
2026-02-05 10:10:00,18179.00,18193.75,18178.75,18193.25,1278
2026-02-05 10:11:00,18193.25,18195.00,18175.50,18178.75,1285
2026-02-05 10:12:00,18178.75,18194.00,18178.00,18190.25,1431
2026-02-05 10:13:00,18190.25,18192.25,18179.25,18190.50,862
2026-02-05 10:14:00,18190.50,18201.25,18189.25,18194.75,647
2026-02-05 10:15:00,18194.75,18209.25,18187.00,18202.25,1008
2026-02-05 10:16:00,18202.25,18225.75,18202.00,18222.75,1056
2026-02-05 10:17:00,18222.75,18229.25,18182.25,18188.50,784
2026-02-05 10:18:00,18188.50,18200.75,18188.25,18199.75,1167
2026-02-05 10:19:00,18199.75,18206.00,18195.50,18206.00,1142
2026-02-05 10:20:00,18206.00,18221.75,18193.00,18219.25,740
2026-02-05 10:21:00,18219.25,18222.00,18182.25,18190.25,915
2026-02-05 10:22:00,18190.25,18206.00,18187.00,18202.00,1141
2026-02-05 10:23:00,18202.00,18214.00,18202.00,18207.50,674
2026-02-05 10:24:00,18207.50,18209.25,18203.25,18207.00,1374
2026-02-05 10:25:00,18207.00,18219.50,18183.00,18190.25,511
2026-02-05 10:26:00,18190.25,18197.25,18185.75,18197.00,797
2026-02-05 10:27:00,18197.00,18206.25,18194.25,18206.00,1293
2026-02-05 10:28:00,18206.00,18208.75,18205.50,18207.25,472
2026-02-05 10:29:00,18207.25,18209.00,18201.50,18208.50,954
2026-02-05 10:30:00,18208.50,18213.75,18178.00,18187.00,792
2026-02-05 10:31:00,18187.00,18216.50,18184.50,18212.25,842
2026-02-05 10:32:00,18212.25,18216.50,18212.25,18215.25,1396
2026-02-05 10:33:00,18215.25,18215.75,18206.00,18210.00,786
2026-02-05 10:34:00,18210.00,18210.75,18190.75,18192.50,752
2026-02-05 10:35:00,18192.50,18204.75,18189.50,18202.75,1277
2026-02-05 10:36:00,18202.75,18220.50,18193.75,18212.50,734
2026-02-05 10:37:00,18212.50,18213.50,18193.00,18195.50,356
2026-02-05 10:38:00,18195.50,18219.75,18191.25,18216.75,1347
2026-02-05 10:39:00,18216.75,18223.75,18203.75,18208.25,904
2026-02-05 10:40:00,18208.25,18211.50,18193.50,18196.00,1243
2026-02-05 10:41:00,18196.00,18201.25,18195.00,18198.75,839
2026-02-05 10:42:00,18198.75,18209.50,18189.50,18206.00,347
2026-02-05 10:43:00,18206.00,18207.25,18193.50,18194.75,1205
2026-02-05 10:44:00,18194.75,18212.25,18194.25,18204.25,315
2026-02-05 10:45:00,18204.25,18205.00,18197.50,18205.00,727
2026-02-05 10:46:00,18205.00,18214.00,18195.50,18205.25,518
2026-02-05 10:47:00,18205.25,18216.50,18199.00,18213.75,1438
2026-02-05 10:48:00,18213.75,18223.00,18200.00,18203.50,1140
2026-02-05 10:49:00,18203.50,18219.00,18203.00,18218.25,1144
2026-02-05 10:50:00,18218.25,18221.75,18194.25,18198.25,379
2026-02-05 10:51:00,18198.25,18214.50,18196.25,18214.00,359
2026-02-05 10:52:00,18214.00,18216.25,18190.00,18193.50,1166
2026-02-05 10:53:00,18193.50,18199.75,18188.75,18193.00,1406
2026-02-05 10:54:00,18193.00,18202.50,18186.00,18190.50,231
2026-02-05 10:55:00,18190.50,18216.00,18187.50,18211.00,470
2026-02-05 10:56:00,18211.00,18225.00,18203.75,18215.75,687
2026-02-05 10:57:00,18215.75,18223.00,18199.50,18202.75,935
2026-02-05 10:58:00,18202.75,18218.50,18195.25,18214.00,771
2026-02-05 10:59:00,18214.00,18217.75,18196.75,18197.00,1352
2026-02-05 11:00:00,18197.00,18203.00,18195.00,18203.00,1022
2026-02-05 11:01:00,18203.00,18210.25,18202.50,18205.00,618
2026-02-05 11:02:00,18205.00,18216.75,18202.50,18215.00,990
2026-02-05 11:03:00,18215.00,18220.75,18206.25,18207.50,1259
2026-02-05 11:04:00,18207.50,18209.50,18184.00,18188.00,218
2026-02-05 11:05:00,18188.00,18206.50,18187.75,18204.75,878
2026-02-05 11:06:00,18204.75,18211.75,18195.50,18195.75,269
2026-02-05 11:07:00,18195.75,18212.25,18183.25,18210.00,1460
2026-02-05 11:08:00,18210.00,18214.75,18195.50,18198.25,1002
2026-02-05 11:09:00,18198.25,18199.00,18194.25,18198.50,233
2026-02-05 11:10:00,18198.50,18199.50,18185.25,18194.75,926
2026-02-05 11:11:00,18194.75,18208.25,18194.00,18205.75,240
2026-02-05 11:12:00,18205.75,18215.50,18201.50,18209.25,723
2026-02-05 11:13:00,18209.25,18220.25,18182.00,18190.00,824
2026-02-05 11:14:00,18190.00,18206.50,18183.75,18203.00,1207
2026-02-05 11:15:00,18203.00,18218.25,18199.00,18217.00,1395
2026-02-05 11:16:00,18217.00,18227.00,18203.25,18208.25,1362
2026-02-05 11:17:00,18208.25,18214.50,18200.50,18205.75,1109
2026-02-05 11:18:00,18205.75,18222.75,18199.75,18219.00,515
2026-02-05 11:19:00,18219.00,18221.25,18194.75,18195.00,882
2026-02-05 11:20:00,18195.00,18213.50,18194.50,18212.50,489
2026-02-05 11:21:00,18212.50,18216.00,18205.75,18209.75,1212
2026-02-05 11:22:00,18209.75,18210.00,18202.50,18203.25,521
2026-02-05 11:23:00,18203.25,18212.00,18190.75,18199.00,965
2026-02-05 11:24:00,18199.00,18203.75,18191.75,18196.00,1299
2026-02-05 11:25:00,18196.00,18210.75,18187.00,18208.25,799
2026-02-05 11:26:00,18208.25,18222.00,18202.00,18215.50,1200
2026-02-05 11:27:00,18215.50,18216.25,18204.50,18206.75,748
2026-02-05 11:28:00,18206.75,18208.00,18190.75,18198.00,294
2026-02-05 11:29:00,18198.00,18214.00,18195.00,18210.50,319
2026-02-05 11:30:00,18210.50,18214.00,18194.25,18195.00,1159
2026-02-05 11:31:00,18195.00,18207.75,18191.25,18197.25,1390
2026-02-05 11:32:00,18197.25,18200.75,18194.00,18194.25,940
2026-02-05 11:33:00,18194.25,18221.50,18193.25,18220.50,1051
2026-02-05 11:34:00,18220.50,18222.50,18198.00,18199.00,486
2026-02-05 11:35:00,18199.00,18215.75,18196.25,18213.75,313
2026-02-05 11:36:00,18213.75,18217.25,18209.75,18210.25,424
2026-02-05 11:37:00,18210.25,18213.25,18198.50,18201.50,590
2026-02-05 11:38:00,18201.50,18210.25,18194.25,18209.75,1441
2026-02-05 11:39:00,18209.75,18215.75,18204.75,18206.25,1411
2026-02-05 11:40:00,18206.25,18217.00,18204.00,18214.75,1394
2026-02-05 11:41:00,18214.75,18218.50,18208.25,18213.50,1375
2026-02-05 11:42:00,18213.50,18218.00,18200.00,18200.75,1352
2026-02-05 11:43:00,18200.75,18202.25,18198.00,18201.25,948
2026-02-05 11:44:00,18201.25,18206.75,18195.50,18197.75,254
2026-02-05 11:45:00,18197.75,18212.50,18193.00,18209.25,1160
2026-02-05 11:46:00,18209.25,18221.75,18209.00,18219.00,1479
2026-02-05 11:47:00,18219.00,18224.50,18213.50,18216.25,1421
2026-02-05 11:48:00,18216.25,18223.00,18216.25,18220.50,442
2026-02-05 11:49:00,18220.50,18222.75,18200.50,18211.00,758
2026-02-05 11:50:00,18211.00,18224.00,18209.75,18219.75,219
2026-02-05 11:51:00,18219.75,18222.25,18202.00,18203.75,1276
2026-02-05 11:52:00,18203.75,18215.75,18191.00,18197.00,1465
2026-02-05 11:53:00,18197.00,18216.25,18191.75,18203.75,1311
2026-02-05 11:54:00,18203.75,18205.75,18197.00,18199.00,1261
2026-02-05 11:55:00,18199.00,18213.25,18191.75,18213.25,861
2026-02-05 11:56:00,18213.25,18216.25,18197.50,18202.75,1041
2026-02-05 11:57:00,18202.75,18216.00,18200.25,18215.00,1046
2026-02-05 11:58:00,18215.00,18215.25,18192.75,18194.50,858
2026-02-05 11:59:00,18194.50,18215.50,18193.25,18210.50,828
2026-02-05 12:00:00,18210.50,18214.00,18199.50,18202.00,882
2026-02-05 12:01:00,18202.00,18233.50,18183.25,18222.25,1263
2026-02-05 12:02:00,18222.25,18229.50,18215.75,18217.25,251
2026-02-05 12:03:00,18217.25,18218.25,18201.00,18209.50,208
2026-02-05 12:04:00,18209.50,18216.75,18198.75,18200.50,1329
2026-02-05 12:05:00,18200.50,18208.50,18191.25,18199.00,223
2026-02-05 12:06:00,18199.00,18204.75,18189.75,18202.50,230
2026-02-05 12:07:00,18202.50,18215.00,18196.25,18208.75,797
2026-02-05 12:08:00,18208.75,18211.00,18202.25,18208.75,1260
2026-02-05 12:09:00,18208.75,18214.25,18186.25,18192.75,1163
2026-02-05 12:10:00,18192.75,18226.00,18189.50,18222.75,669
2026-02-05 12:11:00,18222.75,18225.75,18197.75,18198.50,1114
2026-02-05 12:12:00,18198.50,18203.00,18194.75,18202.75,1042
2026-02-05 12:13:00,18202.75,18212.50,18201.50,18207.75,1345
2026-02-05 12:14:00,18207.75,18214.50,18201.50,18205.00,1110
2026-02-05 12:15:00,18205.00,18206.00,18197.75,18200.50,1467
2026-02-05 12:16:00,18200.50,18215.50,18196.50,18210.25,1317
2026-02-05 12:17:00,18210.25,18225.00,18204.00,18219.50,1342
2026-02-05 12:18:00,18219.50,18220.25,18207.50,18213.00,212
2026-02-05 12:19:00,18213.00,18215.50,18198.50,18198.75,900
2026-02-05 12:20:00,18198.75,18207.25,18190.00,18205.25,414
2026-02-05 12:21:00,18205.25,18219.75,18197.25,18215.50,532
2026-02-05 12:22:00,18215.50,18222.25,18200.75,18202.75,706
2026-02-05 12:23:00,18202.75,18209.00,18199.50,18205.25,1161
2026-02-05 12:24:00,18205.25,18220.00,18205.25,18220.00,997
2026-02-05 12:25:00,18220.00,18224.25,18215.75,18217.25,660
2026-02-05 12:26:00,18217.25,18217.50,18193.50,18202.50,1192
2026-02-05 12:27:00,18202.50,18211.00,18197.50,18210.75,283
2026-02-05 12:28:00,18210.75,18221.75,18210.25,18214.50,1222
2026-02-05 12:29:00,18214.50,18233.00,18212.50,18226.25,552
2026-02-05 12:30:00,18226.25,18233.25,18202.00,18210.50,530
2026-02-05 12:31:00,18210.50,18232.75,18209.75,18230.50,327
2026-02-05 12:32:00,18230.50,18232.75,18210.50,18211.25,222
2026-02-05 12:33:00,18211.25,18212.25,18207.00,18207.75,251
2026-02-05 12:34:00,18207.75,18214.00,18201.50,18202.75,430
2026-02-05 12:35:00,18202.75,18206.25,18198.00,18206.00,1421
2026-02-05 12:36:00,18206.00,18219.50,18204.00,18218.25,260
2026-02-05 12:37:00,18218.25,18226.50,18217.00,18225.50,478
2026-02-05 12:38:00,18225.50,18227.75,18207.50,18207.50,215
2026-02-05 12:39:00,18207.50,18213.75,18202.25,18204.75,1280
2026-02-05 12:40:00,18204.75,18208.00,18195.75,18206.25,1480
2026-02-05 12:41:00,18206.25,18229.00,18201.00,18223.00,234
2026-02-05 12:42:00,18223.00,18226.50,18188.50,18194.25,597
2026-02-05 12:43:00,18194.25,18205.25,18192.75,18205.25,1167
2026-02-05 12:44:00,18205.25,18209.50,18202.50,18209.50,859
2026-02-05 12:45:00,18209.50,18212.25,18201.00,18203.00,318
2026-02-05 12:46:00,18203.00,18203.25,18194.25,18201.75,507
2026-02-05 12:47:00,18201.75,18209.25,18201.00,18208.50,1237
2026-02-05 12:48:00,18208.50,18217.25,18207.50,18215.50,1148
2026-02-05 12:49:00,18215.50,18217.25,18207.50,18210.50,997
2026-02-05 12:50:00,18210.50,18215.75,18203.25,18206.75,669
2026-02-05 12:51:00,18206.75,18209.25,18199.50,18200.75,426
2026-02-05 12:52:00,18200.75,18215.00,18200.00,18211.50,796
2026-02-05 12:53:00,18211.50,18219.25,18210.50,18218.00,488
2026-02-05 12:54:00,18218.00,18220.00,18202.75,18211.00,802
2026-02-05 12:55:00,18211.00,18227.25,18202.50,18225.75,1256
2026-02-05 12:56:00,18225.75,18226.00,18188.75,18189.25,532
2026-02-05 12:57:00,18189.25,18215.25,18184.50,18211.00,1043
2026-02-05 12:58:00,18211.00,18226.50,18207.50,18220.25,866
2026-02-05 12:59:00,18220.25,18221.50,18207.50,18211.00,1061
2026-02-05 13:00:00,18211.00,18213.25,18193.75,18196.50,1089
2026-02-05 13:01:00,18196.50,18213.25,18195.50,18212.50,1233
2026-02-05 13:02:00,18212.50,18222.50,18205.75,18219.00,725
2026-02-05 13:03:00,18219.00,18222.25,18207.00,18210.25,242
2026-02-05 13:04:00,18210.25,18217.50,18195.50,18203.00,822
2026-02-05 13:05:00,18203.00,18228.50,18195.00,18219.25,722
2026-02-05 13:06:00,18219.25,18226.50,18212.75,18215.75,729
2026-02-05 13:07:00,18215.75,18216.50,18207.25,18215.25,207
2026-02-05 13:08:00,18215.25,18220.75,18214.75,18219.50,747
2026-02-05 13:09:00,18219.50,18221.00,18211.00,18214.50,467
2026-02-05 13:10:00,18214.50,18222.25,18210.25,18217.00,482
2026-02-05 13:11:00,18217.00,18231.75,18213.75,18223.50,946
2026-02-05 13:12:00,18223.50,18228.75,18208.00,18210.00,651
2026-02-05 13:13:00,18210.00,18228.50,18209.75,18222.00,394
2026-02-05 13:14:00,18222.00,18231.25,18217.75,18228.50,409
2026-02-05 13:15:00,18228.50,18233.00,18211.00,18212.25,570
2026-02-05 13:16:00,18212.25,18217.50,18211.00,18213.75,312
2026-02-05 13:17:00,18213.75,18222.00,18209.25,18216.25,1435
2026-02-05 13:18:00,18216.25,18222.75,18206.75,18210.00,591
2026-02-05 13:19:00,18210.00,18224.50,18206.50,18219.50,1155
2026-02-05 13:20:00,18219.50,18230.50,18217.00,18224.75,467
2026-02-05 13:21:00,18224.75,18226.25,18222.50,18226.00,736
2026-02-05 13:22:00,18226.00,18227.25,18202.25,18205.25,589
2026-02-05 13:23:00,18205.25,18211.25,18199.25,18209.50,1134
2026-02-05 13:24:00,18209.50,18209.75,18204.75,18208.00,873
2026-02-05 13:25:00,18208.00,18221.75,18205.50,18216.25,964
2026-02-05 13:26:00,18216.25,18228.75,18197.00,18200.75,1499
2026-02-05 13:27:00,18200.75,18222.50,18193.00,18221.25,935
2026-02-05 13:28:00,18221.25,18230.00,18215.50,18218.00,1395
2026-02-05 13:29:00,18218.00,18224.00,18214.50,18216.00,722
2026-02-05 13:30:00,18216.00,18224.25,18211.00,18219.00,1217
2026-02-05 13:31:00,18219.00,18224.25,18215.75,18216.25,528
2026-02-05 13:32:00,18216.25,18223.50,18212.75,18220.75,1331
2026-02-05 13:33:00,18220.75,18227.00,18190.25,18192.25,1458
2026-02-05 13:34:00,18192.25,18235.50,18191.75,18224.50,1442
2026-02-05 13:35:00,18224.50,18230.00,18211.00,18215.25,1142
2026-02-05 13:36:00,18215.25,18220.75,18206.25,18209.75,1140
2026-02-05 13:37:00,18209.75,18217.50,18206.00,18215.25,585
2026-02-05 13:38:00,18215.25,18227.75,18206.50,18223.50,1305
2026-02-05 13:39:00,18223.50,18240.25,18220.50,18231.00,978
2026-02-05 13:40:00,18231.00,18236.50,18212.75,18221.25,1070
2026-02-05 13:41:00,18221.25,18221.75,18217.50,18217.75,477
2026-02-05 13:42:00,18217.75,18222.50,18216.25,18220.25,207
2026-02-05 13:43:00,18220.25,18220.75,18212.00,18217.00,1352
2026-02-05 13:44:00,18217.00,18221.00,18210.50,18212.75,422
2026-02-05 13:45:00,18212.75,18217.75,18200.50,18203.25,798
2026-02-05 13:46:00,18203.25,18214.50,18197.50,18208.75,361
2026-02-05 13:47:00,18208.75,18223.00,18205.25,18213.25,854
2026-02-05 13:48:00,18213.25,18236.75,18212.25,18234.00,729
2026-02-05 13:49:00,18234.00,18236.00,18208.50,18212.25,1367
2026-02-05 13:50:00,18212.25,18222.25,18210.00,18219.50,1169
2026-02-05 13:51:00,18219.50,18224.50,18210.25,18217.00,317
2026-02-05 13:52:00,18217.00,18227.00,18210.25,18210.50,1273
2026-02-05 13:53:00,18210.50,18229.00,18202.50,18222.00,935
2026-02-05 13:54:00,18222.00,18225.25,18216.00,18218.00,677
2026-02-05 13:55:00,18218.00,18218.75,18203.50,18206.00,1064
2026-02-05 13:56:00,18206.00,18230.75,18198.00,18215.75,1087
2026-02-05 13:57:00,18215.75,18216.50,18202.75,18206.00,281
2026-02-05 13:58:00,18206.00,18207.00,18206.00,18206.25,1377
2026-02-05 13:59:00,18206.25,18230.25,18205.25,18226.75,250
2026-02-05 14:00:00,18226.75,18231.00,18207.00,18213.00,973
2026-02-05 14:01:00,18213.00,18219.25,18207.25,18211.25,1395
2026-02-05 14:02:00,18211.25,18224.00,18209.75,18216.75,358
2026-02-05 14:03:00,18216.75,18222.00,18202.50,18220.50,236
2026-02-05 14:04:00,18220.50,18222.50,18194.00,18201.50,861
2026-02-05 14:05:00,18201.50,18202.00,18194.00,18198.25,1333
2026-02-05 14:06:00,18198.25,18212.75,18192.25,18208.75,340
2026-02-05 14:07:00,18208.75,18213.25,18203.25,18205.75,735
2026-02-05 14:08:00,18205.75,18206.25,18198.75,18206.00,1422
2026-02-05 14:09:00,18206.00,18241.00,18203.00,18235.25,1327
2026-02-05 14:10:00,18235.25,18241.25,18202.75,18205.00,1086
2026-02-05 14:11:00,18205.00,18217.25,18203.50,18213.25,1162
2026-02-05 14:12:00,18213.25,18218.75,18210.00,18217.50,414
2026-02-05 14:13:00,18217.50,18226.50,18217.25,18220.25,1097
2026-02-05 14:14:00,18220.25,18223.50,18210.50,18212.25,277
2026-02-05 14:15:00,18212.25,18214.75,18200.50,18205.50,556
2026-02-05 14:16:00,18205.50,18215.50,18200.50,18214.25,306
2026-02-05 14:17:00,18214.25,18218.75,18211.25,18212.75,612
2026-02-05 14:18:00,18212.75,18214.50,18185.75,18193.00,1291
2026-02-05 14:19:00,18193.00,18211.00,18188.75,18207.25,1075
2026-02-05 14:20:00,18207.25,18218.25,18197.75,18212.00,1164
2026-02-05 14:21:00,18212.00,18224.25,18206.00,18208.00,966
2026-02-05 14:22:00,18208.00,18216.75,18200.75,18202.50,785
2026-02-05 14:23:00,18202.50,18222.75,18198.50,18218.50,645
2026-02-05 14:24:00,18218.50,18221.75,18213.00,18220.50,1430
2026-02-05 14:25:00,18220.50,18224.25,18210.00,18215.50,386
2026-02-05 14:26:00,18215.50,18218.75,18212.25,18214.00,818
2026-02-05 14:27:00,18214.00,18217.50,18209.00,18217.25,629
2026-02-05 14:28:00,18217.25,18225.75,18210.75,18220.75,753
2026-02-05 14:29:00,18220.75,18229.25,18219.00,18226.00,401
2026-02-05 14:30:00,18226.00,18229.00,18219.75,18220.75,868
2026-02-05 14:31:00,18220.75,18231.50,18219.00,18229.50,372
2026-02-05 14:32:00,18229.50,18236.75,18209.00,18211.75,889
2026-02-05 14:33:00,18211.75,18217.50,18200.50,18216.50,611
2026-02-05 14:34:00,18216.50,18219.25,18194.50,18200.75,250
2026-02-05 14:35:00,18200.75,18237.25,18196.75,18231.50,806
2026-02-05 14:36:00,18231.50,18234.75,18217.25,18224.50,1367
2026-02-05 14:37:00,18224.50,18229.00,18220.25,18221.75,1347
2026-02-05 14:38:00,18221.75,18224.25,18203.50,18210.25,1317
2026-02-05 14:39:00,18210.25,18225.25,18204.25,18223.25,593
2026-02-05 14:40:00,18223.25,18233.25,18207.00,18212.25,1423
2026-02-05 14:41:00,18212.25,18223.50,18204.25,18217.00,1456
2026-02-05 14:42:00,18217.00,18243.25,18214.00,18228.00,1239
2026-02-05 14:43:00,18228.00,18239.00,18209.00,18210.50,938
2026-02-05 14:44:00,18210.50,18225.25,18209.25,18222.75,742
2026-02-05 14:45:00,18222.75,18229.50,18222.25,18224.25,668
2026-02-05 14:46:00,18224.25,18230.25,18221.25,18225.25,1356
2026-02-05 14:47:00,18225.25,18233.00,18215.50,18228.00,999
2026-02-05 14:48:00,18228.00,18233.00,18221.75,18224.75,1345
2026-02-05 14:49:00,18224.75,18224.75,18196.00,18196.00,616
2026-02-05 14:50:00,18196.00,18224.25,18187.75,18223.00,311
2026-02-05 14:51:00,18223.00,18224.25,18205.00,18208.50,644
2026-02-05 14:52:00,18208.50,18231.00,18198.75,18221.75,515
2026-02-05 14:53:00,18221.75,18229.00,18217.75,18218.75,697
2026-02-05 14:54:00,18218.75,18245.00,18212.00,18244.00,273
2026-02-05 14:55:00,18244.00,18246.25,18205.00,18213.25,620
2026-02-05 14:56:00,18213.25,18220.75,18207.00,18210.25,642
2026-02-05 14:57:00,18210.25,18225.50,18206.75,18215.00,1026
2026-02-05 14:58:00,18215.00,18219.75,18205.00,18207.25,1472
2026-02-05 14:59:00,18207.25,18223.75,18201.00,18223.00,1137
2026-02-05 15:00:00,18223.00,18225.25,18207.25,18209.00,703
2026-02-05 15:01:00,18209.00,18224.75,18203.50,18223.50,1000
2026-02-05 15:02:00,18223.50,18228.50,18209.75,18211.00,1148
2026-02-05 15:03:00,18211.00,18217.00,18203.75,18214.00,771
2026-02-05 15:04:00,18214.00,18231.00,18210.50,18230.25,529
2026-02-05 15:05:00,18230.25,18240.75,18211.75,18220.00,994
2026-02-05 15:06:00,18220.00,18226.50,18219.75,18226.25,794
2026-02-05 15:07:00,18226.25,18226.25,18202.00,18206.25,554
2026-02-05 15:08:00,18206.25,18216.75,18205.00,18213.00,360
2026-02-05 15:09:00,18213.00,18221.00,18210.75,18214.75,1059
2026-02-05 15:10:00,18214.75,18214.75,18211.25,18213.25,282
2026-02-05 15:11:00,18213.25,18238.00,18208.00,18236.50,1369
2026-02-05 15:12:00,18236.50,18239.75,18197.00,18203.25,705
2026-02-05 15:13:00,18203.25,18227.25,18201.25,18225.50,1089
2026-02-05 15:14:00,18225.50,18230.50,18220.00,18230.50,974
2026-02-05 15:15:00,18230.50,18233.50,18220.50,18222.50,1491
2026-02-05 15:16:00,18222.50,18231.50,18205.50,18206.75,1419
2026-02-05 15:17:00,18206.75,18219.25,18205.75,18217.75,1457
2026-02-05 15:18:00,18217.75,18228.75,18208.50,18213.25,1299
2026-02-05 15:19:00,18213.25,18223.00,18202.75,18211.25,1460
2026-02-05 15:20:00,18211.25,18217.25,18209.50,18214.50,498
2026-02-05 15:21:00,18214.50,18243.75,18210.00,18233.50,1306
2026-02-05 15:22:00,18233.50,18241.50,18211.00,18216.25,273
2026-02-05 15:23:00,18216.25,18220.75,18203.75,18217.75,1106
2026-02-05 15:24:00,18217.75,18229.25,18215.00,18225.25,973
2026-02-05 15:25:00,18225.25,18231.75,18224.00,18231.25,775
2026-02-05 15:26:00,18231.25,18234.00,18217.75,18222.75,1292
2026-02-05 15:27:00,18222.75,18224.50,18207.50,18208.00,440
2026-02-05 15:28:00,18208.00,18231.75,18207.75,18224.00,574
2026-02-05 15:29:00,18224.00,18228.75,18198.00,18198.50,286
2026-02-05 15:30:00,18198.50,18236.50,18190.75,18233.00,570
2026-02-05 15:31:00,18233.00,18236.25,18227.75,18233.75,505
2026-02-05 15:32:00,18233.75,18237.75,18228.25,18230.50,1205
2026-02-05 15:33:00,18230.50,18230.75,18221.75,18222.75,885
2026-02-05 15:34:00,18222.75,18224.75,18216.50,18218.00,1056
2026-02-05 15:35:00,18218.00,18221.50,18213.50,18219.25,471
2026-02-05 15:36:00,18219.25,18222.25,18215.00,18216.75,911
2026-02-05 15:37:00,18216.75,18222.75,18215.25,18222.00,493
2026-02-05 15:38:00,18222.00,18230.00,18209.25,18211.50,1071
2026-02-05 15:39:00,18211.50,18225.50,18210.50,18218.50,1162
2026-02-05 15:40:00,18218.50,18219.00,18216.75,18218.50,669
2026-02-05 15:41:00,18218.50,18227.75,18213.25,18223.25,1143
2026-02-05 15:42:00,18223.25,18227.00,18219.50,18219.75,547
2026-02-05 15:43:00,18219.75,18231.75,18216.75,18226.50,731
2026-02-05 15:44:00,18226.50,18229.25,18204.00,18209.50,462
2026-02-05 15:45:00,18209.50,18235.25,18209.50,18231.00,886
2026-02-05 15:46:00,18231.00,18234.50,18218.75,18219.00,673
2026-02-05 15:47:00,18219.00,18227.75,18218.75,18224.25,1016
2026-02-05 15:48:00,18224.25,18237.75,18223.25,18230.75,258
2026-02-05 15:49:00,18230.75,18237.75,18214.25,18224.25,1459
2026-02-05 15:50:00,18224.25,18226.50,18205.25,18208.25,1223
2026-02-05 15:51:00,18208.25,18217.50,18204.50,18213.50,301
2026-02-05 15:52:00,18213.50,18228.50,18207.25,18223.25,778
2026-02-05 15:53:00,18223.25,18227.00,18214.00,18218.50,1249
2026-02-05 15:54:00,18218.50,18225.00,18216.50,18218.50,657
2026-02-05 15:55:00,18218.50,18225.00,18206.25,18212.50,505
2026-02-05 15:56:00,18212.50,18229.25,18210.75,18227.00,1470
2026-02-05 15:57:00,18227.00,18230.50,18219.50,18219.50,1345
2026-02-05 15:58:00,18219.50,18229.25,18215.25,18216.75,366
2026-02-05 15:59:00,18216.75,18241.25,18209.25,18229.75,1345
2026-02-06 08:00:00,18158.50,18172.50,18153.50,18170.75,283
2026-02-06 08:01:00,18170.75,18172.25,18142.75,18145.00,1146
2026-02-06 08:02:00,18145.00,18164.00,18142.00,18161.25,1302
2026-02-06 08:03:00,18161.25,18163.00,18155.50,18155.75,654
2026-02-06 08:04:00,18155.75,18166.75,18151.00,18158.25,1200
2026-02-06 08:05:00,18158.25,18159.50,18157.00,18157.50,699
2026-02-06 08:06:00,18157.50,18157.75,18148.25,18148.75,1218
2026-02-06 08:07:00,18148.75,18156.25,18147.50,18150.75,1413
2026-02-06 08:08:00,18150.75,18158.50,18148.75,18155.00,218
2026-02-06 08:09:00,18155.00,18167.75,18152.75,18163.00,619
2026-02-06 08:10:00,18163.00,18164.50,18153.25,18157.75,317
2026-02-06 08:11:00,18157.75,18161.25,18153.25,18158.75,1336
2026-02-06 08:12:00,18158.75,18162.00,18148.75,18150.25,288
2026-02-06 08:13:00,18150.25,18157.50,18149.50,18157.25,1386
2026-02-06 08:14:00,18157.25,18159.25,18152.50,18155.75,766
2026-02-06 08:15:00,18155.75,18164.25,18154.75,18160.50,403
2026-02-06 08:16:00,18160.50,18168.75,18158.25,18163.00,1496
2026-02-06 08:17:00,18163.00,18168.25,18148.25,18152.75,1459
2026-02-06 08:18:00,18152.75,18164.00,18145.75,18163.00,702
2026-02-06 08:19:00,18163.00,18165.50,18156.50,18156.75,423
2026-02-06 08:20:00,18156.75,18158.50,18150.75,18155.25,220
2026-02-06 08:21:00,18155.25,18160.50,18151.50,18155.75,871
2026-02-06 08:22:00,18155.75,18158.75,18147.00,18148.50,527
2026-02-06 08:23:00,18148.50,18162.50,18145.00,18162.25,1334
2026-02-06 08:24:00,18162.25,18162.50,18160.00,18161.50,257
2026-02-06 08:25:00,18161.50,18163.50,18149.50,18153.25,1410
2026-02-06 08:26:00,18153.25,18162.00,18149.75,18160.25,780
2026-02-06 08:27:00,18160.25,18166.00,18151.00,18152.00,313
2026-02-06 08:28:00,18152.00,18169.75,18146.00,18164.50,813
2026-02-06 08:29:00,18164.50,18164.75,18154.25,18159.00,964
2026-02-06 08:30:00,18159.00,18163.50,18143.00,18149.25,797
2026-02-06 08:31:00,18149.25,18152.75,18143.50,18145.00,881
2026-02-06 08:32:00,18145.00,18153.75,18142.75,18152.50,354
2026-02-06 08:33:00,18152.50,18165.25,18146.75,18159.25,506
2026-02-06 08:34:00,18159.25,18164.00,18145.25,18147.50,1304
2026-02-06 08:35:00,18147.50,18165.25,18146.50,18164.50,533
2026-02-06 08:36:00,18164.50,18169.00,18157.00,18159.25,1271
2026-02-06 08:37:00,18159.25,18166.75,18158.75,18164.00,555
2026-02-06 08:38:00,18164.00,18165.50,18156.00,18156.50,237
2026-02-06 08:39:00,18156.50,18162.25,18149.25,18150.75,859
2026-02-06 08:40:00,18150.75,18165.00,18149.25,18161.50,212
2026-02-06 08:41:00,18161.50,18164.75,18152.50,18154.50,517
2026-02-06 08:42:00,18154.50,18154.75,18152.00,18152.50,1059
2026-02-06 08:43:00,18152.50,18162.25,18149.00,18161.50,285
2026-02-06 08:44:00,18161.50,18163.75,18154.00,18156.50,203
2026-02-06 08:45:00,18156.50,18158.50,18153.50,18156.75,1489
2026-02-06 08:46:00,18156.75,18158.75,18150.25,18153.75,1451
2026-02-06 08:47:00,18153.75,18157.00,18140.25,18143.00,570
2026-02-06 08:48:00,18143.00,18161.50,18137.50,18160.75,1367
2026-02-06 08:49:00,18160.75,18165.00,18158.00,18159.25,1436
2026-02-06 08:50:00,18159.25,18160.25,18154.75,18154.75,1327
2026-02-06 08:51:00,18154.75,18155.00,18147.50,18149.50,561
2026-02-06 08:52:00,18149.50,18161.75,18147.50,18153.75,650
2026-02-06 08:53:00,18153.75,18158.00,18144.25,18144.75,233
2026-02-06 08:54:00,18144.75,18149.50,18142.25,18148.25,1302
2026-02-06 08:55:00,18148.25,18153.00,18147.50,18149.00,1277
2026-02-06 08:56:00,18149.00,18157.00,18145.75,18155.75,219
2026-02-06 08:57:00,18155.75,18162.50,18152.50,18160.75,1169
2026-02-06 08:58:00,18160.75,18164.25,18148.75,18153.50,981
2026-02-06 08:59:00,18153.50,18163.50,18153.25,18159.50,1384
2026-02-06 09:00:00,18159.50,18159.75,18156.75,18157.00,1460
2026-02-06 09:01:00,18157.00,18162.00,18151.50,18161.50,999
2026-02-06 09:02:00,18161.50,18170.50,18151.00,18154.00,1274
2026-02-06 09:03:00,18154.00,18159.50,18147.25,18148.25,1466
2026-02-06 09:04:00,18148.25,18156.25,18144.75,18155.75,408
2026-02-06 09:05:00,18155.75,18164.75,18151.50,18160.50,1209
2026-02-06 09:06:00,18160.50,18163.50,18149.00,18152.75,284
2026-02-06 09:07:00,18152.75,18154.50,18148.25,18148.75,306
2026-02-06 09:08:00,18148.75,18152.75,18143.25,18151.25,719
2026-02-06 09:09:00,18151.25,18152.75,18137.50,18142.00,981
2026-02-06 09:10:00,18142.00,18151.25,18139.50,18150.75,477
2026-02-06 09:11:00,18150.75,18151.25,18145.25,18149.00,252
2026-02-06 09:12:00,18149.00,18158.75,18148.25,18156.50,378
2026-02-06 09:13:00,18156.50,18161.00,18153.75,18156.00,1355
2026-02-06 09:14:00,18156.00,18160.50,18148.25,18149.75,645
2026-02-06 09:15:00,18149.75,18153.00,18148.00,18149.00,874
2026-02-06 09:16:00,18149.00,18155.25,18145.75,18147.00,628
2026-02-06 09:17:00,18147.00,18162.75,18141.75,18158.50,779
2026-02-06 09:18:00,18158.50,18167.25,18156.50,18157.25,347
2026-02-06 09:19:00,18157.25,18159.50,18146.75,18147.00,1089
2026-02-06 09:20:00,18147.00,18159.75,18146.75,18155.00,509
2026-02-06 09:21:00,18155.00,18157.75,18140.50,18141.00,929
2026-02-06 09:22:00,18141.00,18158.00,18139.50,18154.00,1108
2026-02-06 09:23:00,18154.00,18155.50,18148.75,18150.50,677
2026-02-06 09:24:00,18150.50,18150.75,18144.50,18145.25,380
2026-02-06 09:25:00,18145.25,18149.00,18136.25,18140.00,909
2026-02-06 09:26:00,18140.00,18141.50,18138.50,18140.25,686
2026-02-06 09:27:00,18140.25,18163.00,18137.75,18155.50,954
2026-02-06 09:28:00,18155.50,18163.50,18153.00,18161.00,261
2026-02-06 09:29:00,18161.00,18166.50,18140.25,18144.25,1472
2026-02-06 09:30:00,18144.25,18152.00,18140.75,18151.50,522
2026-02-06 09:31:00,18151.50,18153.50,18132.25,18140.75,889
2026-02-06 09:32:00,18140.75,18148.00,18136.75,18142.25,357
2026-02-06 09:33:00,18142.25,18148.50,18133.50,18137.25,1134
2026-02-06 09:34:00,18137.25,18140.75,18128.50,18131.00,1007
2026-02-06 09:35:00,18131.00,18131.50,18128.75,18130.50,1241
2026-02-06 09:36:00,18130.50,18147.25,18129.50,18147.25,1212
2026-02-06 09:37:00,18147.25,18147.50,18144.00,18145.00,1430
2026-02-06 09:38:00,18145.00,18148.25,18144.75,18148.00,1384
2026-02-06 09:39:00,18148.00,18165.75,18147.00,18165.75,1120
2026-02-06 09:40:00,18165.75,18166.50,18153.00,18154.75,1009
2026-02-06 09:41:00,18154.75,18171.75,18154.50,18171.25,1071
2026-02-06 09:42:00,18171.25,18181.75,18171.00,18181.25,1333
2026-02-06 09:43:00,18181.25,18192.50,18181.00,18192.00,595
2026-02-06 09:44:00,18192.00,18205.25,18191.50,18204.00,1253
2026-02-06 09:45:00,18204.00,18206.25,18192.25,18198.25,1217
2026-02-06 09:46:00,18198.25,18201.75,18172.25,18175.00,326
2026-02-06 09:47:00,18175.00,18175.50,18170.50,18171.75,1217
2026-02-06 09:48:00,18171.75,18172.25,18156.25,18158.50,1490
2026-02-06 09:49:00,18158.50,18160.50,18153.75,18154.25,1343
2026-02-06 09:50:00,18154.25,18157.25,18142.25,18142.25,1336
2026-02-06 09:51:00,18142.25,18151.00,18127.25,18129.00,240
2026-02-06 09:52:00,18129.00,18167.00,18112.50,18162.00,338
2026-02-06 09:53:00,18162.00,18165.00,18159.25,18159.75,811
2026-02-06 09:54:00,18159.75,18163.75,18137.00,18150.75,951
2026-02-06 09:55:00,18150.75,18179.50,18149.25,18166.75,878
2026-02-06 09:56:00,18166.75,18175.25,18163.00,18173.75,1316
2026-02-06 09:57:00,18173.75,18198.25,18172.00,18189.75,229
2026-02-06 09:58:00,18189.75,18202.00,18189.75,18197.50,1402
2026-02-06 09:59:00,18197.50,18201.50,18166.00,18166.50,1012
2026-02-06 10:00:00,18166.50,18198.75,18165.00,18191.00,1183
2026-02-06 10:01:00,18191.00,18208.00,18190.50,18204.00,449
2026-02-06 10:02:00,18204.00,18214.75,18200.25,18211.25,984
2026-02-06 10:03:00,18211.25,18225.75,18208.50,18224.50,1091
2026-02-06 10:04:00,18224.50,18229.50,18209.25,18211.50,1215
2026-02-06 10:05:00,18211.50,18232.00,18205.25,18226.25,725
2026-02-06 10:06:00,18226.25,18227.25,18216.00,18224.25,504
2026-02-06 10:07:00,18224.25,18228.00,18215.75,18218.25,419
2026-02-06 10:08:00,18218.25,18241.50,18210.75,18238.50,741
2026-02-06 10:09:00,18238.50,18259.00,18227.25,18258.75,1387
2026-02-06 10:10:00,18258.75,18265.75,18245.75,18250.00,1110
2026-02-06 10:11:00,18250.00,18277.25,18237.00,18266.00,823
2026-02-06 10:12:00,18266.00,18273.00,18247.50,18251.00,538
2026-02-06 10:13:00,18251.00,18262.00,18246.25,18260.00,710
2026-02-06 10:14:00,18260.00,18276.25,18256.50,18270.00,1011
2026-02-06 10:15:00,18270.00,18299.00,18256.75,18294.00,483
2026-02-06 10:16:00,18294.00,18296.00,18284.75,18288.25,1241
2026-02-06 10:17:00,18288.25,18291.75,18283.50,18286.00,379
2026-02-06 10:18:00,18286.00,18290.25,18283.75,18286.75,681
2026-02-06 10:19:00,18286.75,18298.75,18285.50,18297.00,1470
2026-02-06 10:20:00,18297.00,18302.25,18283.75,18290.00,763
2026-02-06 10:21:00,18290.00,18311.25,18286.00,18309.00,1322
2026-02-06 10:22:00,18309.00,18314.75,18286.00,18288.00,871
2026-02-06 10:23:00,18288.00,18309.75,18278.75,18308.75,549
2026-02-06 10:24:00,18308.75,18311.25,18307.75,18308.00,1371
2026-02-06 10:25:00,18308.00,18312.50,18298.25,18298.25,741
2026-02-06 10:26:00,18298.25,18299.50,18291.75,18293.50,890
2026-02-06 10:27:00,18293.50,18299.75,18293.25,18296.00,581
2026-02-06 10:28:00,18296.00,18313.75,18294.50,18308.75,339
2026-02-06 10:29:00,18308.75,18313.50,18267.75,18275.00,1257
2026-02-06 10:30:00,18275.00,18317.25,18271.50,18313.25,233
2026-02-06 10:31:00,18313.25,18315.75,18294.00,18296.00,1315
2026-02-06 10:32:00,18296.00,18308.50,18289.00,18290.00,571
2026-02-06 10:33:00,18290.00,18291.75,18277.75,18281.25,1127
2026-02-06 10:34:00,18281.25,18300.00,18277.00,18296.50,1414
2026-02-06 10:35:00,18296.50,18301.00,18288.75,18293.00,1020
2026-02-06 10:36:00,18293.00,18309.50,18284.00,18307.50,757
2026-02-06 10:37:00,18307.50,18308.50,18284.25,18289.50,826
2026-02-06 10:38:00,18289.50,18297.75,18285.75,18295.50,1415
2026-02-06 10:39:00,18295.50,18316.25,18288.75,18311.00,1356
2026-02-06 10:40:00,18311.00,18312.25,18305.50,18307.50,1292
2026-02-06 10:41:00,18307.50,18309.50,18297.25,18302.50,1167
2026-02-06 10:42:00,18302.50,18316.50,18291.75,18309.00,634
2026-02-06 10:43:00,18309.00,18317.75,18288.25,18288.50,1495
2026-02-06 10:44:00,18288.50,18294.50,18282.00,18286.50,425
2026-02-06 10:45:00,18286.50,18291.75,18279.00,18288.75,540
2026-02-06 10:46:00,18288.75,18291.25,18278.00,18283.00,1476
2026-02-06 10:47:00,18283.00,18298.25,18276.75,18291.50,850
2026-02-06 10:48:00,18291.50,18306.25,18288.25,18303.75,888
2026-02-06 10:49:00,18303.75,18306.00,18299.25,18301.00,231
2026-02-06 10:50:00,18301.00,18305.00,18297.75,18301.25,870
2026-02-06 10:51:00,18301.25,18308.50,18293.25,18296.00,220
2026-02-06 10:52:00,18296.00,18298.75,18290.75,18295.50,231
2026-02-06 10:53:00,18295.50,18299.50,18285.25,18286.25,1383
2026-02-06 10:54:00,18286.25,18293.00,18283.50,18290.50,816
2026-02-06 10:55:00,18290.50,18309.25,18288.50,18306.50,1433
2026-02-06 10:56:00,18306.50,18311.50,18295.25,18296.50,1144
2026-02-06 10:57:00,18296.50,18296.50,18289.50,18291.25,204
2026-02-06 10:58:00,18291.25,18295.50,18279.25,18282.75,1415
2026-02-06 10:59:00,18282.75,18291.25,18275.75,18286.50,975
2026-02-06 11:00:00,18286.50,18297.25,18283.00,18294.50,715
2026-02-06 11:01:00,18294.50,18299.75,18275.25,18279.25,1306
2026-02-06 11:02:00,18279.25,18304.25,18275.50,18294.50,726
2026-02-06 11:03:00,18294.50,18301.00,18294.25,18295.25,570
2026-02-06 11:04:00,18295.25,18320.00,18291.00,18318.00,1419
2026-02-06 11:05:00,18318.00,18323.25,18314.75,18319.25,593
2026-02-06 11:06:00,18319.25,18320.50,18301.00,18306.25,762
2026-02-06 11:07:00,18306.25,18307.00,18303.50,18306.25,1305
2026-02-06 11:08:00,18306.25,18307.75,18302.25,18303.75,572
2026-02-06 11:09:00,18303.75,18304.00,18289.25,18292.50,1304
2026-02-06 11:10:00,18292.50,18293.50,18282.50,18289.25,546
2026-02-06 11:11:00,18289.25,18305.50,18287.75,18304.25,295
2026-02-06 11:12:00,18304.25,18305.25,18299.25,18299.75,717
2026-02-06 11:13:00,18299.75,18304.25,18285.00,18289.00,1484
2026-02-06 11:14:00,18289.00,18316.50,18286.25,18308.25,899
2026-02-06 11:15:00,18308.25,18317.75,18288.75,18289.50,544
2026-02-06 11:16:00,18289.50,18296.75,18289.00,18296.50,826
2026-02-06 11:17:00,18296.50,18299.75,18278.00,18287.25,861
2026-02-06 11:18:00,18287.25,18307.00,18280.75,18301.00,628
2026-02-06 11:19:00,18301.00,18302.75,18297.50,18301.00,1308
2026-02-06 11:20:00,18301.00,18318.25,18294.75,18314.50,610
2026-02-06 11:21:00,18314.50,18321.25,18299.75,18301.25,682
2026-02-06 11:22:00,18301.25,18302.50,18284.50,18289.50,367
2026-02-06 11:23:00,18289.50,18309.25,18285.50,18306.75,931
2026-02-06 11:24:00,18306.75,18312.50,18304.00,18304.75,864
2026-02-06 11:25:00,18304.75,18308.50,18303.00,18303.50,442
2026-02-06 11:26:00,18303.50,18305.25,18292.75,18301.25,910
2026-02-06 11:27:00,18301.25,18303.00,18283.50,18283.50,1006
2026-02-06 11:28:00,18283.50,18308.50,18283.25,18306.75,1174
2026-02-06 11:29:00,18306.75,18318.25,18289.00,18293.75,1141
2026-02-06 11:30:00,18293.75,18302.25,18293.75,18298.25,1140
2026-02-06 11:31:00,18298.25,18303.00,18293.25,18294.50,317
2026-02-06 11:32:00,18294.50,18299.25,18287.00,18292.25,713
2026-02-06 11:33:00,18292.25,18311.00,18287.00,18307.75,1128
2026-02-06 11:34:00,18307.75,18315.25,18287.25,18290.75,854
2026-02-06 11:35:00,18290.75,18291.25,18276.75,18281.00,1082
2026-02-06 11:36:00,18281.00,18297.25,18277.25,18294.25,1362
2026-02-06 11:37:00,18294.25,18296.25,18282.00,18294.75,489
2026-02-06 11:38:00,18294.75,18315.75,18289.25,18311.75,1126
2026-02-06 11:39:00,18311.75,18313.00,18293.50,18299.00,427
2026-02-06 11:40:00,18299.00,18301.25,18291.00,18296.50,791
2026-02-06 11:41:00,18296.50,18314.75,18296.00,18306.50,1072
2026-02-06 11:42:00,18306.50,18310.50,18288.50,18293.00,552
2026-02-06 11:43:00,18293.00,18293.50,18281.25,18285.00,1040
2026-02-06 11:44:00,18285.00,18291.00,18273.50,18277.75,1168
2026-02-06 11:45:00,18277.75,18300.50,18276.25,18299.50,623
2026-02-06 11:46:00,18299.50,18315.25,18296.75,18311.75,732
2026-02-06 11:47:00,18311.75,18315.50,18302.00,18306.00,653
2026-02-06 11:48:00,18306.00,18308.25,18277.75,18279.25,537
2026-02-06 11:49:00,18279.25,18305.50,18279.25,18303.50,626
2026-02-06 11:50:00,18303.50,18311.00,18291.75,18293.00,1042
2026-02-06 11:51:00,18293.00,18296.00,18289.75,18291.50,1129
2026-02-06 11:52:00,18291.50,18303.75,18291.00,18300.75,300
2026-02-06 11:53:00,18300.75,18305.00,18292.00,18295.00,1235
2026-02-06 11:54:00,18295.00,18298.25,18292.00,18293.00,451
2026-02-06 11:55:00,18293.00,18296.00,18290.50,18292.50,416
2026-02-06 11:56:00,18292.50,18299.25,18287.75,18295.75,222
2026-02-06 11:57:00,18295.75,18297.50,18282.50,18290.75,989
2026-02-06 11:58:00,18290.75,18294.50,18287.00,18289.25,760
2026-02-06 11:59:00,18289.25,18306.00,18285.50,18304.00,502
2026-02-06 12:00:00,18304.00,18310.50,18303.50,18305.75,895
2026-02-06 12:01:00,18305.75,18316.00,18281.00,18284.00,1393
2026-02-06 12:02:00,18284.00,18298.50,18282.50,18295.00,1389
2026-02-06 12:03:00,18295.00,18303.25,18294.75,18302.75,1389
2026-02-06 12:04:00,18302.75,18303.50,18283.50,18289.50,449
2026-02-06 12:05:00,18289.50,18301.50,18286.25,18297.00,1196
2026-02-06 12:06:00,18297.00,18297.25,18292.00,18294.00,1327
2026-02-06 12:07:00,18294.00,18303.25,18292.50,18301.75,669
2026-02-06 12:08:00,18301.75,18303.25,18287.00,18291.50,721
2026-02-06 12:09:00,18291.50,18300.25,18288.75,18294.75,381
2026-02-06 12:10:00,18294.75,18295.50,18293.25,18293.75,816
2026-02-06 12:11:00,18293.75,18296.75,18286.75,18290.50,660
2026-02-06 12:12:00,18290.50,18301.25,18288.75,18300.00,369
2026-02-06 12:13:00,18300.00,18308.50,18296.25,18299.75,866
2026-02-06 12:14:00,18299.75,18301.75,18288.00,18288.25,831
2026-02-06 12:15:00,18288.25,18315.25,18286.50,18304.75,228
2026-02-06 12:16:00,18304.75,18308.50,18283.50,18288.75,828
2026-02-06 12:17:00,18288.75,18309.25,18288.00,18304.50,726
2026-02-06 12:18:00,18304.50,18306.25,18293.25,18298.00,796
2026-02-06 12:19:00,18298.00,18299.75,18285.50,18288.75,332
2026-02-06 12:20:00,18288.75,18290.00,18279.00,18289.50,1113
2026-02-06 12:21:00,18289.50,18293.50,18285.75,18286.00,1366
2026-02-06 12:22:00,18286.00,18294.00,18284.75,18288.75,1367
2026-02-06 12:23:00,18288.75,18304.50,18286.75,18302.00,615
2026-02-06 12:24:00,18302.00,18309.50,18292.25,18297.25,231
2026-02-06 12:25:00,18297.25,18301.00,18294.00,18297.50,1495
2026-02-06 12:26:00,18297.50,18300.50,18296.00,18296.75,418
2026-02-06 12:27:00,18296.75,18298.25,18277.75,18284.50,1392
2026-02-06 12:28:00,18284.50,18292.25,18281.25,18288.50,288
2026-02-06 12:29:00,18288.50,18291.00,18284.75,18288.25,1227
2026-02-06 12:30:00,18288.25,18308.25,18280.50,18299.00,318
2026-02-06 12:31:00,18299.00,18306.75,18288.25,18294.25,535
2026-02-06 12:32:00,18294.25,18299.75,18286.50,18288.00,360
2026-02-06 12:33:00,18288.00,18307.00,18285.75,18302.25,825
2026-02-06 12:34:00,18302.25,18306.00,18280.75,18289.25,1476
2026-02-06 12:35:00,18289.25,18310.50,18288.00,18307.50,385
2026-02-06 12:36:00,18307.50,18318.50,18293.25,18295.25,357
2026-02-06 12:37:00,18295.25,18306.75,18289.25,18290.50,912
2026-02-06 12:38:00,18290.50,18311.50,18290.50,18308.75,879
2026-02-06 12:39:00,18308.75,18309.00,18283.50,18290.25,1403
2026-02-06 12:40:00,18290.25,18294.25,18279.00,18279.00,455
2026-02-06 12:41:00,18279.00,18292.25,18272.00,18290.50,329
2026-02-06 12:42:00,18290.50,18299.00,18290.00,18296.25,1404
2026-02-06 12:43:00,18296.25,18296.75,18281.00,18294.25,244
2026-02-06 12:44:00,18294.25,18303.25,18290.50,18297.25,454
2026-02-06 12:45:00,18297.25,18305.75,18290.50,18295.00,1221
2026-02-06 12:46:00,18295.00,18296.75,18287.25,18296.25,517
2026-02-06 12:47:00,18296.25,18301.50,18290.75,18297.25,300
2026-02-06 12:48:00,18297.25,18315.00,18296.50,18305.75,231
2026-02-06 12:49:00,18305.75,18311.75,18291.75,18295.25,767
2026-02-06 12:50:00,18295.25,18296.75,18286.25,18289.75,506
2026-02-06 12:51:00,18289.75,18290.75,18283.75,18290.75,1252
2026-02-06 12:52:00,18290.75,18313.25,18289.50,18312.00,582
2026-02-06 12:53:00,18312.00,18321.75,18296.25,18296.75,296
2026-02-06 12:54:00,18296.75,18312.50,18290.75,18308.00,747
2026-02-06 12:55:00,18308.00,18312.00,18288.00,18290.00,619
2026-02-06 12:56:00,18290.00,18295.50,18285.75,18293.25,439
2026-02-06 12:57:00,18293.25,18301.25,18287.75,18297.50,433
2026-02-06 12:58:00,18297.50,18305.50,18289.25,18292.00,1195
2026-02-06 12:59:00,18292.00,18305.00,18286.25,18302.00,338
2026-02-06 13:00:00,18302.00,18307.00,18291.75,18295.50,819
2026-02-06 13:01:00,18295.50,18296.25,18288.75,18294.25,1393
2026-02-06 13:02:00,18294.25,18305.75,18286.00,18300.50,335
2026-02-06 13:03:00,18300.50,18304.75,18293.25,18300.50,1463
2026-02-06 13:04:00,18300.50,18301.50,18295.00,18298.25,959
2026-02-06 13:05:00,18298.25,18299.50,18291.00,18293.75,353
2026-02-06 13:06:00,18293.75,18307.00,18286.25,18302.25,937
2026-02-06 13:07:00,18302.25,18321.00,18297.25,18311.00,1077
2026-02-06 13:08:00,18311.00,18311.00,18281.75,18282.75,1469
2026-02-06 13:09:00,18282.75,18292.25,18271.75,18291.00,464
2026-02-06 13:10:00,18291.00,18311.50,18291.00,18306.25,1038
2026-02-06 13:11:00,18306.25,18315.75,18302.50,18313.00,226
2026-02-06 13:12:00,18313.00,18315.00,18284.00,18292.00,646
2026-02-06 13:13:00,18292.00,18293.00,18280.50,18283.00,731
2026-02-06 13:14:00,18283.00,18312.25,18281.50,18312.00,476
2026-02-06 13:15:00,18312.00,18313.75,18286.25,18291.00,918
2026-02-06 13:16:00,18291.00,18294.00,18286.50,18290.00,733
2026-02-06 13:17:00,18290.00,18309.50,18281.75,18303.50,627
2026-02-06 13:18:00,18303.50,18306.00,18295.25,18303.25,205
2026-02-06 13:19:00,18303.25,18306.00,18301.00,18305.50,531
2026-02-06 13:20:00,18305.50,18306.25,18299.75,18305.00,1236
2026-02-06 13:21:00,18305.00,18316.00,18291.75,18295.00,928
2026-02-06 13:22:00,18295.00,18309.00,18293.00,18305.75,1129
2026-02-06 13:23:00,18305.75,18312.00,18292.75,18294.00,1492
2026-02-06 13:24:00,18294.00,18305.50,18291.25,18294.75,1065
2026-02-06 13:25:00,18294.75,18296.50,18291.75,18293.75,897
2026-02-06 13:26:00,18293.75,18314.25,18287.00,18307.50,1114
2026-02-06 13:27:00,18307.50,18310.00,18293.00,18297.00,666
2026-02-06 13:28:00,18297.00,18298.50,18285.75,18286.25,1186
2026-02-06 13:29:00,18286.25,18306.25,18285.00,18304.75,913
2026-02-06 13:30:00,18304.75,18316.75,18294.25,18297.00,643
2026-02-06 13:31:00,18297.00,18312.50,18296.50,18310.25,977
2026-02-06 13:32:00,18310.25,18322.25,18307.50,18321.50,719
2026-02-06 13:33:00,18321.50,18323.25,18290.50,18295.75,933
2026-02-06 13:34:00,18295.75,18305.75,18287.75,18293.25,635
2026-02-06 13:35:00,18293.25,18298.00,18290.00,18296.50,201
2026-02-06 13:36:00,18296.50,18304.50,18290.75,18298.25,442
2026-02-06 13:37:00,18298.25,18301.25,18282.50,18284.50,237
2026-02-06 13:38:00,18284.50,18305.00,18281.75,18298.75,1203
2026-02-06 13:39:00,18298.75,18305.75,18297.25,18297.25,1367
2026-02-06 13:40:00,18297.25,18308.75,18290.50,18305.25,766
2026-02-06 13:41:00,18305.25,18312.50,18290.75,18295.00,876
2026-02-06 13:42:00,18295.00,18310.50,18284.50,18310.00,463
2026-02-06 13:43:00,18310.00,18320.75,18286.50,18288.25,901
2026-02-06 13:44:00,18288.25,18301.25,18279.75,18300.50,917
2026-02-06 13:45:00,18300.50,18305.25,18289.00,18296.50,790
2026-02-06 13:46:00,18296.50,18299.25,18290.75,18296.00,294
2026-02-06 13:47:00,18296.00,18300.50,18285.75,18288.50,1111
2026-02-06 13:48:00,18288.50,18294.50,18285.25,18286.00,497
2026-02-06 13:49:00,18286.00,18300.50,18275.50,18298.25,594
2026-02-06 13:50:00,18298.25,18304.50,18292.25,18292.50,556
2026-02-06 13:51:00,18292.50,18306.75,18282.50,18302.75,1123
2026-02-06 13:52:00,18302.75,18309.25,18300.00,18306.25,475
2026-02-06 13:53:00,18306.25,18307.00,18302.50,18304.00,441
2026-02-06 13:54:00,18304.00,18311.25,18289.25,18296.25,865
2026-02-06 13:55:00,18296.25,18310.75,18287.50,18310.00,893
2026-02-06 13:56:00,18310.00,18315.00,18300.00,18308.50,723
2026-02-06 13:57:00,18308.50,18310.50,18286.50,18287.50,1325
2026-02-06 13:58:00,18287.50,18316.25,18280.25,18308.25,940
2026-02-06 13:59:00,18308.25,18315.25,18295.25,18313.00,383
2026-02-06 14:00:00,18313.00,18316.50,18291.50,18299.75,968
2026-02-06 14:01:00,18299.75,18321.50,18297.25,18319.25,1495
2026-02-06 14:02:00,18319.25,18324.00,18294.25,18294.75,431
2026-02-06 14:03:00,18294.75,18308.25,18292.00,18305.75,708
2026-02-06 14:04:00,18305.75,18310.00,18291.25,18291.50,1140
2026-02-06 14:05:00,18291.50,18316.00,18283.00,18306.25,1306
2026-02-06 14:06:00,18306.25,18311.00,18302.25,18307.25,989
2026-02-06 14:07:00,18307.25,18315.50,18301.75,18303.25,1431
2026-02-06 14:08:00,18303.25,18305.50,18281.50,18289.00,1383
2026-02-06 14:09:00,18289.00,18297.50,18283.50,18295.75,1449
2026-02-06 14:10:00,18295.75,18310.00,18289.50,18303.50,895
2026-02-06 14:11:00,18303.50,18304.25,18291.75,18295.75,1240
2026-02-06 14:12:00,18295.75,18313.00,18294.25,18308.50,1007
2026-02-06 14:13:00,18308.50,18312.25,18300.00,18300.50,1272
2026-02-06 14:14:00,18300.50,18313.00,18293.00,18313.00,806
2026-02-06 14:15:00,18313.00,18314.50,18287.25,18292.00,1102
2026-02-06 14:16:00,18292.00,18303.25,18290.00,18301.50,516
2026-02-06 14:17:00,18301.50,18309.50,18296.00,18296.25,866
2026-02-06 14:18:00,18296.25,18304.25,18293.50,18302.25,363
2026-02-06 14:19:00,18302.25,18315.00,18295.75,18298.50,1222
2026-02-06 14:20:00,18298.50,18305.00,18295.75,18299.75,557
2026-02-06 14:21:00,18299.75,18318.00,18295.75,18309.50,610
2026-02-06 14:22:00,18309.50,18311.00,18301.50,18304.50,1175
2026-02-06 14:23:00,18304.50,18310.75,18301.50,18310.25,665
2026-02-06 14:24:00,18310.25,18315.75,18302.50,18304.75,1375
2026-02-06 14:25:00,18304.75,18310.00,18293.25,18297.25,1443
2026-02-06 14:26:00,18297.25,18300.50,18289.00,18292.00,1017
2026-02-06 14:27:00,18292.00,18307.00,18290.75,18301.50,1326
2026-02-06 14:28:00,18301.50,18310.50,18295.50,18305.50,333
2026-02-06 14:29:00,18305.50,18309.50,18299.75,18300.25,1474
2026-02-06 14:30:00,18300.25,18304.25,18285.50,18285.75,1287
2026-02-06 14:31:00,18285.75,18307.50,18279.00,18305.75,422
2026-02-06 14:32:00,18305.75,18306.50,18289.50,18292.75,1480
2026-02-06 14:33:00,18292.75,18295.00,18286.00,18291.50,1237
2026-02-06 14:34:00,18291.50,18296.00,18291.00,18292.50,1119
2026-02-06 14:35:00,18292.50,18317.75,18286.75,18316.25,344
2026-02-06 14:36:00,18316.25,18322.00,18299.25,18304.00,428
2026-02-06 14:37:00,18304.00,18309.00,18293.25,18294.75,779
2026-02-06 14:38:00,18294.75,18311.25,18288.75,18307.75,681
2026-02-06 14:39:00,18307.75,18307.75,18295.00,18299.75,740
2026-02-06 14:40:00,18299.75,18303.50,18297.00,18302.75,1427
2026-02-06 14:41:00,18302.75,18304.25,18293.50,18297.75,920
2026-02-06 14:42:00,18297.75,18302.25,18279.25,18286.25,646
2026-02-06 14:43:00,18286.25,18288.50,18284.75,18288.25,1190
2026-02-06 14:44:00,18288.25,18306.25,18283.50,18305.50,599
2026-02-06 14:45:00,18305.50,18320.25,18290.50,18293.50,1403
2026-02-06 14:46:00,18293.50,18312.00,18289.50,18302.25,1360
2026-02-06 14:47:00,18302.25,18308.00,18301.75,18302.25,1055
2026-02-06 14:48:00,18302.25,18306.50,18296.75,18300.50,880
2026-02-06 14:49:00,18300.50,18301.50,18298.50,18299.25,228
2026-02-06 14:50:00,18299.25,18307.50,18293.50,18307.00,597
2026-02-06 14:51:00,18307.00,18319.50,18307.00,18318.50,1210
2026-02-06 14:52:00,18318.50,18323.25,18299.75,18307.25,226
2026-02-06 14:53:00,18307.25,18310.75,18300.00,18301.00,904
2026-02-06 14:54:00,18301.00,18319.00,18299.50,18311.50,659
2026-02-06 14:55:00,18311.50,18317.00,18300.00,18301.75,838
2026-02-06 14:56:00,18301.75,18305.50,18299.00,18303.00,1183
2026-02-06 14:57:00,18303.00,18306.25,18290.25,18293.00,524
2026-02-06 14:58:00,18293.00,18293.75,18287.75,18291.75,1379
2026-02-06 14:59:00,18291.75,18307.00,18291.00,18301.75,412
2026-02-06 15:00:00,18301.75,18310.50,18301.00,18302.50,491
2026-02-06 15:01:00,18302.50,18307.75,18294.25,18301.25,404
2026-02-06 15:02:00,18301.25,18305.75,18277.50,18284.25,1163
2026-02-06 15:03:00,18284.25,18311.50,18278.50,18300.50,563
2026-02-06 15:04:00,18300.50,18304.75,18295.75,18302.75,1425
2026-02-06 15:05:00,18302.75,18305.50,18291.50,18294.50,314
2026-02-06 15:06:00,18294.50,18310.00,18289.25,18306.75,1354
2026-02-06 15:07:00,18306.75,18313.75,18291.50,18305.25,564
2026-02-06 15:08:00,18305.25,18305.75,18297.00,18298.00,1323
2026-02-06 15:09:00,18298.00,18299.50,18287.75,18291.50,936
2026-02-06 15:10:00,18291.50,18304.75,18289.00,18299.00,267
2026-02-06 15:11:00,18299.00,18299.50,18295.50,18297.25,534
2026-02-06 15:12:00,18297.25,18297.25,18291.00,18291.75,832
2026-02-06 15:13:00,18291.75,18305.00,18291.00,18303.50,1407
2026-02-06 15:14:00,18303.50,18326.75,18298.25,18321.00,949
2026-02-06 15:15:00,18321.00,18321.50,18307.50,18311.25,924
2026-02-06 15:16:00,18311.25,18311.75,18298.50,18300.25,747
2026-02-06 15:17:00,18300.25,18303.50,18296.00,18296.50,1135
2026-02-06 15:18:00,18296.50,18303.25,18294.00,18302.00,1475
2026-02-06 15:19:00,18302.00,18307.75,18281.00,18287.50,1136
2026-02-06 15:20:00,18287.50,18296.50,18275.00,18294.25,358
2026-02-06 15:21:00,18294.25,18298.00,18291.25,18297.75,1001
2026-02-06 15:22:00,18297.75,18311.75,18293.25,18306.25,837
2026-02-06 15:23:00,18306.25,18313.50,18301.75,18306.75,787
2026-02-06 15:24:00,18306.75,18312.75,18298.00,18299.50,1414
2026-02-06 15:25:00,18299.50,18313.50,18295.50,18311.75,276
2026-02-06 15:26:00,18311.75,18314.00,18294.50,18298.75,872
2026-02-06 15:27:00,18298.75,18304.00,18288.25,18293.75,510
2026-02-06 15:28:00,18293.75,18313.75,18283.75,18310.25,1109
2026-02-06 15:29:00,18310.25,18314.75,18298.50,18305.75,722
2026-02-06 15:30:00,18305.75,18307.25,18297.25,18302.50,656
2026-02-06 15:31:00,18302.50,18311.75,18299.00,18300.00,519
2026-02-06 15:32:00,18300.00,18315.25,18299.50,18312.75,539
2026-02-06 15:33:00,18312.75,18323.00,18294.00,18295.50,872
2026-02-06 15:34:00,18295.50,18311.25,18291.00,18311.00,1030
2026-02-06 15:35:00,18311.00,18313.00,18289.25,18301.75,1168
2026-02-06 15:36:00,18301.75,18302.50,18299.50,18300.50,239
2026-02-06 15:37:00,18300.50,18302.00,18291.00,18298.25,1446
2026-02-06 15:38:00,18298.25,18306.25,18296.00,18303.50,307
2026-02-06 15:39:00,18303.50,18305.75,18295.50,18295.75,1498
2026-02-06 15:40:00,18295.75,18314.25,18291.75,18307.75,1298
2026-02-06 15:41:00,18307.75,18318.25,18297.25,18305.25,1099
2026-02-06 15:42:00,18305.25,18315.75,18290.50,18294.75,471
2026-02-06 15:43:00,18294.75,18307.25,18294.00,18300.25,429
2026-02-06 15:44:00,18300.25,18324.25,18294.50,18320.25,1258
2026-02-06 15:45:00,18320.25,18329.75,18295.75,18298.50,860
2026-02-06 15:46:00,18298.50,18309.50,18297.00,18305.00,897
2026-02-06 15:47:00,18305.00,18319.75,18299.25,18314.75,1359
2026-02-06 15:48:00,18314.75,18317.00,18304.50,18311.00,1399
2026-02-06 15:49:00,18311.00,18315.50,18306.00,18306.50,1430
2026-02-06 15:50:00,18306.50,18321.75,18305.75,18313.50,756
2026-02-06 15:51:00,18313.50,18316.25,18293.00,18296.50,815
2026-02-06 15:52:00,18296.50,18305.00,18296.25,18304.75,1386
2026-02-06 15:53:00,18304.75,18305.50,18287.25,18293.50,1481
2026-02-06 15:54:00,18293.50,18307.50,18291.75,18306.50,446
2026-02-06 15:55:00,18306.50,18311.25,18293.00,18301.00,1267
2026-02-06 15:56:00,18301.00,18302.00,18286.50,18291.75,579
2026-02-06 15:57:00,18291.75,18308.75,18287.50,18306.00,414
2026-02-06 15:58:00,18306.00,18307.50,18294.00,18298.00,393
2026-02-06 15:59:00,18298.00,18305.25,18291.75,18302.50,1251
2026-02-09 08:00:00,18203.75,18204.50,18203.00,18203.75,1166
2026-02-09 08:01:00,18203.75,18212.25,18194.50,18200.50,1146
2026-02-09 08:02:00,18200.50,18200.50,18193.25,18196.50,398
2026-02-09 08:03:00,18196.50,18204.00,18195.00,18204.00,525
2026-02-09 08:04:00,18204.00,18212.25,18198.25,18199.50,1228
2026-02-09 08:05:00,18199.50,18204.00,18198.25,18203.75,273
2026-02-09 08:06:00,18203.75,18207.25,18200.75,18200.75,567
2026-02-09 08:07:00,18200.75,18207.50,18197.00,18199.25,601
2026-02-09 08:08:00,18199.25,18211.50,18194.25,18207.25,902
2026-02-09 08:09:00,18207.25,18208.75,18201.75,18205.50,259
2026-02-09 08:10:00,18205.50,18207.25,18201.75,18203.50,864
2026-02-09 08:11:00,18203.50,18203.75,18196.00,18198.25,1318
2026-02-09 08:12:00,18198.25,18208.50,18190.75,18207.75,1273
2026-02-09 08:13:00,18207.75,18210.50,18187.75,18193.25,697
2026-02-09 08:14:00,18193.25,18220.50,18191.75,18216.50,915
2026-02-09 08:15:00,18216.50,18217.50,18194.25,18199.50,1325
2026-02-09 08:16:00,18199.50,18211.25,18199.00,18208.75,1089
2026-02-09 08:17:00,18208.75,18212.25,18197.00,18199.50,596
2026-02-09 08:18:00,18199.50,18202.50,18195.75,18199.50,215
2026-02-09 08:19:00,18199.50,18203.75,18198.25,18202.25,575
2026-02-09 08:20:00,18202.25,18204.00,18194.25,18198.25,834
2026-02-09 08:21:00,18198.25,18207.25,18195.25,18206.50,1256
2026-02-09 08:22:00,18206.50,18210.00,18199.00,18200.25,999
2026-02-09 08:23:00,18200.25,18205.75,18199.00,18204.75,1143
2026-02-09 08:24:00,18204.75,18210.75,18198.00,18209.00,1287
2026-02-09 08:25:00,18209.00,18210.25,18207.50,18207.75,936
2026-02-09 08:26:00,18207.75,18213.25,18202.00,18205.00,1002
2026-02-09 08:27:00,18205.00,18215.50,18202.25,18214.50,881
2026-02-09 08:28:00,18214.50,18223.25,18201.25,18203.00,608
2026-02-09 08:29:00,18203.00,18205.25,18198.75,18199.75,567
2026-02-09 08:30:00,18199.75,18205.25,18194.00,18203.25,965
2026-02-09 08:31:00,18203.25,18209.00,18203.00,18206.75,1002
2026-02-09 08:32:00,18206.75,18211.75,18196.00,18198.50,945
2026-02-09 08:33:00,18198.50,18213.25,18197.75,18212.50,692
2026-02-09 08:34:00,18212.50,18215.25,18209.75,18212.50,935
2026-02-09 08:35:00,18212.50,18218.50,18197.75,18199.75,1001
2026-02-09 08:36:00,18199.75,18205.75,18194.75,18197.50,624
2026-02-09 08:37:00,18197.50,18206.75,18195.75,18203.50,1439
2026-02-09 08:38:00,18203.50,18207.75,18203.25,18207.50,1162
2026-02-09 08:39:00,18207.50,18208.50,18200.00,18205.50,786
2026-02-09 08:40:00,18205.50,18211.25,18199.00,18207.75,732
2026-02-09 08:41:00,18207.75,18208.25,18194.75,18201.75,1458
2026-02-09 08:42:00,18201.75,18208.50,18198.00,18206.50,866
2026-02-09 08:43:00,18206.50,18211.00,18201.00,18202.00,1133
2026-02-09 08:44:00,18202.00,18204.50,18196.50,18199.00,515
2026-02-09 08:45:00,18199.00,18212.00,18197.50,18210.25,228
2026-02-09 08:46:00,18210.25,18210.25,18196.50,18197.75,1437
2026-02-09 08:47:00,18197.75,18204.50,18195.75,18204.00,864
2026-02-09 08:48:00,18204.00,18210.25,18191.00,18195.50,955
2026-02-09 08:49:00,18195.50,18210.75,18193.50,18204.25,628
2026-02-09 08:50:00,18204.25,18206.25,18198.75,18199.75,1120
2026-02-09 08:51:00,18199.75,18203.00,18193.75,18195.75,470
2026-02-09 08:52:00,18195.75,18196.50,18192.25,18193.00,1497
2026-02-09 08:53:00,18193.00,18209.50,18190.50,18206.50,1069
2026-02-09 08:54:00,18206.50,18211.25,18196.25,18201.75,1055
2026-02-09 08:55:00,18201.75,18211.00,18201.75,18208.75,1464
2026-02-09 08:56:00,18208.75,18215.75,18197.25,18214.25,797
2026-02-09 08:57:00,18214.25,18215.75,18209.00,18213.00,376
2026-02-09 08:58:00,18213.00,18214.50,18196.50,18198.25,860
2026-02-09 08:59:00,18198.25,18217.75,18196.75,18211.50,500
2026-02-09 09:00:00,18211.50,18213.25,18207.25,18207.50,1422
2026-02-09 09:01:00,18207.50,18207.50,18193.00,18195.50,240
2026-02-09 09:02:00,18195.50,18211.75,18194.75,18208.50,1453
2026-02-09 09:03:00,18208.50,18215.50,18192.50,18196.75,436
2026-02-09 09:04:00,18196.75,18206.50,18194.00,18205.25,985
2026-02-09 09:05:00,18205.25,18209.00,18198.00,18198.50,1293
2026-02-09 09:06:00,18198.50,18206.25,18197.75,18202.00,434
2026-02-09 09:07:00,18202.00,18212.25,18201.50,18209.00,1479
2026-02-09 09:08:00,18209.00,18211.50,18203.00,18205.50,924
2026-02-09 09:09:00,18205.50,18215.00,18200.00,18212.50,685
2026-02-09 09:10:00,18212.50,18212.50,18191.25,18192.00,204
2026-02-09 09:11:00,18192.00,18208.00,18188.75,18206.00,433
2026-02-09 09:12:00,18206.00,18208.75,18195.25,18196.25,1089
2026-02-09 09:13:00,18196.25,18207.50,18190.00,18204.25,614
2026-02-09 09:14:00,18204.25,18208.50,18191.50,18193.00,1325
2026-02-09 09:15:00,18193.00,18197.50,18186.75,18194.25,1350
2026-02-09 09:16:00,18194.25,18206.25,18188.50,18202.00,606
2026-02-09 09:17:00,18202.00,18207.00,18200.50,18206.00,717
2026-02-09 09:18:00,18206.00,18222.25,18201.25,18218.50,202
2026-02-09 09:19:00,18218.50,18222.25,18198.00,18204.75,200
2026-02-09 09:20:00,18204.75,18208.25,18196.00,18206.00,1032
2026-02-09 09:21:00,18206.00,18207.75,18197.25,18198.75,1154
2026-02-09 09:22:00,18198.75,18214.50,18194.25,18211.00,1086
2026-02-09 09:23:00,18211.00,18213.00,18195.25,18200.25,1466
2026-02-09 09:24:00,18200.25,18203.50,18199.50,18202.50,1031
2026-02-09 09:25:00,18202.50,18211.75,18197.75,18207.00,561
2026-02-09 09:26:00,18207.00,18211.25,18205.25,18206.50,387
2026-02-09 09:27:00,18206.50,18216.25,18204.75,18214.75,309
2026-02-09 09:28:00,18214.75,18216.50,18201.00,18203.00,1408
2026-02-09 09:29:00,18203.00,18208.00,18191.00,18191.25,621
2026-02-09 09:30:00,18191.25,18208.50,18183.50,18204.50,1197
2026-02-09 09:31:00,18204.50,18204.75,18181.50,18185.25,751
2026-02-09 09:32:00,18185.25,18186.50,18178.75,18179.50,247
2026-02-09 09:33:00,18179.50,18190.50,18177.25,18186.50,792
2026-02-09 09:34:00,18186.50,18187.50,18169.00,18170.75,515
2026-02-09 09:35:00,18170.75,18183.25,18170.25,18183.25,468
2026-02-09 09:36:00,18183.25,18194.25,18180.00,18193.25,1397
2026-02-09 09:37:00,18193.25,18201.25,18193.00,18199.75,1434
2026-02-09 09:38:00,18199.75,18204.25,18199.50,18203.75,1393
2026-02-09 09:39:00,18203.75,18204.25,18200.00,18201.75,1389
2026-02-09 09:40:00,18201.75,18224.25,18201.25,18223.50,988
2026-02-09 09:41:00,18223.50,18226.75,18220.75,18225.25,779
2026-02-09 09:42:00,18225.25,18225.75,18217.75,18218.00,580
2026-02-09 09:43:00,18218.00,18245.75,18217.75,18243.75,220
2026-02-09 09:44:00,18243.75,18244.50,18229.50,18230.00,724
2026-02-09 09:45:00,18230.00,18231.75,18220.50,18223.00,612
2026-02-09 09:46:00,18223.00,18225.50,18211.25,18212.50,991
2026-02-09 09:47:00,18212.50,18212.75,18206.25,18209.75,681
2026-02-09 09:48:00,18209.75,18215.00,18203.25,18203.25,576
2026-02-09 09:49:00,18203.25,18209.50,18197.00,18197.75,352
2026-02-09 09:50:00,18197.75,18198.00,18194.00,18195.00,379
2026-02-09 09:51:00,18195.00,18210.00,18190.00,18205.50,238
2026-02-09 09:52:00,18205.50,18207.25,18198.25,18203.75,351
2026-02-09 09:53:00,18203.75,18236.25,18203.25,18231.75,1199
2026-02-09 09:54:00,18231.75,18237.50,18231.00,18232.75,1440
2026-02-09 09:55:00,18232.75,18235.75,18230.50,18231.25,784
2026-02-09 09:56:00,18231.25,18243.25,18229.50,18241.00,1017
2026-02-09 09:57:00,18241.00,18258.50,18232.75,18257.75,332
2026-02-09 09:58:00,18257.75,18271.00,18249.25,18264.50,1319
2026-02-09 09:59:00,18264.50,18279.00,18253.25,18275.50,453
2026-02-09 10:00:00,18275.50,18275.50,18262.00,18271.25,1023
2026-02-09 10:01:00,18271.25,18271.50,18256.25,18256.25,514
2026-02-09 10:02:00,18256.25,18309.75,18253.25,18305.50,763
2026-02-09 10:03:00,18305.50,18318.75,18303.50,18312.00,686
2026-02-09 10:04:00,18312.00,18322.25,18288.50,18293.50,459
2026-02-09 10:05:00,18293.50,18331.25,18293.25,18319.50,1421
2026-02-09 10:06:00,18319.50,18327.50,18306.25,18309.25,466
2026-02-09 10:07:00,18309.25,18339.00,18304.00,18334.50,890
2026-02-09 10:08:00,18334.50,18342.25,18328.00,18332.50,826
2026-02-09 10:09:00,18332.50,18342.25,18326.25,18329.50,1264
2026-02-09 10:10:00,18329.50,18365.75,18318.75,18358.00,350
2026-02-09 10:11:00,18358.00,18389.25,18353.00,18374.50,1232
2026-02-09 10:12:00,18374.50,18378.50,18372.75,18373.25,479
2026-02-09 10:13:00,18373.25,18407.00,18370.75,18399.00,384
2026-02-09 10:14:00,18399.00,18406.75,18391.25,18392.00,676
2026-02-09 10:15:00,18392.00,18399.25,18392.00,18395.75,1297
2026-02-09 10:16:00,18395.75,18405.75,18391.00,18400.75,683
2026-02-09 10:17:00,18400.75,18404.00,18383.50,18383.75,1247
2026-02-09 10:18:00,18383.75,18400.75,18380.50,18398.25,1118
2026-02-09 10:19:00,18398.25,18406.25,18392.25,18392.50,1271
2026-02-09 10:20:00,18392.50,18399.00,18387.25,18391.50,1356
2026-02-09 10:21:00,18391.50,18410.00,18388.25,18408.25,600
2026-02-09 10:22:00,18408.25,18410.75,18400.75,18401.25,1095
2026-02-09 10:23:00,18401.25,18415.50,18379.50,18382.00,1413
2026-02-09 10:24:00,18382.00,18408.50,18381.75,18396.75,1208
2026-02-09 10:25:00,18396.75,18400.00,18384.00,18390.00,330
2026-02-09 10:26:00,18390.00,18401.50,18384.50,18398.25,253
2026-02-09 10:27:00,18398.25,18405.50,18390.75,18392.50,369
2026-02-09 10:28:00,18392.50,18403.50,18384.75,18398.25,833
2026-02-09 10:29:00,18398.25,18408.50,18391.75,18395.00,1144
2026-02-09 10:30:00,18395.00,18395.50,18389.75,18392.00,623
2026-02-09 10:31:00,18392.00,18395.00,18390.50,18391.00,1032
2026-02-09 10:32:00,18391.00,18407.50,18390.50,18406.25,1493
2026-02-09 10:33:00,18406.25,18410.25,18382.50,18388.25,246
2026-02-09 10:34:00,18388.25,18395.50,18379.50,18384.00,326
2026-02-09 10:35:00,18384.00,18399.00,18381.50,18396.00,269
2026-02-09 10:36:00,18396.00,18406.50,18395.50,18398.75,1093
2026-02-09 10:37:00,18398.75,18405.75,18391.50,18399.75,478
2026-02-09 10:38:00,18399.75,18402.75,18390.75,18394.00,480
2026-02-09 10:39:00,18394.00,18396.50,18391.00,18395.50,1429
2026-02-09 10:40:00,18395.50,18399.25,18393.75,18395.00,1358
2026-02-09 10:41:00,18395.00,18399.50,18392.00,18395.00,730
2026-02-09 10:42:00,18395.00,18397.75,18388.75,18392.50,996
2026-02-09 10:43:00,18392.50,18394.75,18387.75,18388.50,206
2026-02-09 10:44:00,18388.50,18401.00,18385.75,18399.75,1143
2026-02-09 10:45:00,18399.75,18403.00,18388.25,18393.50,769
2026-02-09 10:46:00,18393.50,18415.25,18386.50,18413.00,1129
2026-02-09 10:47:00,18413.00,18418.00,18389.25,18393.00,1408
2026-02-09 10:48:00,18393.00,18395.25,18390.50,18390.75,861
2026-02-09 10:49:00,18390.75,18395.25,18390.00,18394.00,202
2026-02-09 10:50:00,18394.00,18406.00,18389.75,18393.00,1303
2026-02-09 10:51:00,18393.00,18407.25,18392.75,18401.25,664
2026-02-09 10:52:00,18401.25,18409.50,18392.25,18395.50,351
2026-02-09 10:53:00,18395.50,18399.50,18391.50,18395.50,830
2026-02-09 10:54:00,18395.50,18402.75,18391.25,18397.50,1151
2026-02-09 10:55:00,18397.50,18408.50,18396.25,18403.00,800
2026-02-09 10:56:00,18403.00,18408.25,18401.75,18402.00,896
2026-02-09 10:57:00,18402.00,18404.50,18395.50,18396.75,1182
2026-02-09 10:58:00,18396.75,18406.00,18393.25,18405.50,229
2026-02-09 10:59:00,18405.50,18411.50,18402.00,18410.50,710
2026-02-09 11:00:00,18410.50,18414.25,18405.00,18405.25,1269
2026-02-09 11:01:00,18405.25,18410.00,18387.50,18393.50,842
2026-02-09 11:02:00,18393.50,18396.75,18386.00,18386.75,1139
2026-02-09 11:03:00,18386.75,18401.75,18382.00,18399.25,554
2026-02-09 11:04:00,18399.25,18399.75,18394.25,18397.25,1231
2026-02-09 11:05:00,18397.25,18397.50,18385.50,18393.00,1125
2026-02-09 11:06:00,18393.00,18400.00,18390.25,18395.00,707
2026-02-09 11:07:00,18395.00,18406.50,18392.00,18400.25,464
2026-02-09 11:08:00,18400.25,18401.00,18393.25,18393.75,483
2026-02-09 11:09:00,18393.75,18420.50,18393.00,18408.25,864
2026-02-09 11:10:00,18408.25,18410.25,18386.50,18390.25,1326
2026-02-09 11:11:00,18390.25,18412.50,18385.25,18404.25,1293
2026-02-09 11:12:00,18404.25,18404.25,18392.00,18397.75,1394
2026-02-09 11:13:00,18397.75,18404.00,18393.25,18395.00,728
2026-02-09 11:14:00,18395.00,18398.75,18394.75,18397.25,242
2026-02-09 11:15:00,18397.25,18398.75,18377.25,18384.75,803
2026-02-09 11:16:00,18384.75,18394.25,18377.25,18393.25,422
2026-02-09 11:17:00,18393.25,18405.00,18392.25,18402.50,350
2026-02-09 11:18:00,18402.50,18403.25,18386.50,18391.50,1404
2026-02-09 11:19:00,18391.50,18402.25,18391.00,18398.75,593
2026-02-09 11:20:00,18398.75,18410.25,18398.25,18404.00,478
2026-02-09 11:21:00,18404.00,18406.00,18382.50,18383.00,544
2026-02-09 11:22:00,18383.00,18401.50,18379.00,18397.00,1391
2026-02-09 11:23:00,18397.00,18397.00,18389.25,18391.25,251
2026-02-09 11:24:00,18391.25,18409.00,18381.75,18401.75,247
2026-02-09 11:25:00,18401.75,18405.00,18384.00,18390.00,245
2026-02-09 11:26:00,18390.00,18391.50,18384.75,18391.25,984
2026-02-09 11:27:00,18391.25,18397.75,18390.50,18396.50,790
2026-02-09 11:28:00,18396.50,18399.00,18380.50,18388.50,1389
2026-02-09 11:29:00,18388.50,18404.75,18385.50,18403.75,368
2026-02-09 11:30:00,18403.75,18406.25,18396.25,18398.75,634
2026-02-09 11:31:00,18398.75,18405.75,18388.00,18391.00,272
2026-02-09 11:32:00,18391.00,18397.25,18383.25,18394.50,1268
2026-02-09 11:33:00,18394.50,18397.75,18391.00,18394.00,1266
2026-02-09 11:34:00,18394.00,18411.00,18394.00,18407.00,731
2026-02-09 11:35:00,18407.00,18413.25,18404.25,18407.50,783
2026-02-09 11:36:00,18407.50,18408.75,18401.25,18405.50,475
2026-02-09 11:37:00,18405.50,18406.25,18392.50,18396.50,496
2026-02-09 11:38:00,18396.50,18397.25,18388.50,18391.25,788
2026-02-09 11:39:00,18391.25,18391.25,18381.25,18386.50,681
2026-02-09 11:40:00,18386.50,18408.00,18384.00,18402.00,1499
2026-02-09 11:41:00,18402.00,18413.00,18377.25,18379.50,679
2026-02-09 11:42:00,18379.50,18402.75,18374.75,18402.25,1080
2026-02-09 11:43:00,18402.25,18403.25,18384.75,18386.50,434
2026-02-09 11:44:00,18386.50,18407.25,18382.25,18406.75,1464
2026-02-09 11:45:00,18406.75,18410.75,18387.50,18389.75,943
2026-02-09 11:46:00,18389.75,18392.25,18377.50,18382.00,344
2026-02-09 11:47:00,18382.00,18410.00,18380.00,18404.00,1189
2026-02-09 11:48:00,18404.00,18404.75,18384.25,18388.50,347
2026-02-09 11:49:00,18388.50,18405.75,18383.50,18405.25,935
2026-02-09 11:50:00,18405.25,18407.00,18399.00,18400.25,1120
2026-02-09 11:51:00,18400.25,18421.25,18392.75,18414.50,1382
2026-02-09 11:52:00,18414.50,18417.25,18381.50,18393.75,1245
2026-02-09 11:53:00,18393.75,18406.00,18388.00,18396.25,1288
2026-02-09 11:54:00,18396.25,18400.50,18381.00,18386.00,1094
2026-02-09 11:55:00,18386.00,18397.75,18384.25,18395.00,247
2026-02-09 11:56:00,18395.00,18415.25,18394.25,18402.00,733
2026-02-09 11:57:00,18402.00,18407.25,18394.25,18405.25,837
2026-02-09 11:58:00,18405.25,18408.25,18399.00,18402.50,521
2026-02-09 11:59:00,18402.50,18415.75,18398.00,18412.25,320
2026-02-09 12:00:00,18412.25,18417.25,18401.75,18402.00,1409
2026-02-09 12:01:00,18402.00,18403.00,18374.75,18384.50,1118
2026-02-09 12:02:00,18384.50,18392.50,18383.75,18390.25,333
2026-02-09 12:03:00,18390.25,18404.50,18389.25,18398.50,681
2026-02-09 12:04:00,18398.50,18399.00,18389.25,18391.50,296
2026-02-09 12:05:00,18391.50,18408.25,18387.75,18399.00,1176
2026-02-09 12:06:00,18399.00,18415.00,18390.75,18408.50,613
2026-02-09 12:07:00,18408.50,18410.00,18382.25,18385.25,408
2026-02-09 12:08:00,18385.25,18416.25,18381.50,18414.50,1227
2026-02-09 12:09:00,18414.50,18417.75,18397.50,18399.00,1411
2026-02-09 12:10:00,18399.00,18405.50,18392.25,18397.00,425
2026-02-09 12:11:00,18397.00,18400.50,18378.00,18388.00,633
2026-02-09 12:12:00,18388.00,18415.75,18384.75,18413.25,1418
2026-02-09 12:13:00,18413.25,18418.00,18374.25,18381.50,630
2026-02-09 12:14:00,18381.50,18405.75,18378.50,18403.25,1082
2026-02-09 12:15:00,18403.25,18410.00,18399.00,18400.00,716
2026-02-09 12:16:00,18400.00,18405.25,18389.25,18392.00,905
2026-02-09 12:17:00,18392.00,18397.25,18392.00,18394.00,1276
2026-02-09 12:18:00,18394.00,18400.25,18393.00,18397.25,1017
2026-02-09 12:19:00,18397.25,18398.25,18377.75,18384.50,1074
2026-02-09 12:20:00,18384.50,18416.00,18383.25,18407.75,795
2026-02-09 12:21:00,18407.75,18409.00,18375.75,18389.75,826
2026-02-09 12:22:00,18389.75,18406.75,18373.75,18399.00,1437
2026-02-09 12:23:00,18399.00,18400.75,18397.00,18397.00,1239
2026-02-09 12:24:00,18397.00,18401.50,18394.00,18401.00,551
2026-02-09 12:25:00,18401.00,18410.00,18399.75,18409.25,1164
2026-02-09 12:26:00,18409.25,18409.75,18384.00,18386.25,1166
2026-02-09 12:27:00,18386.25,18413.50,18384.75,18403.75,1247
2026-02-09 12:28:00,18403.75,18412.50,18395.25,18396.00,986
2026-02-09 12:29:00,18396.00,18417.50,18395.50,18413.75,1292
2026-02-09 12:30:00,18413.75,18417.00,18395.00,18395.50,322
2026-02-09 12:31:00,18395.50,18404.25,18389.00,18399.00,1105
2026-02-09 12:32:00,18399.00,18399.50,18392.75,18399.25,1370
2026-02-09 12:33:00,18399.25,18399.75,18389.25,18392.75,1430
2026-02-09 12:34:00,18392.75,18398.25,18385.00,18391.50,656
2026-02-09 12:35:00,18391.50,18403.00,18389.00,18397.50,438
2026-02-09 12:36:00,18397.50,18397.50,18380.25,18388.00,948
2026-02-09 12:37:00,18388.00,18394.50,18381.50,18385.75,1442
2026-02-09 12:38:00,18385.75,18403.00,18382.50,18402.50,956
2026-02-09 12:39:00,18402.50,18406.75,18393.25,18405.50,238
2026-02-09 12:40:00,18405.50,18406.75,18378.50,18388.75,1202
2026-02-09 12:41:00,18388.75,18400.25,18386.00,18395.25,272
2026-02-09 12:42:00,18395.25,18407.25,18393.75,18404.50,524
2026-02-09 12:43:00,18404.50,18407.50,18398.00,18399.25,312
2026-02-09 12:44:00,18399.25,18407.75,18378.75,18386.50,211
2026-02-09 12:45:00,18386.50,18397.75,18383.75,18396.00,242
2026-02-09 12:46:00,18396.00,18400.00,18391.75,18395.25,753
2026-02-09 12:47:00,18395.25,18414.75,18393.00,18413.50,313
2026-02-09 12:48:00,18413.50,18414.00,18386.75,18393.00,1395
2026-02-09 12:49:00,18393.00,18400.00,18388.25,18400.00,1043
2026-02-09 12:50:00,18400.00,18409.75,18392.75,18395.75,602
2026-02-09 12:51:00,18395.75,18409.25,18390.25,18408.00,1491
2026-02-09 12:52:00,18408.00,18408.50,18406.00,18407.25,466
2026-02-09 12:53:00,18407.25,18410.75,18385.25,18396.00,1476
2026-02-09 12:54:00,18396.00,18406.25,18380.25,18389.75,1432
2026-02-09 12:55:00,18389.75,18393.50,18383.50,18387.75,1424
2026-02-09 12:56:00,18387.75,18419.75,18387.25,18414.00,628
2026-02-09 12:57:00,18414.00,18419.00,18401.75,18404.75,834
2026-02-09 12:58:00,18404.75,18406.25,18396.50,18396.75,651
2026-02-09 12:59:00,18396.75,18404.50,18394.25,18401.25,1064
2026-02-09 13:00:00,18401.25,18407.00,18392.25,18395.75,1025
2026-02-09 13:01:00,18395.75,18398.50,18393.25,18393.25,439
2026-02-09 13:02:00,18393.25,18405.00,18391.75,18397.75,681
2026-02-09 13:03:00,18397.75,18416.00,18396.00,18404.75,1457
2026-02-09 13:04:00,18404.75,18414.50,18402.25,18407.00,502
2026-02-09 13:05:00,18407.00,18411.25,18395.50,18396.00,487
2026-02-09 13:06:00,18396.00,18406.25,18391.00,18401.50,424
2026-02-09 13:07:00,18401.50,18406.25,18398.00,18402.00,1034
2026-02-09 13:08:00,18402.00,18404.25,18379.25,18388.25,1052
2026-02-09 13:09:00,18388.25,18401.50,18387.50,18394.75,848
2026-02-09 13:10:00,18394.75,18407.75,18390.00,18407.00,782
2026-02-09 13:11:00,18407.00,18409.75,18395.75,18402.00,1179
2026-02-09 13:12:00,18402.00,18407.75,18400.75,18407.25,958
2026-02-09 13:13:00,18407.25,18412.25,18405.75,18406.75,495
2026-02-09 13:14:00,18406.75,18413.50,18388.00,18393.25,253
2026-02-09 13:15:00,18393.25,18402.50,18383.00,18388.00,464
2026-02-09 13:16:00,18388.00,18392.50,18378.75,18389.50,1409
2026-02-09 13:17:00,18389.50,18408.25,18387.50,18405.25,573
2026-02-09 13:18:00,18405.25,18410.00,18394.75,18399.00,1257
2026-02-09 13:19:00,18399.00,18407.75,18396.75,18402.75,932
2026-02-09 13:20:00,18402.75,18407.00,18393.00,18395.50,518
2026-02-09 13:21:00,18395.50,18396.75,18387.25,18391.75,1097
2026-02-09 13:22:00,18391.75,18401.50,18387.25,18400.75,954
2026-02-09 13:23:00,18400.75,18405.75,18387.75,18388.25,1389
2026-02-09 13:24:00,18388.25,18398.75,18380.50,18395.50,324
2026-02-09 13:25:00,18395.50,18397.50,18384.75,18396.00,718
2026-02-09 13:26:00,18396.00,18407.25,18394.25,18403.75,1107
2026-02-09 13:27:00,18403.75,18409.25,18393.75,18398.75,1187
2026-02-09 13:28:00,18398.75,18400.25,18392.00,18393.50,200
2026-02-09 13:29:00,18393.50,18397.00,18389.75,18393.00,1166
2026-02-09 13:30:00,18393.00,18396.25,18387.75,18394.00,1049
2026-02-09 13:31:00,18394.00,18397.75,18388.25,18389.75,1052
2026-02-09 13:32:00,18389.75,18399.00,18382.00,18393.25,587
2026-02-09 13:33:00,18393.25,18397.75,18390.25,18392.75,210
2026-02-09 13:34:00,18392.75,18415.75,18388.50,18408.50,1121
2026-02-09 13:35:00,18408.50,18419.75,18402.50,18406.00,1108
2026-02-09 13:36:00,18406.00,18416.25,18405.25,18412.00,488
2026-02-09 13:37:00,18412.00,18414.50,18405.75,18410.25,637
2026-02-09 13:38:00,18410.25,18412.25,18380.75,18392.00,561
2026-02-09 13:39:00,18392.00,18398.00,18384.00,18390.25,561
2026-02-09 13:40:00,18390.25,18395.50,18387.75,18393.50,293
2026-02-09 13:41:00,18393.50,18407.75,18388.25,18402.25,997
2026-02-09 13:42:00,18402.25,18416.50,18401.50,18410.75,1457
2026-02-09 13:43:00,18410.75,18412.00,18392.50,18395.00,486
2026-02-09 13:44:00,18395.00,18400.00,18392.75,18393.50,217
2026-02-09 13:45:00,18393.50,18400.25,18388.50,18399.25,246
2026-02-09 13:46:00,18399.25,18406.25,18395.00,18403.00,1044
2026-02-09 13:47:00,18403.00,18406.00,18394.75,18398.75,1092
2026-02-09 13:48:00,18398.75,18418.50,18397.75,18418.25,1496
2026-02-09 13:49:00,18418.25,18419.00,18385.75,18390.00,1321
2026-02-09 13:50:00,18390.00,18410.25,18385.50,18403.25,929
2026-02-09 13:51:00,18403.25,18409.75,18394.00,18397.25,1027
2026-02-09 13:52:00,18397.25,18402.75,18392.75,18393.75,501
2026-02-09 13:53:00,18393.75,18402.00,18389.50,18399.75,382
2026-02-09 13:54:00,18399.75,18401.75,18393.50,18394.00,753
2026-02-09 13:55:00,18394.00,18400.50,18387.25,18390.75,710
2026-02-09 13:56:00,18390.75,18397.25,18381.00,18387.75,646
2026-02-09 13:57:00,18387.75,18414.00,18384.50,18411.50,867
2026-02-09 13:58:00,18411.50,18413.25,18390.75,18397.00,1204
2026-02-09 13:59:00,18397.00,18414.50,18391.75,18406.75,640
2026-02-09 14:00:00,18406.75,18407.75,18402.75,18404.75,755
2026-02-09 14:01:00,18404.75,18406.00,18380.75,18387.50,424
2026-02-09 14:02:00,18387.50,18430.25,18386.25,18419.50,820
2026-02-09 14:03:00,18419.50,18425.00,18394.25,18395.50,1146
2026-02-09 14:04:00,18395.50,18412.75,18395.50,18401.00,312
2026-02-09 14:05:00,18401.00,18402.25,18384.75,18392.50,327
2026-02-09 14:06:00,18392.50,18395.75,18383.50,18385.00,364
2026-02-09 14:07:00,18385.00,18389.75,18383.25,18387.75,1215
2026-02-09 14:08:00,18387.75,18395.25,18383.00,18391.25,289
2026-02-09 14:09:00,18391.25,18403.50,18389.00,18395.75,1202
2026-02-09 14:10:00,18395.75,18416.50,18394.00,18406.25,559
2026-02-09 14:11:00,18406.25,18411.00,18394.75,18404.00,1079
2026-02-09 14:12:00,18404.00,18407.50,18400.25,18405.50,1281
2026-02-09 14:13:00,18405.50,18415.75,18404.25,18415.50,459
2026-02-09 14:14:00,18415.50,18421.50,18395.25,18398.25,573
2026-02-09 14:15:00,18398.25,18405.50,18396.25,18399.50,1237
2026-02-09 14:16:00,18399.50,18400.50,18393.25,18394.50,1216
2026-02-09 14:17:00,18394.50,18396.25,18389.75,18392.25,661
2026-02-09 14:18:00,18392.25,18407.00,18387.75,18402.00,638
2026-02-09 14:19:00,18402.00,18405.25,18387.50,18391.00,589
2026-02-09 14:20:00,18391.00,18399.25,18383.75,18399.00,1384
2026-02-09 14:21:00,18399.00,18409.25,18396.25,18404.25,347
2026-02-09 14:22:00,18404.25,18408.00,18377.50,18377.75,1240
2026-02-09 14:23:00,18377.75,18410.00,18368.25,18406.50,1348
2026-02-09 14:24:00,18406.50,18410.00,18392.25,18395.75,1437
2026-02-09 14:25:00,18395.75,18400.50,18388.00,18395.50,1237
2026-02-09 14:26:00,18395.50,18405.50,18391.50,18404.25,695
2026-02-09 14:27:00,18404.25,18406.75,18402.75,18403.75,1054
2026-02-09 14:28:00,18403.75,18408.25,18389.75,18393.00,831
2026-02-09 14:29:00,18393.00,18396.25,18385.75,18388.00,406
2026-02-09 14:30:00,18388.00,18391.50,18388.00,18391.00,1258
2026-02-09 14:31:00,18391.00,18404.25,18379.25,18402.50,989
2026-02-09 14:32:00,18402.50,18405.75,18394.75,18399.50,683
2026-02-09 14:33:00,18399.50,18406.75,18395.75,18395.75,884
2026-02-09 14:34:00,18395.75,18407.50,18391.50,18404.50,499
2026-02-09 14:35:00,18404.50,18406.25,18398.75,18399.50,1275
2026-02-09 14:36:00,18399.50,18407.50,18398.25,18405.50,1000
2026-02-09 14:37:00,18405.50,18411.25,18399.25,18408.25,284
2026-02-09 14:38:00,18408.25,18413.50,18398.00,18401.25,423
2026-02-09 14:39:00,18401.25,18402.50,18394.00,18396.75,1201
2026-02-09 14:40:00,18396.75,18397.50,18372.75,18378.00,393
2026-02-09 14:41:00,18378.00,18404.00,18376.50,18402.75,721
2026-02-09 14:42:00,18402.75,18423.25,18398.50,18414.50,281
2026-02-09 14:43:00,18414.50,18418.75,18394.00,18397.00,1068
2026-02-09 14:44:00,18397.00,18406.25,18391.25,18402.25,1252
2026-02-09 14:45:00,18402.25,18404.50,18381.50,18394.50,846
2026-02-09 14:46:00,18394.50,18400.50,18391.00,18394.25,377
2026-02-09 14:47:00,18394.25,18401.50,18385.50,18396.75,549
2026-02-09 14:48:00,18396.75,18407.00,18394.50,18405.50,335
2026-02-09 14:49:00,18405.50,18410.75,18389.50,18397.00,973
2026-02-09 14:50:00,18397.00,18400.75,18385.75,18390.50,966
2026-02-09 14:51:00,18390.50,18416.75,18390.00,18409.00,1134
2026-02-09 14:52:00,18409.00,18417.75,18388.75,18397.00,714
2026-02-09 14:53:00,18397.00,18413.00,18395.00,18412.25,674
2026-02-09 14:54:00,18412.25,18418.00,18379.25,18384.75,794
2026-02-09 14:55:00,18384.75,18421.25,18384.75,18408.75,453
2026-02-09 14:56:00,18408.75,18410.00,18382.75,18390.75,727
2026-02-09 14:57:00,18390.75,18412.75,18390.50,18404.75,818
2026-02-09 14:58:00,18404.75,18410.50,18399.25,18400.50,433
2026-02-09 14:59:00,18400.50,18414.25,18399.25,18406.25,656
2026-02-09 15:00:00,18406.25,18407.75,18381.50,18390.00,1405
2026-02-09 15:01:00,18390.00,18395.50,18388.25,18393.25,1149
2026-02-09 15:02:00,18393.25,18410.00,18390.25,18408.50,212
2026-02-09 15:03:00,18408.50,18414.00,18399.75,18400.00,740
2026-02-09 15:04:00,18400.00,18411.25,18397.25,18406.00,806
2026-02-09 15:05:00,18406.00,18408.50,18391.25,18394.00,213
2026-02-09 15:06:00,18394.00,18399.25,18393.00,18394.75,417
2026-02-09 15:07:00,18394.75,18400.75,18394.25,18398.25,853
2026-02-09 15:08:00,18398.25,18401.50,18385.25,18385.75,521
2026-02-09 15:09:00,18385.75,18393.00,18385.25,18390.00,408
2026-02-09 15:10:00,18390.00,18413.75,18385.50,18413.00,598
2026-02-09 15:11:00,18413.00,18418.75,18398.25,18400.25,1457
2026-02-09 15:12:00,18400.25,18409.50,18393.75,18407.50,482
2026-02-09 15:13:00,18407.50,18411.25,18388.00,18388.75,422
2026-02-09 15:14:00,18388.75,18406.75,18388.25,18402.25,1372
2026-02-09 15:15:00,18402.25,18402.25,18399.25,18400.50,258
2026-02-09 15:16:00,18400.50,18412.75,18397.00,18407.75,405
2026-02-09 15:17:00,18407.75,18417.00,18389.25,18390.25,354
2026-02-09 15:18:00,18390.25,18412.25,18385.50,18406.00,1332
2026-02-09 15:19:00,18406.00,18406.50,18391.00,18396.50,992
2026-02-09 15:20:00,18396.50,18403.50,18391.50,18401.25,475
2026-02-09 15:21:00,18401.25,18403.75,18395.75,18401.50,587
2026-02-09 15:22:00,18401.50,18408.25,18392.75,18397.25,496
2026-02-09 15:23:00,18397.25,18403.00,18384.50,18396.50,700
2026-02-09 15:24:00,18396.50,18406.25,18388.50,18401.00,684
2026-02-09 15:25:00,18401.00,18408.25,18377.75,18381.75,1007
2026-02-09 15:26:00,18381.75,18394.25,18374.50,18394.00,217
2026-02-09 15:27:00,18394.00,18408.00,18391.75,18404.50,1432
2026-02-09 15:28:00,18404.50,18419.50,18403.25,18413.50,1085
2026-02-09 15:29:00,18413.50,18414.50,18401.50,18402.25,1030
2026-02-09 15:30:00,18402.25,18403.50,18392.25,18396.00,828
2026-02-09 15:31:00,18396.00,18401.75,18392.50,18400.50,1077
2026-02-09 15:32:00,18400.50,18402.00,18392.00,18393.75,417
2026-02-09 15:33:00,18393.75,18402.50,18393.00,18400.50,1073
2026-02-09 15:34:00,18400.50,18410.25,18392.50,18398.75,1113
2026-02-09 15:35:00,18398.75,18413.00,18397.50,18412.75,1333
2026-02-09 15:36:00,18412.75,18413.75,18383.75,18385.75,879
2026-02-09 15:37:00,18385.75,18413.75,18383.50,18412.50,681
2026-02-09 15:38:00,18412.50,18421.00,18394.00,18397.25,1304
2026-02-09 15:39:00,18397.25,18402.75,18393.25,18395.75,579
2026-02-09 15:40:00,18395.75,18406.50,18395.25,18403.25,393
2026-02-09 15:41:00,18403.25,18412.25,18395.00,18409.00,1038
2026-02-09 15:42:00,18409.00,18409.50,18401.00,18403.25,958
2026-02-09 15:43:00,18403.25,18410.00,18392.50,18398.00,627
2026-02-09 15:44:00,18398.00,18399.75,18393.75,18395.50,1248
2026-02-09 15:45:00,18395.50,18401.75,18392.50,18399.25,207
2026-02-09 15:46:00,18399.25,18405.25,18381.75,18383.00,749
2026-02-09 15:47:00,18383.00,18407.75,18375.75,18407.25,271
2026-02-09 15:48:00,18407.25,18418.25,18405.75,18416.25,1268
2026-02-09 15:49:00,18416.25,18418.50,18389.75,18393.00,457
2026-02-09 15:50:00,18393.00,18408.00,18389.50,18403.50,630
2026-02-09 15:51:00,18403.50,18413.25,18385.75,18393.00,224
2026-02-09 15:52:00,18393.00,18415.50,18391.75,18413.75,1342
2026-02-09 15:53:00,18413.75,18415.00,18401.75,18407.25,1060
2026-02-09 15:54:00,18407.25,18412.25,18378.00,18386.50,487
2026-02-09 15:55:00,18386.50,18397.75,18385.50,18394.00,1375
2026-02-09 15:56:00,18394.00,18410.75,18391.75,18409.25,675
2026-02-09 15:57:00,18409.25,18416.50,18379.00,18385.00,568
2026-02-09 15:58:00,18385.00,18408.50,18384.25,18404.50,1278
2026-02-09 15:59:00,18404.50,18409.00,18395.75,18396.50,398
2026-02-10 08:00:00,18330.25,18333.50,18329.25,18332.50,937
2026-02-10 08:01:00,18332.50,18335.00,18320.50,18323.00,1112
2026-02-10 08:02:00,18323.00,18342.25,18321.50,18337.25,822
2026-02-10 08:03:00,18337.25,18343.75,18319.00,18322.25,513
2026-02-10 08:04:00,18322.25,18336.50,18316.75,18332.50,1164
2026-02-10 08:05:00,18332.50,18337.25,18328.75,18336.50,1338
2026-02-10 08:06:00,18336.50,18341.25,18328.25,18329.25,352
2026-02-10 08:07:00,18329.25,18342.75,18328.50,18342.75,518
2026-02-10 08:08:00,18342.75,18343.50,18330.75,18336.50,309
2026-02-10 08:09:00,18336.50,18340.50,18329.00,18330.25,1330
2026-02-10 08:10:00,18330.25,18337.50,18326.50,18334.75,218
2026-02-10 08:11:00,18334.75,18346.00,18330.25,18344.50,333
2026-02-10 08:12:00,18344.50,18348.00,18336.50,18337.25,1163
2026-02-10 08:13:00,18337.25,18339.25,18326.25,18327.25,1151
2026-02-10 08:14:00,18327.25,18337.25,18325.75,18333.75,967
2026-02-10 08:15:00,18333.75,18334.75,18329.75,18331.50,1305
2026-02-10 08:16:00,18331.50,18338.50,18324.25,18325.50,1498
2026-02-10 08:17:00,18325.50,18337.75,18319.75,18337.25,1060
2026-02-10 08:18:00,18337.25,18345.25,18321.50,18326.25,920
2026-02-10 08:19:00,18326.25,18331.25,18325.25,18331.25,304
2026-02-10 08:20:00,18331.25,18336.75,18329.00,18334.25,748
2026-02-10 08:21:00,18334.25,18335.50,18319.50,18328.25,1269
2026-02-10 08:22:00,18328.25,18335.25,18320.25,18325.00,1197
2026-02-10 08:23:00,18325.00,18325.50,18316.75,18323.50,1177
2026-02-10 08:24:00,18323.50,18333.25,18318.50,18328.25,960
2026-02-10 08:25:00,18328.25,18335.50,18324.25,18329.00,1471
2026-02-10 08:26:00,18329.00,18330.00,18322.50,18323.50,766
2026-02-10 08:27:00,18323.50,18329.75,18322.50,18324.75,1081
2026-02-10 08:28:00,18324.75,18329.50,18318.00,18319.50,894
2026-02-10 08:29:00,18319.50,18320.50,18312.00,18313.25,1119
2026-02-10 08:30:00,18313.25,18329.25,18312.75,18326.25,1218
2026-02-10 08:31:00,18326.25,18331.25,18318.00,18328.00,335
2026-02-10 08:32:00,18328.00,18333.75,18326.75,18331.00,1274
2026-02-10 08:33:00,18331.00,18334.50,18326.25,18327.00,615
2026-02-10 08:34:00,18327.00,18337.25,18325.25,18334.25,279
2026-02-10 08:35:00,18334.25,18337.00,18327.00,18333.00,783
2026-02-10 08:36:00,18333.00,18338.00,18324.50,18326.00,632
2026-02-10 08:37:00,18326.00,18337.00,18325.50,18332.25,727
2026-02-10 08:38:00,18332.25,18341.00,18326.00,18328.25,1480
2026-02-10 08:39:00,18328.25,18338.25,18324.75,18336.75,522
2026-02-10 08:40:00,18336.75,18339.25,18335.50,18339.25,829
2026-02-10 08:41:00,18339.25,18343.75,18318.50,18323.75,1396
2026-02-10 08:42:00,18323.75,18341.00,18319.50,18335.75,722
2026-02-10 08:43:00,18335.75,18337.50,18335.00,18336.50,588
2026-02-10 08:44:00,18336.50,18339.50,18333.25,18335.50,1241
2026-02-10 08:45:00,18335.50,18337.50,18317.00,18324.50,412
2026-02-10 08:46:00,18324.50,18336.50,18321.50,18333.00,811
2026-02-10 08:47:00,18333.00,18337.75,18320.75,18335.25,1371
2026-02-10 08:48:00,18335.25,18342.25,18332.75,18335.25,328
2026-02-10 08:49:00,18335.25,18338.50,18324.75,18325.50,758
2026-02-10 08:50:00,18325.50,18340.50,18325.50,18339.50,947
2026-02-10 08:51:00,18339.50,18341.00,18332.25,18333.75,591
2026-02-10 08:52:00,18333.75,18338.25,18329.75,18338.25,278
2026-02-10 08:53:00,18338.25,18342.00,18317.00,18326.00,1416
2026-02-10 08:54:00,18326.00,18328.75,18313.50,18317.25,1191
2026-02-10 08:55:00,18317.25,18331.00,18315.50,18328.00,948
2026-02-10 08:56:00,18328.00,18331.25,18320.25,18328.25,1183
2026-02-10 08:57:00,18328.25,18330.75,18312.00,18316.50,449
2026-02-10 08:58:00,18316.50,18340.00,18308.50,18333.25,885
2026-02-10 08:59:00,18333.25,18338.25,18328.00,18330.75,1467
2026-02-10 09:00:00,18330.75,18335.50,18330.00,18334.00,852
2026-02-10 09:01:00,18334.00,18339.75,18326.00,18329.50,450
2026-02-10 09:02:00,18329.50,18333.25,18328.25,18329.00,1182
2026-02-10 09:03:00,18329.00,18329.50,18315.75,18318.00,667
2026-02-10 09:04:00,18318.00,18330.25,18314.25,18327.00,961
2026-02-10 09:05:00,18327.00,18335.50,18326.50,18331.50,308
2026-02-10 09:06:00,18331.50,18338.25,18327.25,18337.25,689
2026-02-10 09:07:00,18337.25,18348.25,18331.25,18332.50,907
2026-02-10 09:08:00,18332.50,18334.00,18322.25,18323.25,775
2026-02-10 09:09:00,18323.25,18339.50,18321.25,18337.75,859
2026-02-10 09:10:00,18337.75,18341.00,18327.75,18332.50,1017
2026-02-10 09:11:00,18332.50,18333.50,18329.50,18330.25,1034
2026-02-10 09:12:00,18330.25,18332.00,18324.00,18324.75,1358
2026-02-10 09:13:00,18324.75,18332.00,18323.75,18329.75,459
2026-02-10 09:14:00,18329.75,18337.75,18329.50,18337.25,496
2026-02-10 09:15:00,18337.25,18341.25,18327.25,18327.50,695
2026-02-10 09:16:00,18327.50,18327.75,18318.50,18320.75,1311
2026-02-10 09:17:00,18320.75,18329.50,18319.75,18328.00,1309
2026-02-10 09:18:00,18328.00,18329.50,18315.75,18316.00,1012
2026-02-10 09:19:00,18316.00,18331.00,18315.00,18328.50,1296
2026-02-10 09:20:00,18328.50,18332.50,18326.00,18328.25,475
2026-02-10 09:21:00,18328.25,18345.50,18328.25,18340.50,311
2026-02-10 09:22:00,18340.50,18342.00,18333.25,18334.75,981
2026-02-10 09:23:00,18334.75,18337.50,18334.00,18336.25,779
2026-02-10 09:24:00,18336.25,18339.25,18319.25,18324.00,454
2026-02-10 09:25:00,18324.00,18330.50,18320.50,18330.00,1266
2026-02-10 09:26:00,18330.00,18343.50,18325.00,18339.25,331
2026-02-10 09:27:00,18339.25,18341.75,18328.50,18328.75,321
2026-02-10 09:28:00,18328.75,18330.00,18324.00,18328.50,1435
2026-02-10 09:29:00,18328.50,18334.75,18316.75,18321.00,696
2026-02-10 09:30:00,18321.00,18326.00,18316.75,18324.25,1268
2026-02-10 09:31:00,18324.25,18328.00,18308.25,18314.25,224
2026-02-10 09:32:00,18314.25,18319.25,18300.75,18304.75,1431
2026-02-10 09:33:00,18304.75,18319.25,18303.50,18318.25,1343
2026-02-10 09:34:00,18318.25,18322.25,18283.00,18286.75,904
2026-02-10 09:35:00,18286.75,18290.00,18286.00,18288.00,230
2026-02-10 09:36:00,18288.00,18297.50,18287.50,18296.25,361
2026-02-10 09:37:00,18296.25,18307.00,18295.50,18305.50,1388
2026-02-10 09:38:00,18305.50,18323.00,18305.50,18321.50,1170
2026-02-10 09:39:00,18321.50,18326.00,18319.50,18324.75,1315
2026-02-10 09:40:00,18324.75,18326.50,18318.75,18318.75,1320
2026-02-10 09:41:00,18318.75,18343.25,18317.75,18343.25,1446
2026-02-10 09:42:00,18343.25,18343.25,18338.00,18338.25,852
2026-02-10 09:43:00,18338.25,18350.25,18337.75,18348.75,631
2026-02-10 09:44:00,18348.75,18361.75,18347.00,18360.75,746
2026-02-10 09:45:00,18360.75,18363.50,18345.50,18346.50,222
2026-02-10 09:46:00,18346.50,18350.00,18336.25,18339.25,768
2026-02-10 09:47:00,18339.25,18342.75,18326.75,18326.75,530
2026-02-10 09:48:00,18326.75,18332.75,18320.50,18324.75,387
2026-02-10 09:49:00,18324.75,18324.75,18305.50,18307.25,720
2026-02-10 09:50:00,18307.25,18310.25,18293.00,18295.75,558
2026-02-10 09:51:00,18295.75,18301.00,18283.00,18298.75,1313
2026-02-10 09:52:00,18298.75,18317.75,18294.75,18315.00,749
2026-02-10 09:53:00,18315.00,18323.75,18315.00,18323.25,563
2026-02-10 09:54:00,18323.25,18330.50,18322.25,18328.75,1076
2026-02-10 09:55:00,18328.75,18344.00,18312.75,18313.75,1396
2026-02-10 09:56:00,18313.75,18348.75,18306.25,18344.75,497
2026-02-10 09:57:00,18344.75,18357.75,18336.25,18355.25,394
2026-02-10 09:58:00,18355.25,18369.50,18344.25,18362.25,267
2026-02-10 09:59:00,18362.25,18364.25,18351.50,18359.75,1268
2026-02-10 10:00:00,18359.75,18362.00,18347.00,18351.25,1500
2026-02-10 10:01:00,18351.25,18384.00,18350.00,18378.50,1184
2026-02-10 10:02:00,18378.50,18383.25,18367.00,18370.50,563
2026-02-10 10:03:00,18370.50,18392.25,18361.00,18390.00,1207
2026-02-10 10:04:00,18390.00,18399.00,18384.75,18392.25,1128
2026-02-10 10:05:00,18392.25,18409.50,18389.25,18400.25,892
2026-02-10 10:06:00,18400.25,18420.50,18385.75,18418.00,661
2026-02-10 10:07:00,18418.00,18438.00,18415.75,18437.50,541
2026-02-10 10:08:00,18437.50,18437.75,18408.00,18408.00,255
2026-02-10 10:09:00,18408.00,18417.00,18403.75,18414.50,1096
2026-02-10 10:10:00,18414.50,18444.50,18408.75,18434.50,702
2026-02-10 10:11:00,18434.50,18436.75,18430.25,18431.50,814
2026-02-10 10:12:00,18431.50,18459.25,18430.25,18454.25,1142
2026-02-10 10:13:00,18454.25,18466.50,18450.25,18459.75,423
2026-02-10 10:14:00,18459.75,18472.25,18453.50,18468.50,534
2026-02-10 10:15:00,18468.50,18477.50,18462.75,18473.50,1323
2026-02-10 10:16:00,18473.50,18482.25,18469.75,18470.25,1167
2026-02-10 10:17:00,18470.25,18471.75,18466.00,18468.50,1085
2026-02-10 10:18:00,18468.50,18479.75,18468.50,18477.25,1159
2026-02-10 10:19:00,18477.25,18480.75,18462.00,18463.00,416
2026-02-10 10:20:00,18463.00,18486.00,18458.25,18482.75,413
2026-02-10 10:21:00,18482.75,18487.25,18480.50,18482.00,992
2026-02-10 10:22:00,18482.00,18483.25,18464.25,18465.25,619
2026-02-10 10:23:00,18465.25,18474.75,18457.25,18463.75,825
2026-02-10 10:24:00,18463.75,18478.25,18463.00,18474.25,915
2026-02-10 10:25:00,18474.25,18481.25,18462.75,18465.50,669
2026-02-10 10:26:00,18465.50,18476.25,18463.00,18473.75,241
2026-02-10 10:27:00,18473.75,18474.25,18465.00,18470.25,624
2026-02-10 10:28:00,18470.25,18483.25,18469.25,18482.00,471
2026-02-10 10:29:00,18482.00,18484.50,18470.00,18470.75,1282
2026-02-10 10:30:00,18470.75,18482.50,18467.50,18476.75,403
2026-02-10 10:31:00,18476.75,18481.00,18470.75,18471.00,612
2026-02-10 10:32:00,18471.00,18473.75,18467.00,18468.50,424
2026-02-10 10:33:00,18468.50,18481.50,18466.25,18480.00,1068
2026-02-10 10:34:00,18480.00,18484.50,18465.00,18468.50,1268
2026-02-10 10:35:00,18468.50,18475.25,18455.00,18465.50,1148
2026-02-10 10:36:00,18465.50,18483.00,18462.50,18481.50,236
2026-02-10 10:37:00,18481.50,18482.25,18472.50,18472.75,507
2026-02-10 10:38:00,18472.75,18495.50,18468.00,18490.00,1384
2026-02-10 10:39:00,18490.00,18492.00,18487.50,18491.50,890
2026-02-10 10:40:00,18491.50,18493.00,18464.50,18476.50,1088
2026-02-10 10:41:00,18476.50,18481.25,18475.50,18480.25,1181
2026-02-10 10:42:00,18480.25,18485.50,18474.75,18476.25,1121
2026-02-10 10:43:00,18476.25,18485.75,18468.50,18469.75,910
2026-02-10 10:44:00,18469.75,18501.75,18463.25,18489.50,1310
2026-02-10 10:45:00,18489.50,18489.75,18472.75,18478.00,1268
2026-02-10 10:46:00,18478.00,18480.50,18461.00,18470.00,957
2026-02-10 10:47:00,18470.00,18470.25,18461.50,18466.75,523
2026-02-10 10:48:00,18466.75,18494.50,18463.25,18491.00,1191
2026-02-10 10:49:00,18491.00,18492.25,18463.00,18469.75,819
2026-02-10 10:50:00,18469.75,18499.00,18464.75,18493.00,400
2026-02-10 10:51:00,18493.00,18496.00,18457.00,18464.50,537
2026-02-10 10:52:00,18464.50,18487.50,18464.25,18482.25,875
2026-02-10 10:53:00,18482.25,18485.50,18467.75,18469.00,602
2026-02-10 10:54:00,18469.00,18483.25,18464.25,18479.00,1425
2026-02-10 10:55:00,18479.00,18480.75,18478.50,18480.25,946
2026-02-10 10:56:00,18480.25,18483.00,18476.00,18477.50,664
2026-02-10 10:57:00,18477.50,18485.00,18470.75,18482.50,739
2026-02-10 10:58:00,18482.50,18486.25,18470.50,18474.50,497
2026-02-10 10:59:00,18474.50,18476.50,18458.00,18472.50,480
2026-02-10 11:00:00,18472.50,18481.25,18468.75,18479.75,822
2026-02-10 11:01:00,18479.75,18488.00,18466.00,18471.50,1440
2026-02-10 11:02:00,18471.50,18473.25,18450.25,18450.75,232
2026-02-10 11:03:00,18450.75,18487.25,18446.00,18482.25,926
2026-02-10 11:04:00,18482.25,18485.50,18469.50,18472.00,1487
2026-02-10 11:05:00,18472.00,18481.25,18466.25,18479.25,648
2026-02-10 11:06:00,18479.25,18489.75,18472.00,18473.75,881
2026-02-10 11:07:00,18473.75,18487.50,18471.25,18485.75,1171
2026-02-10 11:08:00,18485.75,18487.75,18479.00,18482.50,275
2026-02-10 11:09:00,18482.50,18488.75,18481.75,18485.50,1268
2026-02-10 11:10:00,18485.50,18494.00,18455.75,18464.25,1008
2026-02-10 11:11:00,18464.25,18496.00,18461.25,18488.00,1279
2026-02-10 11:12:00,18488.00,18489.50,18482.00,18482.75,790
2026-02-10 11:13:00,18482.75,18482.75,18475.00,18476.75,1329
2026-02-10 11:14:00,18476.75,18493.00,18476.25,18489.00,768
2026-02-10 11:15:00,18489.00,18499.25,18482.75,18495.75,1178
2026-02-10 11:16:00,18495.75,18503.25,18471.75,18472.75,628
2026-02-10 11:17:00,18472.75,18473.75,18463.75,18472.25,373
2026-02-10 11:18:00,18472.25,18473.50,18470.50,18470.75,889
2026-02-10 11:19:00,18470.75,18485.50,18468.50,18474.25,1257
2026-02-10 11:20:00,18474.25,18478.00,18468.00,18478.00,1481
2026-02-10 11:21:00,18478.00,18481.50,18454.25,18456.50,529
2026-02-10 11:22:00,18456.50,18478.75,18454.00,18475.25,1487
2026-02-10 11:23:00,18475.25,18490.50,18474.00,18488.50,665
2026-02-10 11:24:00,18488.50,18494.00,18469.25,18471.25,1005
2026-02-10 11:25:00,18471.25,18476.75,18470.25,18470.50,886
2026-02-10 11:26:00,18470.50,18476.50,18467.50,18469.75,1018
2026-02-10 11:27:00,18469.75,18482.25,18461.25,18479.50,1078
2026-02-10 11:28:00,18479.50,18482.75,18463.75,18465.25,1076
2026-02-10 11:29:00,18465.25,18486.00,18460.25,18485.25,700
2026-02-10 11:30:00,18485.25,18488.00,18466.75,18471.00,1010
2026-02-10 11:31:00,18471.00,18473.75,18470.50,18471.50,993
2026-02-10 11:32:00,18471.50,18480.25,18471.25,18477.25,1299
2026-02-10 11:33:00,18477.25,18501.50,18476.00,18491.50,1143
2026-02-10 11:34:00,18491.50,18492.25,18469.50,18477.75,1171
2026-02-10 11:35:00,18477.75,18483.00,18468.00,18471.50,1058
2026-02-10 11:36:00,18471.50,18474.75,18462.25,18469.00,1337
2026-02-10 11:37:00,18469.00,18471.00,18467.75,18469.25,1300
2026-02-10 11:38:00,18469.25,18484.25,18464.75,18480.75,737
2026-02-10 11:39:00,18480.75,18484.75,18470.00,18472.75,702
2026-02-10 11:40:00,18472.75,18488.75,18467.25,18487.50,479
2026-02-10 11:41:00,18487.50,18488.50,18479.75,18483.50,1238
2026-02-10 11:42:00,18483.50,18483.75,18469.50,18472.75,1111
2026-02-10 11:43:00,18472.75,18472.75,18466.75,18472.75,1427
2026-02-10 11:44:00,18472.75,18488.25,18469.75,18485.00,1189
2026-02-10 11:45:00,18485.00,18487.75,18474.00,18474.25,541
2026-02-10 11:46:00,18474.25,18478.25,18464.25,18470.25,1373
2026-02-10 11:47:00,18470.25,18481.00,18468.25,18475.25,340
2026-02-10 11:48:00,18475.25,18482.75,18470.50,18481.00,1192
2026-02-10 11:49:00,18481.00,18484.00,18449.25,18458.50,1427
2026-02-10 11:50:00,18458.50,18501.50,18457.50,18496.25,360
2026-02-10 11:51:00,18496.25,18497.75,18478.50,18485.75,412
2026-02-10 11:52:00,18485.75,18491.75,18472.75,18473.75,789
2026-02-10 11:53:00,18473.75,18480.75,18469.75,18478.00,883
2026-02-10 11:54:00,18478.00,18503.75,18471.50,18494.50,1460
2026-02-10 11:55:00,18494.50,18497.50,18462.25,18466.25,699
2026-02-10 11:56:00,18466.25,18478.25,18463.50,18477.75,842
2026-02-10 11:57:00,18477.75,18482.00,18469.75,18477.50,847
2026-02-10 11:58:00,18477.50,18489.75,18476.00,18483.25,1279
2026-02-10 11:59:00,18483.25,18491.50,18471.50,18472.75,609
2026-02-10 12:00:00,18472.75,18475.50,18468.50,18469.25,1303
2026-02-10 12:01:00,18469.25,18484.50,18466.00,18484.00,819
2026-02-10 12:02:00,18484.00,18486.25,18470.00,18472.75,1483
2026-02-10 12:03:00,18472.75,18475.00,18471.75,18475.00,836
2026-02-10 12:04:00,18475.00,18498.00,18470.50,18494.75,484
2026-02-10 12:05:00,18494.75,18498.25,18485.75,18486.00,1338
2026-02-10 12:06:00,18486.00,18491.25,18466.00,18470.25,1439
2026-02-10 12:07:00,18470.25,18491.25,18467.50,18483.00,1350
2026-02-10 12:08:00,18483.00,18486.75,18478.75,18480.25,1324
2026-02-10 12:09:00,18480.25,18486.50,18477.75,18482.50,525
2026-02-10 12:10:00,18482.50,18488.25,18474.75,18476.00,1321
2026-02-10 12:11:00,18476.00,18479.75,18474.75,18476.25,881
2026-02-10 12:12:00,18476.25,18485.25,18474.50,18482.00,463
2026-02-10 12:13:00,18482.00,18491.75,18468.00,18469.00,1155
2026-02-10 12:14:00,18469.00,18481.50,18465.00,18476.25,374
2026-02-10 12:15:00,18476.25,18497.50,18474.00,18493.50,843
2026-02-10 12:16:00,18493.50,18500.50,18476.75,18483.75,897
2026-02-10 12:17:00,18483.75,18492.00,18478.50,18479.75,815
2026-02-10 12:18:00,18479.75,18484.25,18467.25,18470.00,1144
2026-02-10 12:19:00,18470.00,18478.75,18463.50,18469.50,794
2026-02-10 12:20:00,18469.50,18474.50,18469.25,18472.50,1088
2026-02-10 12:21:00,18472.50,18481.00,18472.25,18474.50,466
2026-02-10 12:22:00,18474.50,18484.25,18472.75,18483.00,715
2026-02-10 12:23:00,18483.00,18486.25,18474.75,18474.75,923
2026-02-10 12:24:00,18474.75,18493.25,18467.75,18491.25,1285
2026-02-10 12:25:00,18491.25,18502.75,18481.75,18482.00,320
2026-02-10 12:26:00,18482.00,18482.75,18472.50,18473.50,1488
2026-02-10 12:27:00,18473.50,18487.00,18461.25,18483.75,1389
2026-02-10 12:28:00,18483.75,18484.00,18472.75,18473.00,1115
2026-02-10 12:29:00,18473.00,18480.50,18472.00,18478.25,286
2026-02-10 12:30:00,18478.25,18483.75,18477.00,18482.75,567
2026-02-10 12:31:00,18482.75,18486.75,18481.00,18483.00,397
2026-02-10 12:32:00,18483.00,18483.50,18474.50,18474.75,295
2026-02-10 12:33:00,18474.75,18478.25,18473.25,18478.00,712
2026-02-10 12:34:00,18478.00,18480.50,18475.50,18480.25,961
2026-02-10 12:35:00,18480.25,18482.00,18477.25,18478.50,735
2026-02-10 12:36:00,18478.50,18505.75,18478.25,18489.75,576
2026-02-10 12:37:00,18489.75,18509.75,18489.00,18503.50,1269
2026-02-10 12:38:00,18503.50,18508.00,18481.25,18484.75,1208
2026-02-10 12:39:00,18484.75,18488.50,18467.75,18471.50,1182
2026-02-10 12:40:00,18471.50,18495.00,18468.75,18485.25,1019
2026-02-10 12:41:00,18485.25,18487.50,18469.00,18477.50,882
2026-02-10 12:42:00,18477.50,18490.50,18473.75,18485.00,540
2026-02-10 12:43:00,18485.00,18492.75,18477.00,18485.00,1113
2026-02-10 12:44:00,18485.00,18499.25,18484.00,18496.50,1020
2026-02-10 12:45:00,18496.50,18497.50,18472.00,18472.25,1443
2026-02-10 12:46:00,18472.25,18484.00,18472.00,18480.00,269
2026-02-10 12:47:00,18480.00,18487.25,18476.00,18482.75,1342
2026-02-10 12:48:00,18482.75,18492.75,18482.50,18491.00,1129
2026-02-10 12:49:00,18491.00,18495.50,18460.50,18464.00,268
2026-02-10 12:50:00,18464.00,18483.75,18458.50,18480.75,827
2026-02-10 12:51:00,18480.75,18487.50,18476.50,18487.25,1383
2026-02-10 12:52:00,18487.25,18493.00,18474.75,18480.50,914
2026-02-10 12:53:00,18480.50,18489.25,18472.00,18489.25,958
2026-02-10 12:54:00,18489.25,18493.75,18465.75,18469.25,720
2026-02-10 12:55:00,18469.25,18477.25,18467.75,18475.75,936
2026-02-10 12:56:00,18475.75,18477.75,18471.50,18476.25,1350
2026-02-10 12:57:00,18476.25,18487.25,18474.00,18485.75,1141
2026-02-10 12:58:00,18485.75,18493.25,18474.75,18480.75,1280
2026-02-10 12:59:00,18480.75,18491.00,18472.50,18476.25,1044
2026-02-10 13:00:00,18476.25,18481.25,18462.50,18473.50,461
2026-02-10 13:01:00,18473.50,18477.25,18463.75,18470.00,616
2026-02-10 13:02:00,18470.00,18489.50,18469.00,18485.00,858
2026-02-10 13:03:00,18485.00,18499.25,18478.50,18495.25,419
2026-02-10 13:04:00,18495.25,18503.25,18474.25,18480.00,939
2026-02-10 13:05:00,18480.00,18481.50,18477.75,18479.75,540
2026-02-10 13:06:00,18479.75,18486.25,18471.50,18478.25,345
2026-02-10 13:07:00,18478.25,18488.50,18477.75,18488.00,1491
2026-02-10 13:08:00,18488.00,18489.75,18478.50,18481.50,740
2026-02-10 13:09:00,18481.50,18491.25,18478.00,18488.50,473
2026-02-10 13:10:00,18488.50,18494.00,18464.25,18468.50,665
2026-02-10 13:11:00,18468.50,18470.75,18463.25,18466.25,1260
2026-02-10 13:12:00,18466.25,18497.50,18463.25,18487.50,1423
2026-02-10 13:13:00,18487.50,18491.75,18485.75,18489.75,658
2026-02-10 13:14:00,18489.75,18494.75,18473.50,18474.75,470
2026-02-10 13:15:00,18474.75,18476.00,18471.50,18473.75,863
2026-02-10 13:16:00,18473.75,18485.50,18470.25,18481.00,641
2026-02-10 13:17:00,18481.00,18488.00,18462.75,18473.25,1445
2026-02-10 13:18:00,18473.25,18484.25,18464.75,18477.00,459
2026-02-10 13:19:00,18477.00,18485.25,18475.00,18482.75,1035
2026-02-10 13:20:00,18482.75,18490.00,18479.00,18488.50,679
2026-02-10 13:21:00,18488.50,18489.00,18480.75,18485.50,1216
2026-02-10 13:22:00,18485.50,18488.75,18484.00,18486.25,567
2026-02-10 13:23:00,18486.25,18490.50,18473.25,18477.00,1245
2026-02-10 13:24:00,18477.00,18486.75,18473.50,18482.50,681
2026-02-10 13:25:00,18482.50,18484.00,18471.50,18477.75,390
2026-02-10 13:26:00,18477.75,18491.75,18474.50,18491.75,1373
2026-02-10 13:27:00,18491.75,18495.50,18465.00,18469.25,824
2026-02-10 13:28:00,18469.25,18492.50,18468.00,18490.00,1283
2026-02-10 13:29:00,18490.00,18491.25,18477.00,18477.50,890
2026-02-10 13:30:00,18477.50,18482.00,18476.50,18481.75,1446
2026-02-10 13:31:00,18481.75,18500.25,18477.50,18488.50,1236
2026-02-10 13:32:00,18488.50,18488.50,18483.25,18483.75,1224
2026-02-10 13:33:00,18483.75,18487.50,18469.75,18472.75,958
2026-02-10 13:34:00,18472.75,18487.00,18467.25,18482.75,242
2026-02-10 13:35:00,18482.75,18486.25,18473.50,18485.50,1492
2026-02-10 13:36:00,18485.50,18492.00,18471.00,18475.50,548
2026-02-10 13:37:00,18475.50,18484.75,18472.75,18481.25,1258
2026-02-10 13:38:00,18481.25,18493.00,18480.50,18491.75,1057
2026-02-10 13:39:00,18491.75,18496.25,18477.50,18480.50,1268
2026-02-10 13:40:00,18480.50,18483.25,18469.50,18475.75,400
2026-02-10 13:41:00,18475.75,18486.25,18471.50,18484.50,995
2026-02-10 13:42:00,18484.50,18491.00,18474.00,18477.25,619
2026-02-10 13:43:00,18477.25,18481.75,18471.50,18473.50,514
2026-02-10 13:44:00,18473.50,18475.00,18460.50,18465.75,307
2026-02-10 13:45:00,18465.75,18477.50,18460.25,18474.00,1019
2026-02-10 13:46:00,18474.00,18477.75,18470.75,18475.25,517
2026-02-10 13:47:00,18475.25,18500.50,18474.75,18492.25,579
2026-02-10 13:48:00,18492.25,18492.25,18484.50,18485.50,997
2026-02-10 13:49:00,18485.50,18488.50,18475.75,18479.75,696
2026-02-10 13:50:00,18479.75,18482.25,18472.25,18479.50,425
2026-02-10 13:51:00,18479.50,18484.75,18476.50,18483.25,1056
2026-02-10 13:52:00,18483.25,18498.75,18481.50,18497.50,1456
2026-02-10 13:53:00,18497.50,18501.50,18479.50,18481.00,1373
2026-02-10 13:54:00,18481.00,18488.50,18479.50,18484.25,752
2026-02-10 13:55:00,18484.25,18489.50,18478.25,18488.50,1364
2026-02-10 13:56:00,18488.50,18495.25,18464.50,18472.25,1048
2026-02-10 13:57:00,18472.25,18480.25,18466.50,18479.75,461
2026-02-10 13:58:00,18479.75,18495.75,18478.00,18485.75,1045
2026-02-10 13:59:00,18485.75,18489.75,18479.00,18487.00,1121
2026-02-10 14:00:00,18487.00,18492.00,18474.75,18491.75,617
2026-02-10 14:01:00,18491.75,18494.50,18491.25,18492.25,1409
2026-02-10 14:02:00,18492.25,18500.00,18460.50,18461.75,647
2026-02-10 14:03:00,18461.75,18488.50,18452.50,18488.50,1214
2026-02-10 14:04:00,18488.50,18494.25,18484.50,18488.00,1008
2026-02-10 14:05:00,18488.00,18492.75,18480.75,18484.25,282
2026-02-10 14:06:00,18484.25,18490.00,18474.00,18478.25,508
2026-02-10 14:07:00,18478.25,18490.50,18474.00,18481.50,668
2026-02-10 14:08:00,18481.50,18501.50,18481.25,18499.75,416
2026-02-10 14:09:00,18499.75,18501.50,18476.00,18485.75,1471
2026-02-10 14:10:00,18485.75,18491.50,18472.50,18482.25,250
2026-02-10 14:11:00,18482.25,18485.00,18480.00,18483.00,928
2026-02-10 14:12:00,18483.00,18485.75,18474.50,18483.25,868
2026-02-10 14:13:00,18483.25,18491.75,18478.25,18488.25,722
2026-02-10 14:14:00,18488.25,18495.25,18485.75,18490.00,1138
2026-02-10 14:15:00,18490.00,18493.25,18488.00,18490.25,638
2026-02-10 14:16:00,18490.25,18499.75,18480.50,18481.50,1150
2026-02-10 14:17:00,18481.50,18485.75,18474.75,18475.00,835
2026-02-10 14:18:00,18475.00,18486.50,18473.25,18486.00,203
2026-02-10 14:19:00,18486.00,18487.25,18482.75,18482.75,1468
2026-02-10 14:20:00,18482.75,18486.00,18477.00,18482.50,763
2026-02-10 14:21:00,18482.50,18484.25,18471.00,18477.25,621
2026-02-10 14:22:00,18477.25,18485.25,18474.75,18481.50,967
2026-02-10 14:23:00,18481.50,18490.50,18479.00,18490.25,493
2026-02-10 14:24:00,18490.25,18497.75,18471.00,18476.50,1354
2026-02-10 14:25:00,18476.50,18488.25,18472.75,18486.50,731
2026-02-10 14:26:00,18486.50,18492.50,18478.50,18487.50,1239
2026-02-10 14:27:00,18487.50,18488.25,18483.50,18484.25,862
2026-02-10 14:28:00,18484.25,18486.75,18473.25,18485.00,1278
2026-02-10 14:29:00,18485.00,18498.50,18477.75,18496.50,830
2026-02-10 14:30:00,18496.50,18502.25,18466.50,18470.50,423
2026-02-10 14:31:00,18470.50,18492.50,18465.25,18488.50,561
2026-02-10 14:32:00,18488.50,18496.75,18475.00,18482.75,787
2026-02-10 14:33:00,18482.75,18496.50,18481.25,18486.50,1271
2026-02-10 14:34:00,18486.50,18507.75,18485.25,18494.25,1483
2026-02-10 14:35:00,18494.25,18508.50,18490.50,18505.75,748
2026-02-10 14:36:00,18505.75,18511.50,18480.25,18485.25,1480
2026-02-10 14:37:00,18485.25,18485.75,18470.00,18481.25,1149
2026-02-10 14:38:00,18481.25,18484.50,18478.75,18479.25,1398
2026-02-10 14:39:00,18479.25,18489.25,18478.25,18487.75,923
2026-02-10 14:40:00,18487.75,18492.00,18457.75,18460.50,1237
2026-02-10 14:41:00,18460.50,18484.00,18459.75,18479.25,1428
2026-02-10 14:42:00,18479.25,18482.00,18475.50,18476.25,1067
2026-02-10 14:43:00,18476.25,18486.00,18472.25,18472.50,462
2026-02-10 14:44:00,18472.50,18487.00,18466.50,18484.50,1058
2026-02-10 14:45:00,18484.50,18506.50,18484.25,18506.25,798
2026-02-10 14:46:00,18506.25,18509.50,18488.75,18494.50,892
2026-02-10 14:47:00,18494.50,18498.75,18470.50,18474.00,1120
2026-02-10 14:48:00,18474.00,18501.25,18471.00,18497.00,1152
2026-02-10 14:49:00,18497.00,18506.50,18478.25,18479.00,1391
2026-02-10 14:50:00,18479.00,18485.25,18472.50,18474.75,668
2026-02-10 14:51:00,18474.75,18492.50,18472.00,18486.50,446
2026-02-10 14:52:00,18486.50,18491.25,18477.25,18486.50,579
2026-02-10 14:53:00,18486.50,18491.75,18481.50,18484.00,1169
2026-02-10 14:54:00,18484.00,18487.25,18471.75,18486.75,987
2026-02-10 14:55:00,18486.75,18488.50,18479.75,18485.25,322
2026-02-10 14:56:00,18485.25,18489.50,18477.25,18478.75,922
2026-02-10 14:57:00,18478.75,18503.75,18469.25,18490.00,531
2026-02-10 14:58:00,18490.00,18494.25,18483.25,18488.75,820
2026-02-10 14:59:00,18488.75,18495.75,18485.25,18494.25,237
2026-02-10 15:00:00,18494.25,18497.50,18481.50,18485.50,472
2026-02-10 15:01:00,18485.50,18491.00,18482.00,18482.50,281
2026-02-10 15:02:00,18482.50,18495.25,18480.50,18490.50,764
2026-02-10 15:03:00,18490.50,18495.75,18481.25,18483.50,1307
2026-02-10 15:04:00,18483.50,18487.25,18475.50,18479.25,303
2026-02-10 15:05:00,18479.25,18487.25,18476.00,18478.00,400
2026-02-10 15:06:00,18478.00,18492.50,18467.50,18491.50,951
2026-02-10 15:07:00,18491.50,18493.75,18484.25,18486.50,1492
2026-02-10 15:08:00,18486.50,18497.00,18486.25,18491.00,1358
2026-02-10 15:09:00,18491.00,18491.75,18488.50,18489.25,551
2026-02-10 15:10:00,18489.25,18503.75,18489.00,18496.00,798
2026-02-10 15:11:00,18496.00,18502.75,18467.25,18482.00,1438
2026-02-10 15:12:00,18482.00,18486.75,18476.00,18479.75,1348
2026-02-10 15:13:00,18479.75,18492.50,18475.50,18491.50,309
2026-02-10 15:14:00,18491.50,18500.50,18475.00,18481.25,925
2026-02-10 15:15:00,18481.25,18497.25,18471.75,18495.50,1310
2026-02-10 15:16:00,18495.50,18509.75,18491.75,18501.75,1180
2026-02-10 15:17:00,18501.75,18508.75,18474.25,18478.75,1407
2026-02-10 15:18:00,18478.75,18486.00,18477.25,18477.75,1174
2026-02-10 15:19:00,18477.75,18486.25,18474.50,18483.00,310
2026-02-10 15:20:00,18483.00,18483.50,18469.00,18470.00,946
2026-02-10 15:21:00,18470.00,18474.50,18466.25,18472.50,791
2026-02-10 15:22:00,18472.50,18488.50,18469.00,18486.00,1205
2026-02-10 15:23:00,18486.00,18496.50,18483.00,18489.75,569
2026-02-10 15:24:00,18489.75,18491.75,18470.75,18474.50,1030
2026-02-10 15:25:00,18474.50,18495.50,18468.00,18490.00,705
2026-02-10 15:26:00,18490.00,18492.50,18487.00,18488.00,1240
2026-02-10 15:27:00,18488.00,18490.50,18477.00,18487.00,421
2026-02-10 15:28:00,18487.00,18493.25,18474.75,18480.50,741
2026-02-10 15:29:00,18480.50,18505.75,18473.50,18495.25,234
2026-02-10 15:30:00,18495.25,18496.50,18475.25,18483.25,722
2026-02-10 15:31:00,18483.25,18499.00,18477.50,18492.25,1497
2026-02-10 15:32:00,18492.25,18499.50,18469.00,18469.75,1141
2026-02-10 15:33:00,18469.75,18481.75,18467.25,18475.25,517
2026-02-10 15:34:00,18475.25,18496.25,18472.50,18489.75,563
2026-02-10 15:35:00,18489.75,18493.00,18469.25,18479.25,1353
2026-02-10 15:36:00,18479.25,18505.75,18476.50,18499.25,1059
2026-02-10 15:37:00,18499.25,18504.50,18485.25,18491.75,1329
2026-02-10 15:38:00,18491.75,18494.25,18487.00,18494.00,659
2026-02-10 15:39:00,18494.00,18494.75,18486.75,18490.00,1097
2026-02-10 15:40:00,18490.00,18491.00,18475.50,18476.75,467
2026-02-10 15:41:00,18476.75,18486.50,18461.00,18471.00,278
2026-02-10 15:42:00,18471.00,18489.50,18466.25,18488.25,856
2026-02-10 15:43:00,18488.25,18494.00,18477.25,18484.25,767
2026-02-10 15:44:00,18484.25,18499.75,18482.75,18498.00,1391
2026-02-10 15:45:00,18498.00,18503.50,18463.00,18468.00,380
2026-02-10 15:46:00,18468.00,18490.75,18464.50,18490.25,1235
2026-02-10 15:47:00,18490.25,18516.00,18485.50,18503.50,1372
2026-02-10 15:48:00,18503.50,18505.75,18493.00,18493.50,844
2026-02-10 15:49:00,18493.50,18494.00,18482.00,18489.75,300
2026-02-10 15:50:00,18489.75,18490.25,18487.50,18489.75,408
2026-02-10 15:51:00,18489.75,18491.25,18477.00,18483.25,1389
2026-02-10 15:52:00,18483.25,18492.50,18480.25,18485.50,540
2026-02-10 15:53:00,18485.50,18496.25,18483.75,18494.00,572
2026-02-10 15:54:00,18494.00,18508.75,18488.50,18503.25,611
2026-02-10 15:55:00,18503.25,18503.75,18490.25,18490.75,664
2026-02-10 15:56:00,18490.75,18491.00,18486.50,18488.00,464
2026-02-10 15:57:00,18488.00,18491.75,18484.75,18491.25,1310
2026-02-10 15:58:00,18491.25,18496.75,18491.25,18494.50,989
2026-02-10 15:59:00,18494.50,18495.50,18471.00,18474.00,352
2026-02-11 08:00:00,18427.00,18436.50,18425.00,18435.75,443
2026-02-11 08:01:00,18435.75,18439.00,18423.00,18427.50,1257
2026-02-11 08:02:00,18427.50,18430.75,18419.50,18429.75,439
2026-02-11 08:03:00,18429.75,18430.50,18415.75,18418.50,1013
2026-02-11 08:04:00,18418.50,18421.75,18408.00,18421.25,464
2026-02-11 08:05:00,18421.25,18430.75,18418.50,18430.50,1432
2026-02-11 08:06:00,18430.50,18436.50,18429.50,18434.00,239
2026-02-11 08:07:00,18434.00,18437.50,18412.25,18420.75,367
2026-02-11 08:08:00,18420.75,18432.50,18417.50,18418.00,793
2026-02-11 08:09:00,18418.00,18419.50,18415.75,18416.50,1142
2026-02-11 08:10:00,18416.50,18434.50,18409.25,18433.25,1406
2026-02-11 08:11:00,18433.25,18441.00,18424.00,18434.00,1105
2026-02-11 08:12:00,18434.00,18436.50,18428.25,18430.50,851
2026-02-11 08:13:00,18430.50,18438.00,18417.00,18418.25,627
2026-02-11 08:14:00,18418.25,18435.25,18418.00,18433.00,288
2026-02-11 08:15:00,18433.00,18443.25,18432.50,18440.00,1268
2026-02-11 08:16:00,18440.00,18450.00,18419.00,18419.25,448
2026-02-11 08:17:00,18419.25,18428.00,18418.50,18427.25,546
2026-02-11 08:18:00,18427.25,18432.50,18421.75,18426.00,423
2026-02-11 08:19:00,18426.00,18426.75,18411.00,18415.50,1206
2026-02-11 08:20:00,18415.50,18434.25,18411.75,18432.25,265
2026-02-11 08:21:00,18432.25,18435.25,18425.00,18433.50,1071
2026-02-11 08:22:00,18433.50,18434.25,18427.50,18432.25,349
2026-02-11 08:23:00,18432.25,18435.75,18414.25,18418.00,731
2026-02-11 08:24:00,18418.00,18419.00,18407.75,18416.25,928
2026-02-11 08:25:00,18416.25,18426.00,18411.50,18424.00,1234
2026-02-11 08:26:00,18424.00,18429.50,18416.50,18417.75,710
2026-02-11 08:27:00,18417.75,18428.00,18415.25,18427.75,935
2026-02-11 08:28:00,18427.75,18431.25,18423.75,18429.50,448
2026-02-11 08:29:00,18429.50,18432.75,18416.25,18419.75,594
2026-02-11 08:30:00,18419.75,18433.00,18416.75,18429.75,639
2026-02-11 08:31:00,18429.75,18432.25,18424.00,18428.00,404
2026-02-11 08:32:00,18428.00,18432.25,18420.25,18421.75,349
2026-02-11 08:33:00,18421.75,18430.00,18419.50,18427.00,316
2026-02-11 08:34:00,18427.00,18437.50,18425.75,18429.25,243
2026-02-11 08:35:00,18429.25,18435.50,18420.25,18422.00,247
2026-02-11 08:36:00,18422.00,18438.50,18417.25,18429.00,478
2026-02-11 08:37:00,18429.00,18433.00,18416.75,18417.00,266
2026-02-11 08:38:00,18417.00,18433.50,18408.00,18430.50,788
2026-02-11 08:39:00,18430.50,18431.50,18426.00,18428.75,579
2026-02-11 08:40:00,18428.75,18430.75,18416.75,18423.75,222
2026-02-11 08:41:00,18423.75,18426.50,18417.50,18425.25,296
2026-02-11 08:42:00,18425.25,18426.25,18417.00,18418.75,801
2026-02-11 08:43:00,18418.75,18427.25,18414.00,18425.50,599
2026-02-11 08:44:00,18425.50,18429.00,18412.50,18419.00,949
2026-02-11 08:45:00,18419.00,18421.75,18416.25,18421.75,1021
2026-02-11 08:46:00,18421.75,18422.75,18413.50,18419.25,806
2026-02-11 08:47:00,18419.25,18427.25,18414.00,18423.50,978
2026-02-11 08:48:00,18423.50,18426.00,18409.25,18410.50,265
2026-02-11 08:49:00,18410.50,18426.25,18409.00,18421.75,872
2026-02-11 08:50:00,18421.75,18422.75,18411.25,18414.75,518
2026-02-11 08:51:00,18414.75,18421.00,18413.25,18420.25,888
2026-02-11 08:52:00,18420.25,18429.50,18411.75,18424.25,279
2026-02-11 08:53:00,18424.25,18427.75,18421.25,18422.75,508
2026-02-11 08:54:00,18422.75,18429.25,18413.75,18419.00,737
2026-02-11 08:55:00,18419.00,18421.25,18413.75,18420.25,1193
2026-02-11 08:56:00,18420.25,18439.00,18418.75,18434.25,1220
2026-02-11 08:57:00,18434.25,18436.75,18417.50,18422.50,1272
2026-02-11 08:58:00,18422.50,18426.50,18417.25,18419.00,890
2026-02-11 08:59:00,18419.00,18429.25,18418.50,18428.75,697
2026-02-11 09:00:00,18428.75,18430.00,18425.00,18427.00,1449
2026-02-11 09:01:00,18427.00,18434.00,18413.00,18413.75,1400
2026-02-11 09:02:00,18413.75,18436.75,18409.75,18436.25,1252
2026-02-11 09:03:00,18436.25,18440.50,18428.25,18430.75,821
2026-02-11 09:04:00,18430.75,18432.50,18420.75,18424.25,837
2026-02-11 09:05:00,18424.25,18427.50,18414.25,18417.50,700
2026-02-11 09:06:00,18417.50,18423.00,18417.25,18421.75,746
2026-02-11 09:07:00,18421.75,18426.50,18415.75,18416.75,1332
2026-02-11 09:08:00,18416.75,18426.25,18415.50,18424.50,1095
2026-02-11 09:09:00,18424.50,18427.75,18422.25,18427.00,291
2026-02-11 09:10:00,18427.00,18434.25,18415.75,18416.25,707
2026-02-11 09:11:00,18416.25,18420.00,18413.75,18417.75,497
2026-02-11 09:12:00,18417.75,18419.00,18409.75,18412.75,1334
2026-02-11 09:13:00,18412.75,18429.75,18412.50,18426.25,904
2026-02-11 09:14:00,18426.25,18427.50,18413.75,18416.00,283
2026-02-11 09:15:00,18416.00,18439.75,18412.50,18436.50,1384
2026-02-11 09:16:00,18436.50,18440.00,18423.75,18424.00,278
2026-02-11 09:17:00,18424.00,18424.00,18418.75,18420.00,918
2026-02-11 09:18:00,18420.00,18422.75,18419.25,18420.25,773
2026-02-11 09:19:00,18420.25,18424.75,18416.25,18422.75,552
2026-02-11 09:20:00,18422.75,18428.25,18418.00,18421.25,1253
2026-02-11 09:21:00,18421.25,18421.75,18416.50,18421.50,1416
2026-02-11 09:22:00,18421.50,18421.75,18415.00,18419.25,821
2026-02-11 09:23:00,18419.25,18430.00,18415.25,18425.50,1021
2026-02-11 09:24:00,18425.50,18426.75,18412.75,18418.00,1202
2026-02-11 09:25:00,18418.00,18430.25,18414.75,18425.50,658
2026-02-11 09:26:00,18425.50,18425.50,18421.75,18425.50,560
2026-02-11 09:27:00,18425.50,18426.75,18415.75,18426.00,1195
2026-02-11 09:28:00,18426.00,18428.75,18409.50,18414.25,1162
2026-02-11 09:29:00,18414.25,18427.50,18407.50,18410.00,266
2026-02-11 09:30:00,18410.00,18411.00,18397.00,18402.00,1114
2026-02-11 09:31:00,18402.00,18403.75,18394.00,18399.50,203
2026-02-11 09:32:00,18399.50,18400.25,18391.00,18396.50,601
2026-02-11 09:33:00,18396.50,18397.25,18384.25,18387.00,847
2026-02-11 09:34:00,18387.00,18410.75,18380.50,18405.25,992
2026-02-11 09:35:00,18405.25,18422.00,18405.00,18420.75,1119
2026-02-11 09:36:00,18420.75,18421.25,18414.25,18415.75,1219
2026-02-11 09:37:00,18415.75,18429.25,18415.00,18428.75,635
2026-02-11 09:38:00,18428.75,18432.50,18426.00,18432.25,1471
2026-02-11 09:39:00,18432.25,18443.00,18429.75,18442.25,1405
2026-02-11 09:40:00,18442.25,18454.25,18442.00,18453.25,435
2026-02-11 09:41:00,18453.25,18456.25,18452.25,18455.25,1211
2026-02-11 09:42:00,18455.25,18469.00,18454.75,18469.00,397
2026-02-11 09:43:00,18469.00,18482.25,18468.50,18481.50,939
2026-02-11 09:44:00,18481.50,18484.50,18480.50,18483.25,789
2026-02-11 09:45:00,18483.25,18483.75,18465.75,18468.50,1269
2026-02-11 09:46:00,18468.50,18470.50,18449.00,18450.00,1372
2026-02-11 09:47:00,18450.00,18454.25,18440.50,18443.50,1486
2026-02-11 09:48:00,18443.50,18450.25,18421.00,18422.75,1359
2026-02-11 09:49:00,18422.75,18423.75,18409.75,18411.75,972
2026-02-11 09:50:00,18411.75,18413.50,18395.50,18396.50,1049
2026-02-11 09:51:00,18396.50,18404.00,18394.75,18400.25,572
2026-02-11 09:52:00,18400.25,18423.25,18395.75,18421.25,427
2026-02-11 09:53:00,18421.25,18426.25,18403.50,18411.75,379
2026-02-11 09:54:00,18411.75,18419.25,18403.50,18415.50,411
2026-02-11 09:55:00,18415.50,18425.50,18407.75,18424.50,1295
2026-02-11 09:56:00,18424.50,18445.75,18423.50,18444.75,251
2026-02-11 09:57:00,18444.75,18446.75,18430.75,18442.25,885
2026-02-11 09:58:00,18442.25,18445.00,18438.75,18444.25,601
2026-02-11 09:59:00,18444.25,18451.25,18441.75,18449.75,597
2026-02-11 10:00:00,18449.75,18467.50,18448.50,18462.75,453
2026-02-11 10:01:00,18462.75,18469.25,18457.50,18461.75,1087
2026-02-11 10:02:00,18461.75,18489.50,18457.00,18481.50,1122
2026-02-11 10:03:00,18481.50,18481.75,18470.75,18476.50,936
2026-02-11 10:04:00,18476.50,18480.50,18465.25,18470.75,1008
2026-02-11 10:05:00,18470.75,18485.25,18468.00,18483.75,1230
2026-02-11 10:06:00,18483.75,18493.75,18479.75,18492.25,1375
2026-02-11 10:07:00,18492.25,18492.75,18484.75,18489.75,489
2026-02-11 10:08:00,18489.75,18493.50,18480.00,18483.50,275
2026-02-11 10:09:00,18483.50,18511.00,18472.25,18508.50,1364
2026-02-11 10:10:00,18508.50,18530.25,18503.75,18529.25,226
2026-02-11 10:11:00,18529.25,18547.75,18527.00,18544.25,1261
2026-02-11 10:12:00,18544.25,18546.00,18530.50,18539.75,1350
2026-02-11 10:13:00,18539.75,18562.50,18524.50,18562.00,743
2026-02-11 10:14:00,18562.00,18565.00,18535.25,18539.75,919
2026-02-11 10:15:00,18539.75,18569.00,18530.00,18556.00,407
2026-02-11 10:16:00,18556.00,18566.00,18546.25,18562.25,604
2026-02-11 10:17:00,18562.25,18567.25,18544.75,18550.00,602
2026-02-11 10:18:00,18550.00,18563.50,18547.50,18557.50,204
2026-02-11 10:19:00,18557.50,18557.75,18539.75,18544.00,497
2026-02-11 10:20:00,18544.00,18547.25,18541.50,18545.75,1368
2026-02-11 10:21:00,18545.75,18582.75,18545.25,18576.75,1381
2026-02-11 10:22:00,18576.75,18586.00,18551.25,18551.50,470
2026-02-11 10:23:00,18551.50,18552.75,18542.75,18547.00,642
2026-02-11 10:24:00,18547.00,18554.75,18534.75,18535.00,882
2026-02-11 10:25:00,18535.00,18559.25,18528.75,18557.75,695
2026-02-11 10:26:00,18557.75,18569.00,18551.25,18568.50,1228
2026-02-11 10:27:00,18568.50,18574.00,18551.75,18556.75,818
2026-02-11 10:28:00,18556.75,18564.00,18551.25,18552.00,432
2026-02-11 10:29:00,18552.00,18562.75,18544.75,18561.25,1415
2026-02-11 10:30:00,18561.25,18565.25,18558.25,18561.50,618
2026-02-11 10:31:00,18561.50,18563.25,18540.75,18548.00,1153
2026-02-11 10:32:00,18548.00,18558.75,18545.75,18558.25,454
2026-02-11 10:33:00,18558.25,18559.75,18553.25,18557.25,360
2026-02-11 10:34:00,18557.25,18578.00,18547.00,18570.50,1096
2026-02-11 10:35:00,18570.50,18572.75,18565.00,18568.50,723
2026-02-11 10:36:00,18568.50,18573.50,18551.25,18556.00,1301
2026-02-11 10:37:00,18556.00,18560.75,18554.50,18557.50,646
2026-02-11 10:38:00,18557.50,18562.50,18553.25,18557.75,1494
2026-02-11 10:39:00,18557.75,18558.25,18540.00,18547.50,887
2026-02-11 10:40:00,18547.50,18556.75,18547.00,18553.00,1405
2026-02-11 10:41:00,18553.00,18558.00,18544.25,18549.25,1497
2026-02-11 10:42:00,18549.25,18569.50,18540.50,18567.75,1485
2026-02-11 10:43:00,18567.75,18570.50,18547.50,18547.50,258
2026-02-11 10:44:00,18547.50,18556.75,18543.75,18556.75,409
2026-02-11 10:45:00,18556.75,18565.75,18555.50,18557.75,1248
2026-02-11 10:46:00,18557.75,18566.75,18549.75,18564.00,928
2026-02-11 10:47:00,18564.00,18567.50,18547.50,18551.25,1432
2026-02-11 10:48:00,18551.25,18558.25,18551.25,18556.00,914
2026-02-11 10:49:00,18556.00,18562.50,18555.75,18558.25,848
2026-02-11 10:50:00,18558.25,18566.25,18549.00,18563.25,874
2026-02-11 10:51:00,18563.25,18567.25,18546.50,18554.25,1316
2026-02-11 10:52:00,18554.25,18574.25,18549.75,18568.25,309
2026-02-11 10:53:00,18568.25,18576.50,18556.50,18560.00,696
2026-02-11 10:54:00,18560.00,18561.50,18537.00,18537.25,1446
2026-02-11 10:55:00,18537.25,18554.25,18530.75,18552.50,791
2026-02-11 10:56:00,18552.50,18560.75,18543.75,18558.50,304
2026-02-11 10:57:00,18558.50,18562.50,18554.00,18555.50,1203
2026-02-11 10:58:00,18555.50,18562.25,18551.25,18560.00,842
2026-02-11 10:59:00,18560.00,18560.50,18559.00,18560.00,901
2026-02-11 11:00:00,18560.00,18563.00,18549.50,18550.25,240
2026-02-11 11:01:00,18550.25,18550.75,18548.25,18550.25,727
2026-02-11 11:02:00,18550.25,18564.50,18538.25,18563.00,518
2026-02-11 11:03:00,18563.00,18564.25,18546.75,18553.50,1099
2026-02-11 11:04:00,18553.50,18566.50,18548.75,18559.50,1392
2026-02-11 11:05:00,18559.50,18562.25,18537.75,18540.75,546
2026-02-11 11:06:00,18540.75,18564.50,18532.75,18563.75,1121
2026-02-11 11:07:00,18563.75,18564.50,18550.25,18552.25,376
2026-02-11 11:08:00,18552.25,18570.00,18551.25,18564.50,597
2026-02-11 11:09:00,18564.50,18574.00,18563.50,18565.50,1455
2026-02-11 11:10:00,18565.50,18568.25,18554.50,18556.00,696
2026-02-11 11:11:00,18556.00,18571.00,18554.50,18564.25,1313
2026-02-11 11:12:00,18564.25,18568.50,18555.75,18559.75,1173
2026-02-11 11:13:00,18559.75,18564.00,18550.25,18555.50,1327
2026-02-11 11:14:00,18555.50,18557.50,18546.50,18554.50,953
2026-02-11 11:15:00,18554.50,18566.25,18550.00,18565.50,382
2026-02-11 11:16:00,18565.50,18570.75,18552.75,18554.25,711
2026-02-11 11:17:00,18554.25,18583.25,18554.00,18575.75,1233
2026-02-11 11:18:00,18575.75,18576.50,18546.50,18553.00,1332
2026-02-11 11:19:00,18553.00,18577.50,18552.00,18577.00,654
2026-02-11 11:20:00,18577.00,18581.50,18565.25,18568.75,341
2026-02-11 11:21:00,18568.75,18569.00,18550.25,18555.50,1362
2026-02-11 11:22:00,18555.50,18570.75,18550.75,18567.25,413
2026-02-11 11:23:00,18567.25,18573.00,18548.75,18552.00,679
2026-02-11 11:24:00,18552.00,18566.75,18548.50,18558.50,622
2026-02-11 11:25:00,18558.50,18561.75,18554.25,18557.75,315
2026-02-11 11:26:00,18557.75,18565.50,18552.00,18554.00,844
2026-02-11 11:27:00,18554.00,18565.25,18553.00,18559.50,1493
2026-02-11 11:28:00,18559.50,18569.50,18559.00,18565.25,770
2026-02-11 11:29:00,18565.25,18576.00,18558.75,18571.00,422
2026-02-11 11:30:00,18571.00,18573.00,18556.50,18557.25,490
2026-02-11 11:31:00,18557.25,18565.50,18553.25,18554.00,365
2026-02-11 11:32:00,18554.00,18556.50,18552.75,18553.25,1089
2026-02-11 11:33:00,18553.25,18570.75,18549.50,18567.25,734
2026-02-11 11:34:00,18567.25,18571.00,18560.00,18566.50,461
2026-02-11 11:35:00,18566.50,18569.50,18563.50,18566.50,427
2026-02-11 11:36:00,18566.50,18570.75,18555.25,18560.25,1414
2026-02-11 11:37:00,18560.25,18563.25,18555.75,18557.00,720
2026-02-11 11:38:00,18557.00,18560.25,18556.25,18556.25,696
2026-02-11 11:39:00,18556.25,18562.00,18549.25,18560.50,1199
2026-02-11 11:40:00,18560.50,18571.75,18556.25,18567.75,343
2026-02-11 11:41:00,18567.75,18579.50,18556.50,18557.50,469
2026-02-11 11:42:00,18557.50,18573.00,18552.25,18565.50,1028
2026-02-11 11:43:00,18565.50,18572.25,18554.75,18560.00,908
2026-02-11 11:44:00,18560.00,18579.75,18553.00,18571.75,324
2026-02-11 11:45:00,18571.75,18576.75,18562.50,18569.75,829
2026-02-11 11:46:00,18569.75,18576.00,18560.25,18564.25,1416
2026-02-11 11:47:00,18564.25,18574.25,18561.50,18564.25,570
2026-02-11 11:48:00,18564.25,18567.00,18551.00,18559.00,486
2026-02-11 11:49:00,18559.00,18565.25,18550.50,18553.25,942
2026-02-11 11:50:00,18553.25,18567.25,18552.00,18565.75,850
2026-02-11 11:51:00,18565.75,18573.00,18560.00,18562.75,1167
2026-02-11 11:52:00,18562.75,18571.50,18558.00,18567.75,780
2026-02-11 11:53:00,18567.75,18571.75,18554.75,18564.50,770
2026-02-11 11:54:00,18564.50,18568.50,18560.75,18565.50,1022
2026-02-11 11:55:00,18565.50,18568.25,18552.50,18561.75,1057
2026-02-11 11:56:00,18561.75,18567.25,18547.25,18551.25,1005
2026-02-11 11:57:00,18551.25,18570.00,18550.25,18567.00,339
2026-02-11 11:58:00,18567.00,18568.00,18553.50,18554.00,1265
2026-02-11 11:59:00,18554.00,18583.75,18552.25,18575.25,641
2026-02-11 12:00:00,18575.25,18581.00,18554.75,18556.00,529
2026-02-11 12:01:00,18556.00,18572.25,18551.75,18561.50,1169
2026-02-11 12:02:00,18561.50,18564.25,18550.00,18556.00,1045
2026-02-11 12:03:00,18556.00,18560.75,18552.75,18556.25,939
2026-02-11 12:04:00,18556.25,18561.00,18552.50,18555.50,1346
2026-02-11 12:05:00,18555.50,18564.25,18554.00,18563.25,222
2026-02-11 12:06:00,18563.25,18564.00,18549.75,18553.50,892
2026-02-11 12:07:00,18553.50,18566.00,18549.50,18557.75,836
2026-02-11 12:08:00,18557.75,18567.00,18555.00,18563.75,1420
2026-02-11 12:09:00,18563.75,18567.25,18541.50,18547.50,1055
2026-02-11 12:10:00,18547.50,18566.75,18546.25,18559.50,1275
2026-02-11 12:11:00,18559.50,18580.25,18558.00,18577.25,558
2026-02-11 12:12:00,18577.25,18580.75,18547.00,18552.75,552
2026-02-11 12:13:00,18552.75,18563.75,18545.75,18561.50,370
2026-02-11 12:14:00,18561.50,18568.75,18557.75,18566.00,800
2026-02-11 12:15:00,18566.00,18576.25,18563.50,18571.25,807
2026-02-11 12:16:00,18571.25,18572.50,18564.75,18566.75,325
2026-02-11 12:17:00,18566.75,18568.50,18545.25,18551.75,1193
2026-02-11 12:18:00,18551.75,18559.00,18548.00,18551.00,490
2026-02-11 12:19:00,18551.00,18554.75,18547.25,18551.50,280
2026-02-11 12:20:00,18551.50,18575.75,18548.25,18571.00,562
2026-02-11 12:21:00,18571.00,18575.00,18545.25,18556.50,927
2026-02-11 12:22:00,18556.50,18557.25,18555.75,18556.75,1017
2026-02-11 12:23:00,18556.75,18570.50,18554.25,18559.25,1438
2026-02-11 12:24:00,18559.25,18574.25,18556.50,18573.75,753
2026-02-11 12:25:00,18573.75,18574.25,18557.25,18559.50,1046
2026-02-11 12:26:00,18559.50,18568.25,18544.75,18546.75,768
2026-02-11 12:27:00,18546.75,18570.00,18546.25,18568.25,200
2026-02-11 12:28:00,18568.25,18576.75,18549.00,18550.50,1388
2026-02-11 12:29:00,18550.50,18573.50,18543.25,18568.00,752
2026-02-11 12:30:00,18568.00,18573.00,18563.75,18568.25,750
2026-02-11 12:31:00,18568.25,18581.00,18561.50,18569.00,653
2026-02-11 12:32:00,18569.00,18569.75,18557.75,18560.75,920
2026-02-11 12:33:00,18560.75,18560.75,18550.00,18551.00,1402
2026-02-11 12:34:00,18551.00,18560.75,18542.75,18559.75,765
2026-02-11 12:35:00,18559.75,18566.75,18555.75,18563.00,868
2026-02-11 12:36:00,18563.00,18573.00,18558.25,18570.50,632
2026-02-11 12:37:00,18570.50,18572.25,18546.75,18554.25,870
2026-02-11 12:38:00,18554.25,18569.00,18551.75,18567.25,524
2026-02-11 12:39:00,18567.25,18577.25,18549.50,18556.00,1226
2026-02-11 12:40:00,18556.00,18573.50,18555.50,18570.00,829
2026-02-11 12:41:00,18570.00,18574.75,18556.25,18566.00,363
2026-02-11 12:42:00,18566.00,18576.50,18565.25,18574.25,633
2026-02-11 12:43:00,18574.25,18574.50,18552.25,18554.50,1040
2026-02-11 12:44:00,18554.50,18565.00,18552.50,18560.00,1294
2026-02-11 12:45:00,18560.00,18560.50,18541.00,18547.50,1309
2026-02-11 12:46:00,18547.50,18568.25,18537.75,18559.25,689
2026-02-11 12:47:00,18559.25,18562.50,18546.75,18551.50,857
2026-02-11 12:48:00,18551.50,18578.25,18551.25,18577.00,1264
2026-02-11 12:49:00,18577.00,18583.25,18551.75,18556.50,782
2026-02-11 12:50:00,18556.50,18558.25,18547.50,18555.25,508
2026-02-11 12:51:00,18555.25,18569.25,18548.75,18563.25,952
2026-02-11 12:52:00,18563.25,18573.25,18556.75,18572.25,804
2026-02-11 12:53:00,18572.25,18573.25,18553.00,18558.00,1082
2026-02-11 12:54:00,18558.00,18559.50,18543.25,18543.50,1150
2026-02-11 12:55:00,18543.50,18564.25,18542.75,18562.00,634
2026-02-11 12:56:00,18562.00,18573.00,18561.75,18568.25,225
2026-02-11 12:57:00,18568.25,18571.25,18557.00,18557.25,582
2026-02-11 12:58:00,18557.25,18574.25,18555.00,18567.25,1130
2026-02-11 12:59:00,18567.25,18574.25,18566.50,18567.25,1430
2026-02-11 13:00:00,18567.25,18571.25,18556.00,18557.75,553
2026-02-11 13:01:00,18557.75,18559.25,18556.75,18558.75,415
2026-02-11 13:02:00,18558.75,18562.75,18549.25,18561.75,442
2026-02-11 13:03:00,18561.75,18568.75,18556.75,18557.50,221
2026-02-11 13:04:00,18557.50,18575.25,18551.75,18570.50,208
2026-02-11 13:05:00,18570.50,18576.75,18545.25,18554.00,942
2026-02-11 13:06:00,18554.00,18568.00,18551.75,18566.00,1429
2026-02-11 13:07:00,18566.00,18575.25,18566.00,18569.00,381
2026-02-11 13:08:00,18569.00,18570.50,18558.50,18563.50,1294
2026-02-11 13:09:00,18563.50,18570.75,18545.00,18550.00,1419
2026-02-11 13:10:00,18550.00,18561.25,18546.75,18556.25,243
2026-02-11 13:11:00,18556.25,18565.25,18553.50,18562.75,1108
2026-02-11 13:12:00,18562.75,18563.50,18551.50,18553.00,644
2026-02-11 13:13:00,18553.00,18565.50,18549.00,18561.50,1167
2026-02-11 13:14:00,18561.50,18561.75,18544.00,18551.75,1375
2026-02-11 13:15:00,18551.75,18572.50,18550.00,18569.50,427
2026-02-11 13:16:00,18569.50,18569.75,18557.50,18562.75,1408
2026-02-11 13:17:00,18562.75,18577.50,18559.75,18575.50,456
2026-02-11 13:18:00,18575.50,18575.75,18566.75,18570.25,537
2026-02-11 13:19:00,18570.25,18570.75,18556.25,18556.50,947
2026-02-11 13:20:00,18556.50,18559.00,18552.50,18557.75,490
2026-02-11 13:21:00,18557.75,18563.50,18550.75,18553.50,1191
2026-02-11 13:22:00,18553.50,18558.00,18551.50,18556.75,755
2026-02-11 13:23:00,18556.75,18578.50,18550.00,18577.50,1255
2026-02-11 13:24:00,18577.50,18582.75,18562.50,18567.00,716
2026-02-11 13:25:00,18567.00,18569.25,18565.00,18568.25,204
2026-02-11 13:26:00,18568.25,18571.75,18559.25,18559.75,956
2026-02-11 13:27:00,18559.75,18569.25,18541.50,18547.50,1456
2026-02-11 13:28:00,18547.50,18568.50,18545.75,18563.00,605
2026-02-11 13:29:00,18563.00,18564.00,18550.75,18557.25,394
2026-02-11 13:30:00,18557.25,18560.25,18551.50,18557.75,1396
2026-02-11 13:31:00,18557.75,18572.00,18556.25,18570.50,704
2026-02-11 13:32:00,18570.50,18576.75,18559.50,18565.00,278
2026-02-11 13:33:00,18565.00,18578.00,18563.00,18577.00,552
2026-02-11 13:34:00,18577.00,18587.00,18567.50,18572.25,763
2026-02-11 13:35:00,18572.25,18575.25,18562.75,18565.00,389
2026-02-11 13:36:00,18565.00,18566.50,18562.25,18564.50,691
2026-02-11 13:37:00,18564.50,18567.50,18562.75,18565.50,1186
2026-02-11 13:38:00,18565.50,18566.75,18558.75,18561.75,624
2026-02-11 13:39:00,18561.75,18564.50,18545.00,18549.25,222
2026-02-11 13:40:00,18549.25,18575.75,18543.25,18567.50,1426
2026-02-11 13:41:00,18567.50,18567.75,18548.50,18554.00,1366
2026-02-11 13:42:00,18554.00,18579.00,18552.25,18571.25,1120
2026-02-11 13:43:00,18571.25,18572.00,18564.25,18564.50,622
2026-02-11 13:44:00,18564.50,18571.00,18559.75,18561.25,298
2026-02-11 13:45:00,18561.25,18565.00,18549.75,18554.00,1212
2026-02-11 13:46:00,18554.00,18577.50,18552.75,18569.75,221
2026-02-11 13:47:00,18569.75,18571.00,18564.25,18569.75,506
2026-02-11 13:48:00,18569.75,18581.00,18567.50,18576.75,284
2026-02-11 13:49:00,18576.75,18577.00,18571.25,18572.50,501
2026-02-11 13:50:00,18572.50,18579.75,18551.75,18561.50,298
2026-02-11 13:51:00,18561.50,18562.50,18555.00,18556.75,547
2026-02-11 13:52:00,18556.75,18566.50,18553.25,18562.25,627
2026-02-11 13:53:00,18562.25,18568.50,18560.50,18567.50,1413
2026-02-11 13:54:00,18567.50,18571.75,18552.50,18555.25,1187
2026-02-11 13:55:00,18555.25,18572.25,18554.75,18570.75,1430
2026-02-11 13:56:00,18570.75,18570.75,18556.50,18557.25,322
2026-02-11 13:57:00,18557.25,18575.25,18552.75,18568.75,923
2026-02-11 13:58:00,18568.75,18573.75,18553.25,18555.25,225
2026-02-11 13:59:00,18555.25,18567.00,18547.75,18566.00,1129
2026-02-11 14:00:00,18566.00,18582.50,18556.75,18568.50,869
2026-02-11 14:01:00,18568.50,18569.75,18557.50,18561.50,342
2026-02-11 14:02:00,18561.50,18562.00,18534.25,18542.50,764
2026-02-11 14:03:00,18542.50,18566.00,18539.00,18562.50,1017
2026-02-11 14:04:00,18562.50,18564.00,18548.25,18550.50,1042
2026-02-11 14:05:00,18550.50,18573.75,18546.75,18573.00,242
2026-02-11 14:06:00,18573.00,18573.25,18553.75,18555.50,430
2026-02-11 14:07:00,18555.50,18573.00,18554.00,18572.50,305
2026-02-11 14:08:00,18572.50,18574.00,18557.00,18557.00,335
2026-02-11 14:09:00,18557.00,18575.75,18551.00,18573.25,642
2026-02-11 14:10:00,18573.25,18575.75,18554.75,18560.75,452
2026-02-11 14:11:00,18560.75,18577.25,18550.50,18568.25,1192
2026-02-11 14:12:00,18568.25,18582.25,18559.25,18577.75,486
2026-02-11 14:13:00,18577.75,18583.75,18576.00,18581.00,478
2026-02-11 14:14:00,18581.00,18581.50,18561.25,18567.00,1469
2026-02-11 14:15:00,18567.00,18567.25,18561.50,18564.00,1110
2026-02-11 14:16:00,18564.00,18564.25,18558.75,18561.50,1366
2026-02-11 14:17:00,18561.50,18565.75,18551.00,18554.25,1101
2026-02-11 14:18:00,18554.25,18572.50,18547.75,18563.50,1451
2026-02-11 14:19:00,18563.50,18568.50,18549.50,18552.75,1330
2026-02-11 14:20:00,18552.75,18560.50,18548.50,18557.25,221
2026-02-11 14:21:00,18557.25,18578.25,18556.25,18565.25,860
2026-02-11 14:22:00,18565.25,18567.25,18560.75,18563.00,351
2026-02-11 14:23:00,18563.00,18575.50,18552.00,18556.75,275
2026-02-11 14:24:00,18556.75,18575.75,18556.00,18575.00,249
2026-02-11 14:25:00,18575.00,18583.25,18570.25,18571.25,1064
2026-02-11 14:26:00,18571.25,18579.75,18555.25,18555.25,646
2026-02-11 14:27:00,18555.25,18570.75,18552.00,18570.75,566
2026-02-11 14:28:00,18570.75,18577.50,18568.00,18573.25,974
2026-02-11 14:29:00,18573.25,18579.00,18569.25,18574.50,1066
2026-02-11 14:30:00,18574.50,18576.50,18551.50,18553.50,572
2026-02-11 14:31:00,18553.50,18579.00,18542.25,18567.50,389
2026-02-11 14:32:00,18567.50,18573.25,18565.75,18566.00,895
2026-02-11 14:33:00,18566.00,18571.50,18556.50,18560.75,466
2026-02-11 14:34:00,18560.75,18570.00,18555.25,18568.25,562
2026-02-11 14:35:00,18568.25,18576.50,18549.00,18549.50,1224
2026-02-11 14:36:00,18549.50,18559.50,18546.75,18558.25,493
2026-02-11 14:37:00,18558.25,18580.25,18547.50,18575.50,1362
2026-02-11 14:38:00,18575.50,18581.00,18568.00,18569.25,1185
2026-02-11 14:39:00,18569.25,18572.75,18555.50,18560.25,1401
2026-02-11 14:40:00,18560.25,18567.75,18553.50,18563.00,840
2026-02-11 14:41:00,18563.00,18570.00,18561.50,18568.00,1094
2026-02-11 14:42:00,18568.00,18575.00,18558.50,18560.00,380
2026-02-11 14:43:00,18560.00,18572.75,18559.75,18568.50,321
2026-02-11 14:44:00,18568.50,18582.50,18566.25,18580.00,1050
2026-02-11 14:45:00,18580.00,18583.25,18576.25,18582.25,956
2026-02-11 14:46:00,18582.25,18582.75,18559.50,18563.00,735
2026-02-11 14:47:00,18563.00,18569.75,18559.25,18568.75,845
2026-02-11 14:48:00,18568.75,18572.50,18568.50,18568.75,376
2026-02-11 14:49:00,18568.75,18575.25,18562.75,18564.25,823
2026-02-11 14:50:00,18564.25,18567.00,18563.00,18563.25,233
2026-02-11 14:51:00,18563.25,18576.50,18563.00,18576.25,289
2026-02-11 14:52:00,18576.25,18581.75,18571.75,18576.25,1459
2026-02-11 14:53:00,18576.25,18584.25,18574.25,18574.25,342
2026-02-11 14:54:00,18574.25,18577.00,18553.50,18553.50,466
2026-02-11 14:55:00,18553.50,18576.25,18551.75,18571.25,1497
2026-02-11 14:56:00,18571.25,18594.25,18569.00,18587.25,520
2026-02-11 14:57:00,18587.25,18588.50,18563.75,18570.75,947
2026-02-11 14:58:00,18570.75,18580.25,18568.50,18580.25,1491
2026-02-11 14:59:00,18580.25,18587.25,18564.50,18567.00,475
2026-02-11 15:00:00,18567.00,18571.75,18561.25,18563.75,274
2026-02-11 15:01:00,18563.75,18571.75,18560.50,18564.25,214
2026-02-11 15:02:00,18564.25,18571.00,18558.75,18565.50,1023
2026-02-11 15:03:00,18565.50,18591.50,18560.75,18585.50,319
2026-02-11 15:04:00,18585.50,18588.00,18558.25,18562.50,399
2026-02-11 15:05:00,18562.50,18577.25,18554.50,18574.50,1289
2026-02-11 15:06:00,18574.50,18581.75,18554.00,18562.75,1102
2026-02-11 15:07:00,18562.75,18576.25,18562.00,18573.75,418
2026-02-11 15:08:00,18573.75,18575.00,18563.25,18565.25,1473
2026-02-11 15:09:00,18565.25,18567.50,18550.00,18557.00,1333
2026-02-11 15:10:00,18557.00,18570.25,18555.25,18568.00,573
2026-02-11 15:11:00,18568.00,18568.75,18561.50,18567.75,1041
2026-02-11 15:12:00,18567.75,18569.25,18562.00,18564.50,1262
2026-02-11 15:13:00,18564.50,18567.50,18544.00,18551.75,818
2026-02-11 15:14:00,18551.75,18562.00,18551.50,18559.50,1329
2026-02-11 15:15:00,18559.50,18578.00,18557.50,18565.75,712
2026-02-11 15:16:00,18565.75,18567.25,18553.50,18560.50,746
2026-02-11 15:17:00,18560.50,18577.50,18556.50,18572.25,1318
2026-02-11 15:18:00,18572.25,18577.00,18570.25,18571.00,1206
2026-02-11 15:19:00,18571.00,18574.50,18561.50,18561.50,1410
2026-02-11 15:20:00,18561.50,18562.00,18550.75,18559.00,440
2026-02-11 15:21:00,18559.00,18567.50,18558.50,18567.25,913
2026-02-11 15:22:00,18567.25,18568.50,18564.25,18565.00,590
2026-02-11 15:23:00,18565.00,18593.75,18564.00,18588.75,948
2026-02-11 15:24:00,18588.75,18589.00,18558.75,18566.00,651
2026-02-11 15:25:00,18566.00,18576.25,18564.25,18567.75,509
2026-02-11 15:26:00,18567.75,18580.50,18567.50,18580.00,992
2026-02-11 15:27:00,18580.00,18582.75,18546.75,18556.00,1254
2026-02-11 15:28:00,18556.00,18570.50,18554.25,18566.00,589
2026-02-11 15:29:00,18566.00,18569.00,18558.50,18562.25,1148
2026-02-11 15:30:00,18562.25,18566.75,18558.25,18563.25,742
2026-02-11 15:31:00,18563.25,18566.25,18547.25,18557.00,306
2026-02-11 15:32:00,18557.00,18569.25,18556.00,18566.00,872
2026-02-11 15:33:00,18566.00,18570.75,18564.25,18569.50,223
2026-02-11 15:34:00,18569.50,18572.00,18550.25,18551.75,302
2026-02-11 15:35:00,18551.75,18577.25,18548.75,18570.75,1307
2026-02-11 15:36:00,18570.75,18573.50,18562.00,18566.50,1224
2026-02-11 15:37:00,18566.50,18568.00,18561.25,18565.50,1063
2026-02-11 15:38:00,18565.50,18570.75,18547.00,18550.00,1397
2026-02-11 15:39:00,18550.00,18576.25,18549.25,18574.75,1440
2026-02-11 15:40:00,18574.75,18575.25,18562.00,18568.75,1067
2026-02-11 15:41:00,18568.75,18569.75,18561.25,18568.75,234
2026-02-11 15:42:00,18568.75,18569.25,18564.75,18565.50,539
2026-02-11 15:43:00,18565.50,18582.75,18560.00,18576.50,729
2026-02-11 15:44:00,18576.50,18578.50,18554.50,18561.25,517
2026-02-11 15:45:00,18561.25,18580.00,18559.50,18574.75,1461
2026-02-11 15:46:00,18574.75,18577.50,18565.00,18569.75,512
2026-02-11 15:47:00,18569.75,18572.00,18568.50,18571.50,1097
2026-02-11 15:48:00,18571.50,18584.50,18569.25,18578.50,288
2026-02-11 15:49:00,18578.50,18579.00,18567.75,18569.00,933
2026-02-11 15:50:00,18569.00,18580.50,18566.25,18576.00,1283
2026-02-11 15:51:00,18576.00,18577.00,18566.50,18569.25,1465
2026-02-11 15:52:00,18569.25,18575.25,18558.75,18569.50,625
2026-02-11 15:53:00,18569.50,18576.75,18564.00,18572.50,972
2026-02-11 15:54:00,18572.50,18575.25,18553.75,18557.00,293
2026-02-11 15:55:00,18557.00,18570.00,18554.00,18566.75,1249
2026-02-11 15:56:00,18566.75,18579.25,18563.25,18577.50,962
2026-02-11 15:57:00,18577.50,18579.75,18559.00,18567.50,995
2026-02-11 15:58:00,18567.50,18567.75,18563.00,18567.00,321
2026-02-11 15:59:00,18567.00,18569.75,18561.75,18565.50,1273
2026-02-12 08:00:00,18679.75,18688.75,18678.75,18684.50,1349
2026-02-12 08:01:00,18684.50,18687.25,18671.75,18673.00,572
2026-02-12 08:02:00,18673.00,18690.75,18672.00,18684.00,578
2026-02-12 08:03:00,18684.00,18684.75,18671.25,18673.00,858
2026-02-12 08:04:00,18673.00,18681.75,18669.75,18681.75,246
2026-02-12 08:05:00,18681.75,18688.75,18679.00,18687.25,442
2026-02-12 08:06:00,18687.25,18689.50,18686.00,18687.50,654
2026-02-12 08:07:00,18687.50,18691.25,18670.50,18672.25,413
2026-02-12 08:08:00,18672.25,18679.75,18670.00,18679.25,1440
2026-02-12 08:09:00,18679.25,18681.75,18675.25,18678.50,1443
2026-02-12 08:10:00,18678.50,18688.50,18676.75,18687.50,906
2026-02-12 08:11:00,18687.50,18691.00,18674.75,18676.75,309
2026-02-12 08:12:00,18676.75,18687.00,18676.25,18684.50,914
2026-02-12 08:13:00,18684.50,18688.50,18677.50,18677.50,1210
2026-02-12 08:14:00,18677.50,18688.25,18672.25,18687.50,585
2026-02-12 08:15:00,18687.50,18691.25,18676.75,18677.75,1041
2026-02-12 08:16:00,18677.75,18690.00,18673.25,18687.00,1107
2026-02-12 08:17:00,18687.00,18688.00,18677.50,18678.75,683
2026-02-12 08:18:00,18678.75,18680.75,18670.00,18674.25,665
2026-02-12 08:19:00,18674.25,18693.00,18665.00,18688.25,802
2026-02-12 08:20:00,18688.25,18689.75,18670.75,18675.25,636
2026-02-12 08:21:00,18675.25,18676.25,18669.00,18669.75,967
2026-02-12 08:22:00,18669.75,18682.25,18666.50,18681.50,528
2026-02-12 08:23:00,18681.50,18691.50,18672.00,18685.00,1380
2026-02-12 08:24:00,18685.00,18685.50,18674.50,18676.00,984
2026-02-12 08:25:00,18676.00,18682.75,18672.75,18678.50,313
2026-02-12 08:26:00,18678.50,18686.50,18677.75,18680.75,1345
2026-02-12 08:27:00,18680.75,18681.00,18677.00,18677.25,904
2026-02-12 08:28:00,18677.25,18682.50,18673.50,18680.50,530
2026-02-12 08:29:00,18680.50,18695.00,18679.50,18687.50,1261
2026-02-12 08:30:00,18687.50,18691.50,18673.25,18679.00,267
2026-02-12 08:31:00,18679.00,18682.25,18677.25,18680.50,1370
2026-02-12 08:32:00,18680.50,18687.00,18679.00,18686.50,1017
2026-02-12 08:33:00,18686.50,18692.25,18669.25,18670.25,1492
2026-02-12 08:34:00,18670.25,18679.25,18667.25,18674.75,931
2026-02-12 08:35:00,18674.75,18683.25,18673.00,18681.00,1067
2026-02-12 08:36:00,18681.00,18691.00,18676.75,18677.00,1044
2026-02-12 08:37:00,18677.00,18687.25,18669.75,18680.00,1133
2026-02-12 08:38:00,18680.00,18691.75,18674.75,18691.00,1103
2026-02-12 08:39:00,18691.00,18694.25,18670.75,18673.25,281
2026-02-12 08:40:00,18673.25,18686.75,18668.25,18678.50,1428
2026-02-12 08:41:00,18678.50,18679.25,18671.50,18674.25,1078
2026-02-12 08:42:00,18674.25,18676.00,18673.25,18674.50,987
2026-02-12 08:43:00,18674.50,18683.75,18672.50,18681.75,1062
2026-02-12 08:44:00,18681.75,18686.75,18668.25,18669.25,1137
2026-02-12 08:45:00,18669.25,18687.00,18669.00,18682.00,895
2026-02-12 08:46:00,18682.00,18688.75,18680.25,18683.75,480
2026-02-12 08:47:00,18683.75,18685.50,18676.50,18677.75,989
2026-02-12 08:48:00,18677.75,18695.75,18675.50,18693.00,668
2026-02-12 08:49:00,18693.00,18698.00,18691.00,18692.50,437
2026-02-12 08:50:00,18692.50,18692.75,18683.50,18688.50,1304
2026-02-12 08:51:00,18688.50,18689.75,18679.50,18684.00,248
2026-02-12 08:52:00,18684.00,18688.25,18660.75,18668.25,1194
2026-02-12 08:53:00,18668.25,18671.75,18663.50,18670.25,840
2026-02-12 08:54:00,18670.25,18682.25,18669.00,18680.50,629
2026-02-12 08:55:00,18680.50,18681.50,18668.25,18673.25,543
2026-02-12 08:56:00,18673.25,18681.25,18671.25,18675.25,611
2026-02-12 08:57:00,18675.25,18678.00,18669.00,18676.75,787
2026-02-12 08:58:00,18676.75,18678.00,18674.25,18675.00,939
2026-02-12 08:59:00,18675.00,18682.50,18672.00,18673.00,373
2026-02-12 09:00:00,18673.00,18691.25,18667.00,18689.75,1186
2026-02-12 09:01:00,18689.75,18691.00,18682.25,18684.00,804
2026-02-12 09:02:00,18684.00,18687.75,18679.75,18685.75,748
2026-02-12 09:03:00,18685.75,18687.75,18671.25,18677.50,1335
2026-02-12 09:04:00,18677.50,18687.50,18677.00,18686.50,443
2026-02-12 09:05:00,18686.50,18689.25,18673.00,18674.25,377
2026-02-12 09:06:00,18674.25,18684.25,18672.75,18680.00,1149
2026-02-12 09:07:00,18680.00,18696.25,18677.25,18689.75,498
2026-02-12 09:08:00,18689.75,18691.25,18688.75,18690.25,922
2026-02-12 09:09:00,18690.25,18690.50,18675.50,18676.50,1435
2026-02-12 09:10:00,18676.50,18691.00,18673.00,18690.50,545
2026-02-12 09:11:00,18690.50,18694.75,18678.25,18680.25,806
2026-02-12 09:12:00,18680.25,18688.75,18677.75,18685.25,1117
2026-02-12 09:13:00,18685.25,18689.00,18680.50,18682.00,350
2026-02-12 09:14:00,18682.00,18682.75,18677.50,18681.75,1465
2026-02-12 09:15:00,18681.75,18685.75,18668.25,18672.50,1207
2026-02-12 09:16:00,18672.50,18684.25,18669.75,18680.50,1290
2026-02-12 09:17:00,18680.50,18682.00,18670.00,18676.25,367
2026-02-12 09:18:00,18676.25,18696.50,18667.00,18691.75,1125
2026-02-12 09:19:00,18691.75,18695.25,18672.00,18676.75,773
2026-02-12 09:20:00,18676.75,18692.25,18675.75,18691.00,704
2026-02-12 09:21:00,18691.00,18697.00,18686.50,18688.75,812
2026-02-12 09:22:00,18688.75,18698.50,18675.75,18676.75,1306
2026-02-12 09:23:00,18676.75,18677.25,18666.75,18671.25,1112
2026-02-12 09:24:00,18671.25,18681.50,18670.50,18679.75,1216
2026-02-12 09:25:00,18679.75,18688.75,18673.50,18683.50,263
2026-02-12 09:26:00,18683.50,18690.25,18679.00,18684.25,1371
2026-02-12 09:27:00,18684.25,18686.50,18681.25,18682.75,1178
2026-02-12 09:28:00,18682.75,18683.00,18670.50,18673.50,610
2026-02-12 09:29:00,18673.50,18681.75,18672.50,18675.50,738
2026-02-12 09:30:00,18675.50,18699.75,18672.75,18696.25,263
2026-02-12 09:31:00,18696.25,18700.75,18693.25,18693.50,306
2026-02-12 09:32:00,18693.50,18701.00,18683.50,18688.75,729
2026-02-12 09:33:00,18688.75,18706.25,18686.50,18703.75,547
2026-02-12 09:34:00,18703.75,18716.25,18697.50,18714.75,568
2026-02-12 09:35:00,18714.75,18715.00,18705.50,18707.00,1300
2026-02-12 09:36:00,18707.00,18707.25,18705.75,18707.25,570
2026-02-12 09:37:00,18707.25,18708.00,18703.00,18703.50,1347
2026-02-12 09:38:00,18703.50,18704.00,18685.75,18686.50,476
2026-02-12 09:39:00,18686.50,18694.00,18685.00,18692.75,1004
2026-02-12 09:40:00,18692.75,18693.00,18676.25,18676.25,1480
2026-02-12 09:41:00,18676.25,18677.00,18673.75,18674.00,291
2026-02-12 09:42:00,18674.00,18676.75,18659.00,18659.75,1299
2026-02-12 09:43:00,18659.75,18662.25,18652.50,18653.75,421
2026-02-12 09:44:00,18653.75,18654.75,18649.25,18649.25,1190
2026-02-12 09:45:00,18649.25,18667.75,18648.75,18660.00,773
2026-02-12 09:46:00,18660.00,18669.00,18656.50,18668.00,968
2026-02-12 09:47:00,18668.00,18688.25,18667.75,18685.25,863
2026-02-12 09:48:00,18685.25,18685.25,18677.75,18681.25,1025
2026-02-12 09:49:00,18681.25,18701.75,18675.50,18698.00,994
2026-02-12 09:50:00,18698.00,18705.75,18698.00,18705.25,374
2026-02-12 09:51:00,18705.25,18706.00,18682.75,18686.50,1362
2026-02-12 09:52:00,18686.50,18689.75,18683.25,18686.50,398
2026-02-12 09:53:00,18686.50,18686.50,18656.50,18663.50,515
2026-02-12 09:54:00,18663.50,18690.75,18660.50,18690.50,869
2026-02-12 09:55:00,18690.50,18696.00,18651.00,18660.75,618
2026-02-12 09:56:00,18660.75,18677.50,18644.50,18672.50,910
2026-02-12 09:57:00,18672.50,18687.75,18640.00,18646.75,563
2026-02-12 09:58:00,18646.75,18656.25,18638.50,18653.75,339
2026-02-12 09:59:00,18653.75,18654.75,18631.25,18635.25,253
2026-02-12 10:00:00,18635.25,18637.00,18616.00,18630.00,772
2026-02-12 10:01:00,18630.00,18637.00,18626.00,18629.00,356
2026-02-12 10:02:00,18629.00,18643.25,18623.25,18632.50,706
2026-02-12 10:03:00,18632.50,18639.25,18608.00,18608.50,675
2026-02-12 10:04:00,18608.50,18613.25,18604.75,18608.00,591
2026-02-12 10:05:00,18608.00,18617.00,18603.25,18616.00,319
2026-02-12 10:06:00,18616.00,18619.50,18586.75,18590.75,1355
2026-02-12 10:07:00,18590.75,18606.75,18579.50,18595.25,962
2026-02-12 10:08:00,18595.25,18601.75,18577.25,18578.50,407
2026-02-12 10:09:00,18578.50,18591.25,18574.25,18590.75,1330
2026-02-12 10:10:00,18590.75,18594.50,18567.75,18569.25,816
2026-02-12 10:11:00,18569.25,18581.00,18543.50,18544.75,966
2026-02-12 10:12:00,18544.75,18563.25,18541.00,18557.00,1257
2026-02-12 10:13:00,18557.00,18560.75,18548.25,18548.25,1187
2026-02-12 10:14:00,18548.25,18561.00,18547.50,18554.75,942
2026-02-12 10:15:00,18554.75,18565.50,18552.75,18560.50,202
2026-02-12 10:16:00,18560.50,18567.25,18554.75,18558.75,1283
2026-02-12 10:17:00,18558.75,18571.75,18557.50,18568.75,1008
2026-02-12 10:18:00,18568.75,18572.00,18547.25,18549.50,532
2026-02-12 10:19:00,18549.50,18555.25,18549.00,18554.25,298
2026-02-12 10:20:00,18554.25,18570.75,18553.00,18567.25,1438
2026-02-12 10:21:00,18567.25,18573.00,18544.50,18549.50,457
2026-02-12 10:22:00,18549.50,18574.25,18544.00,18571.50,1122
2026-02-12 10:23:00,18571.50,18578.75,18554.50,18556.75,1082
2026-02-12 10:24:00,18556.75,18563.00,18553.25,18561.25,893
2026-02-12 10:25:00,18561.25,18562.25,18548.25,18549.50,435
2026-02-12 10:26:00,18549.50,18564.50,18548.75,18561.75,1485
2026-02-12 10:27:00,18561.75,18569.00,18556.25,18568.75,1293
2026-02-12 10:28:00,18568.75,18571.00,18544.75,18553.00,714
2026-02-12 10:29:00,18553.00,18561.50,18552.50,18559.75,1399
2026-02-12 10:30:00,18559.75,18561.50,18541.00,18546.25,317
2026-02-12 10:31:00,18546.25,18562.00,18537.25,18553.75,1355
2026-02-12 10:32:00,18553.75,18556.50,18553.25,18556.25,241
2026-02-12 10:33:00,18556.25,18563.75,18554.25,18557.75,1401
2026-02-12 10:34:00,18557.75,18561.50,18544.50,18552.50,1313
2026-02-12 10:35:00,18552.50,18577.25,18549.75,18572.75,1189
2026-02-12 10:36:00,18572.75,18577.00,18555.50,18555.50,1341
2026-02-12 10:37:00,18555.50,18557.75,18552.50,18556.00,890
2026-02-12 10:38:00,18556.00,18562.00,18553.25,18560.75,533
2026-02-12 10:39:00,18560.75,18577.25,18554.50,18566.75,1058
2026-02-12 10:40:00,18566.75,18574.00,18546.75,18547.75,724
2026-02-12 10:41:00,18547.75,18561.75,18545.25,18558.25,238
2026-02-12 10:42:00,18558.25,18560.00,18548.50,18553.00,1238
2026-02-12 10:43:00,18553.00,18580.50,18552.25,18578.00,615
2026-02-12 10:44:00,18578.00,18585.00,18564.75,18567.75,986
2026-02-12 10:45:00,18567.75,18569.00,18556.50,18557.25,1323
2026-02-12 10:46:00,18557.25,18562.00,18552.00,18556.50,573
2026-02-12 10:47:00,18556.50,18567.25,18555.00,18565.50,1128
2026-02-12 10:48:00,18565.50,18569.25,18559.00,18561.00,478
2026-02-12 10:49:00,18561.00,18582.00,18560.50,18576.25,932
2026-02-12 10:50:00,18576.25,18578.00,18562.00,18563.75,246
2026-02-12 10:51:00,18563.75,18564.00,18548.75,18555.50,893
2026-02-12 10:52:00,18555.50,18560.25,18552.50,18560.00,832
2026-02-12 10:53:00,18560.00,18572.00,18556.25,18568.00,1321
2026-02-12 10:54:00,18568.00,18568.75,18548.00,18551.50,478
2026-02-12 10:55:00,18551.50,18561.00,18551.00,18559.75,1059
2026-02-12 10:56:00,18559.75,18565.75,18557.75,18563.00,988
2026-02-12 10:57:00,18563.00,18572.25,18553.25,18569.75,965
2026-02-12 10:58:00,18569.75,18582.75,18559.75,18567.25,875
2026-02-12 10:59:00,18567.25,18579.00,18562.50,18572.75,1185
2026-02-12 11:00:00,18572.75,18574.75,18549.50,18553.00,1419
2026-02-12 11:01:00,18553.00,18560.75,18551.25,18554.75,385
2026-02-12 11:02:00,18554.75,18556.25,18546.50,18554.00,426
2026-02-12 11:03:00,18554.00,18571.75,18551.75,18565.50,1118
2026-02-12 11:04:00,18565.50,18566.00,18545.75,18546.25,592
2026-02-12 11:05:00,18546.25,18569.00,18540.75,18564.75,361
2026-02-12 11:06:00,18564.75,18565.00,18545.00,18549.75,677
2026-02-12 11:07:00,18549.75,18569.75,18543.75,18567.00,592
2026-02-12 11:08:00,18567.00,18569.50,18558.25,18558.75,386
2026-02-12 11:09:00,18558.75,18563.50,18551.50,18554.25,477
2026-02-12 11:10:00,18554.25,18558.00,18552.00,18553.50,791
2026-02-12 11:11:00,18553.50,18575.00,18548.50,18572.00,335
2026-02-12 11:12:00,18572.00,18574.75,18540.25,18547.25,658
2026-02-12 11:13:00,18547.25,18559.50,18540.75,18558.75,991
2026-02-12 11:14:00,18558.75,18564.75,18557.00,18561.00,367
2026-02-12 11:15:00,18561.00,18561.75,18559.00,18560.75,697
2026-02-12 11:16:00,18560.75,18570.75,18560.25,18567.00,1278
2026-02-12 11:17:00,18567.00,18570.00,18547.00,18547.25,894
2026-02-12 11:18:00,18547.25,18569.00,18546.00,18562.25,1067
2026-02-12 11:19:00,18562.25,18566.75,18546.75,18553.75,805
2026-02-12 11:20:00,18553.75,18567.00,18542.50,18566.75,674
2026-02-12 11:21:00,18566.75,18569.50,18554.00,18561.50,417
2026-02-12 11:22:00,18561.50,18563.00,18539.00,18547.50,1094
2026-02-12 11:23:00,18547.50,18550.50,18538.25,18549.25,705
2026-02-12 11:24:00,18549.25,18565.75,18543.50,18564.00,1297
2026-02-12 11:25:00,18564.00,18564.25,18560.00,18562.50,1297
2026-02-12 11:26:00,18562.50,18570.50,18561.75,18567.00,1307
2026-02-12 11:27:00,18567.00,18576.00,18542.25,18543.25,699
2026-02-12 11:28:00,18543.25,18547.00,18540.00,18544.00,1046
2026-02-12 11:29:00,18544.00,18571.00,18542.25,18568.75,1468
2026-02-12 11:30:00,18568.75,18573.75,18557.75,18566.50,876
2026-02-12 11:31:00,18566.50,18569.50,18549.75,18553.25,749
2026-02-12 11:32:00,18553.25,18565.75,18551.75,18561.50,281
2026-02-12 11:33:00,18561.50,18578.00,18555.00,18577.25,558
2026-02-12 11:34:00,18577.25,18582.00,18556.00,18558.75,332
2026-02-12 11:35:00,18558.75,18565.75,18551.25,18557.50,661
2026-02-12 11:36:00,18557.50,18568.25,18557.25,18562.50,1332
2026-02-12 11:37:00,18562.50,18564.25,18544.25,18544.75,931
2026-02-12 11:38:00,18544.75,18556.25,18544.00,18556.25,457
2026-02-12 11:39:00,18556.25,18559.00,18550.75,18556.75,1487
2026-02-12 11:40:00,18556.75,18565.25,18551.00,18552.50,265
2026-02-12 11:41:00,18552.50,18560.50,18549.00,18559.50,1452
2026-02-12 11:42:00,18559.50,18560.00,18551.75,18556.25,497
2026-02-12 11:43:00,18556.25,18563.75,18548.25,18549.50,939
2026-02-12 11:44:00,18549.50,18569.50,18544.25,18569.25,530
2026-02-12 11:45:00,18569.25,18569.50,18562.25,18567.00,1158
2026-02-12 11:46:00,18567.00,18572.00,18549.00,18550.75,663
2026-02-12 11:47:00,18550.75,18577.00,18550.50,18571.00,734
2026-02-12 11:48:00,18571.00,18576.00,18543.25,18550.50,1104
2026-02-12 11:49:00,18550.50,18562.00,18547.25,18560.50,676
2026-02-12 11:50:00,18560.50,18564.25,18549.75,18562.50,1488
2026-02-12 11:51:00,18562.50,18567.50,18560.75,18567.00,1158
2026-02-12 11:52:00,18567.00,18574.00,18563.00,18565.50,585
2026-02-12 11:53:00,18565.50,18571.25,18560.75,18570.50,403
2026-02-12 11:54:00,18570.50,18571.25,18541.50,18548.75,1216
2026-02-12 11:55:00,18548.75,18563.50,18543.75,18563.00,1073
2026-02-12 11:56:00,18563.00,18569.25,18551.25,18553.75,1282
2026-02-12 11:57:00,18553.75,18557.25,18550.00,18554.75,404
2026-02-12 11:58:00,18554.75,18566.00,18554.00,18564.50,690
2026-02-12 11:59:00,18564.50,18566.75,18556.50,18561.00,793
2026-02-12 12:00:00,18561.00,18568.00,18552.50,18556.75,1013
2026-02-12 12:01:00,18556.75,18573.25,18549.25,18571.75,1051
2026-02-12 12:02:00,18571.75,18581.00,18549.75,18559.25,1366
2026-02-12 12:03:00,18559.25,18573.25,18554.75,18564.00,556
2026-02-12 12:04:00,18564.00,18567.50,18562.25,18564.25,1353
2026-02-12 12:05:00,18564.25,18569.25,18545.75,18552.25,714
2026-02-12 12:06:00,18552.25,18564.00,18550.75,18562.75,720
2026-02-12 12:07:00,18562.75,18566.75,18548.00,18555.00,773
2026-02-12 12:08:00,18555.00,18559.50,18552.25,18553.25,384
2026-02-12 12:09:00,18553.25,18559.50,18537.00,18539.00,1343
2026-02-12 12:10:00,18539.00,18565.00,18537.75,18558.50,848
2026-02-12 12:11:00,18558.50,18559.50,18548.00,18557.25,532
2026-02-12 12:12:00,18557.25,18572.25,18552.00,18567.75,1109
2026-02-12 12:13:00,18567.75,18569.50,18544.50,18551.50,826
2026-02-12 12:14:00,18551.50,18572.75,18551.00,18572.75,735
2026-02-12 12:15:00,18572.75,18576.50,18560.50,18564.00,553
2026-02-12 12:16:00,18564.00,18575.00,18561.25,18568.25,1195
2026-02-12 12:17:00,18568.25,18574.25,18552.25,18557.25,463
2026-02-12 12:18:00,18557.25,18558.25,18544.00,18550.25,732
2026-02-12 12:19:00,18550.25,18562.25,18546.50,18560.25,302
2026-02-12 12:20:00,18560.25,18575.50,18559.25,18571.25,773
2026-02-12 12:21:00,18571.25,18572.50,18548.00,18548.25,1158
2026-02-12 12:22:00,18548.25,18559.50,18542.50,18554.00,732
2026-02-12 12:23:00,18554.00,18559.50,18549.50,18553.50,549
2026-02-12 12:24:00,18553.50,18575.00,18552.00,18569.25,718
2026-02-12 12:25:00,18569.25,18577.00,18555.25,18555.50,215
2026-02-12 12:26:00,18555.50,18566.25,18555.25,18560.75,1048
2026-02-12 12:27:00,18560.75,18563.50,18543.50,18547.50,1477
2026-02-12 12:28:00,18547.50,18567.25,18547.00,18557.25,286
2026-02-12 12:29:00,18557.25,18566.75,18554.00,18564.50,1477
2026-02-12 12:30:00,18564.50,18570.00,18535.00,18544.25,1393
2026-02-12 12:31:00,18544.25,18564.25,18542.25,18564.00,731
2026-02-12 12:32:00,18564.00,18573.25,18553.50,18557.25,1079
2026-02-12 12:33:00,18557.25,18564.25,18554.25,18557.00,1417
2026-02-12 12:34:00,18557.00,18567.25,18553.50,18560.75,289
2026-02-12 12:35:00,18560.75,18571.25,18556.00,18556.00,1337
2026-02-12 12:36:00,18556.00,18568.75,18554.50,18557.50,729
2026-02-12 12:37:00,18557.50,18557.75,18548.00,18552.00,366
2026-02-12 12:38:00,18552.00,18573.25,18550.00,18567.50,581
2026-02-12 12:39:00,18567.50,18570.50,18553.25,18556.25,329
2026-02-12 12:40:00,18556.25,18574.50,18551.75,18563.75,438
2026-02-12 12:41:00,18563.75,18566.25,18546.75,18547.00,772
2026-02-12 12:42:00,18547.00,18564.25,18544.50,18553.50,812
2026-02-12 12:43:00,18553.50,18580.25,18552.75,18573.25,1442
2026-02-12 12:44:00,18573.25,18580.50,18564.75,18565.00,1467
2026-02-12 12:45:00,18565.00,18571.75,18557.00,18560.00,1111
2026-02-12 12:46:00,18560.00,18574.50,18546.50,18565.75,1332
2026-02-12 12:47:00,18565.75,18566.00,18542.75,18547.50,1000
2026-02-12 12:48:00,18547.50,18553.25,18544.25,18551.25,792
2026-02-12 12:49:00,18551.25,18551.25,18543.00,18546.75,620
2026-02-12 12:50:00,18546.75,18549.00,18544.75,18548.00,1139
2026-02-12 12:51:00,18548.00,18560.75,18544.50,18555.50,389
2026-02-12 12:52:00,18555.50,18563.50,18551.50,18559.75,601
2026-02-12 12:53:00,18559.75,18563.25,18544.75,18552.50,571
2026-02-12 12:54:00,18552.50,18571.50,18544.75,18559.25,363
2026-02-12 12:55:00,18559.25,18579.00,18550.75,18577.25,1422
2026-02-12 12:56:00,18577.25,18578.50,18558.75,18559.00,237
2026-02-12 12:57:00,18559.00,18565.25,18553.00,18560.00,326
2026-02-12 12:58:00,18560.00,18561.00,18552.25,18560.75,1177
2026-02-12 12:59:00,18560.75,18583.25,18556.75,18578.00,850
2026-02-12 13:00:00,18578.00,18580.50,18558.75,18560.25,1333
2026-02-12 13:01:00,18560.25,18573.50,18553.00,18571.25,519
2026-02-12 13:02:00,18571.25,18573.25,18545.50,18548.50,1325
2026-02-12 13:03:00,18548.50,18550.00,18533.50,18545.50,1205
2026-02-12 13:04:00,18545.50,18559.25,18541.75,18557.00,1402
2026-02-12 13:05:00,18557.00,18563.25,18552.25,18561.50,558
2026-02-12 13:06:00,18561.50,18565.50,18545.25,18546.50,731
2026-02-12 13:07:00,18546.50,18565.75,18540.50,18551.75,1476
2026-02-12 13:08:00,18551.75,18560.75,18549.75,18560.25,1309
2026-02-12 13:09:00,18560.25,18564.50,18540.25,18550.00,1484
2026-02-12 13:10:00,18550.00,18572.00,18547.25,18569.00,1335
2026-02-12 13:11:00,18569.00,18569.75,18550.25,18556.00,510
2026-02-12 13:12:00,18556.00,18559.00,18550.75,18559.00,566
2026-02-12 13:13:00,18559.00,18571.25,18557.50,18564.25,834
2026-02-12 13:14:00,18564.25,18565.75,18544.50,18556.25,1140
2026-02-12 13:15:00,18556.25,18563.25,18539.50,18540.50,312
2026-02-12 13:16:00,18540.50,18566.00,18534.75,18564.25,829
2026-02-12 13:17:00,18564.25,18568.25,18546.75,18554.75,933
2026-02-12 13:18:00,18554.75,18559.25,18553.00,18558.50,352
2026-02-12 13:19:00,18558.50,18564.25,18542.00,18545.75,1493
2026-02-12 13:20:00,18545.75,18569.00,18543.75,18563.00,1011
2026-02-12 13:21:00,18563.00,18563.75,18558.00,18561.50,816
2026-02-12 13:22:00,18561.50,18564.50,18543.25,18545.50,679
2026-02-12 13:23:00,18545.50,18563.75,18540.00,18560.00,1128
2026-02-12 13:24:00,18560.00,18560.25,18544.75,18546.00,782
2026-02-12 13:25:00,18546.00,18551.75,18541.75,18549.75,389
2026-02-12 13:26:00,18549.75,18561.75,18548.75,18557.50,1055
2026-02-12 13:27:00,18557.50,18568.75,18539.50,18544.50,1020
2026-02-12 13:28:00,18544.50,18571.25,18539.25,18568.25,815
2026-02-12 13:29:00,18568.25,18568.50,18537.00,18547.50,512
2026-02-12 13:30:00,18547.50,18564.50,18546.75,18562.25,1326
2026-02-12 13:31:00,18562.25,18562.50,18553.25,18561.75,230
2026-02-12 13:32:00,18561.75,18576.00,18560.50,18565.00,299
2026-02-12 13:33:00,18565.00,18569.50,18561.00,18562.25,865
2026-02-12 13:34:00,18562.25,18563.75,18553.75,18561.25,258
2026-02-12 13:35:00,18561.25,18567.75,18534.75,18544.50,241
2026-02-12 13:36:00,18544.50,18556.50,18541.75,18552.75,621
2026-02-12 13:37:00,18552.75,18554.50,18550.50,18553.00,437
2026-02-12 13:38:00,18553.00,18553.75,18549.00,18551.00,1044
2026-02-12 13:39:00,18551.00,18560.75,18551.00,18556.75,629
2026-02-12 13:40:00,18556.75,18566.75,18554.25,18562.00,1095
2026-02-12 13:41:00,18562.00,18569.75,18561.50,18567.00,963
2026-02-12 13:42:00,18567.00,18567.75,18539.50,18543.00,769
2026-02-12 13:43:00,18543.00,18579.75,18536.75,18573.00,1283
2026-02-12 13:44:00,18573.00,18576.50,18570.50,18570.75,249
2026-02-12 13:45:00,18570.75,18572.00,18541.00,18549.50,429
2026-02-12 13:46:00,18549.50,18562.50,18543.50,18559.50,1494
2026-02-12 13:47:00,18559.50,18568.25,18543.50,18554.50,1133
2026-02-12 13:48:00,18554.50,18564.75,18551.00,18560.25,858
2026-02-12 13:49:00,18560.25,18560.25,18533.00,18538.00,1495
2026-02-12 13:50:00,18538.00,18558.50,18531.25,18549.25,977
2026-02-12 13:51:00,18549.25,18560.50,18543.25,18560.25,216
2026-02-12 13:52:00,18560.25,18572.25,18539.00,18544.25,541
2026-02-12 13:53:00,18544.25,18569.50,18543.25,18567.25,1216
2026-02-12 13:54:00,18567.25,18569.75,18564.75,18566.00,1019
2026-02-12 13:55:00,18566.00,18566.00,18537.25,18538.00,615
2026-02-12 13:56:00,18538.00,18556.25,18536.00,18551.75,1296
2026-02-12 13:57:00,18551.75,18563.25,18547.25,18562.50,451
2026-02-12 13:58:00,18562.50,18565.50,18555.00,18556.25,1379
2026-02-12 13:59:00,18556.25,18563.25,18542.00,18560.50,1188
2026-02-12 14:00:00,18560.50,18569.00,18552.50,18563.00,290
2026-02-12 14:01:00,18563.00,18565.00,18544.50,18547.00,347
2026-02-12 14:02:00,18547.00,18567.50,18544.75,18564.50,362
2026-02-12 14:03:00,18564.50,18570.75,18549.25,18551.75,1215
2026-02-12 14:04:00,18551.75,18570.75,18546.25,18567.00,667
2026-02-12 14:05:00,18567.00,18568.50,18548.00,18550.75,801
2026-02-12 14:06:00,18550.75,18559.50,18549.50,18554.50,1098
2026-02-12 14:07:00,18554.50,18556.75,18551.25,18552.25,1463
2026-02-12 14:08:00,18552.25,18571.25,18545.00,18566.00,924
2026-02-12 14:09:00,18566.00,18574.25,18554.25,18556.25,993
2026-02-12 14:10:00,18556.25,18556.50,18552.50,18554.00,392
2026-02-12 14:11:00,18554.00,18554.50,18550.75,18551.25,408
2026-02-12 14:12:00,18551.25,18554.75,18547.75,18550.50,212
2026-02-12 14:13:00,18550.50,18552.75,18545.75,18550.00,467
2026-02-12 14:14:00,18550.00,18552.25,18549.25,18550.50,718
2026-02-12 14:15:00,18550.50,18553.75,18549.25,18549.50,1159
2026-02-12 14:16:00,18549.50,18566.75,18543.50,18560.25,1304
2026-02-12 14:17:00,18560.25,18566.25,18553.50,18558.50,1102
2026-02-12 14:18:00,18558.50,18563.75,18554.25,18562.25,1337
2026-02-12 14:19:00,18562.25,18564.75,18545.00,18547.00,1472
2026-02-12 14:20:00,18547.00,18565.25,18543.75,18560.25,240
2026-02-12 14:21:00,18560.25,18560.75,18556.25,18556.75,527
2026-02-12 14:22:00,18556.75,18566.25,18549.25,18561.00,1217
2026-02-12 14:23:00,18561.00,18563.50,18555.00,18559.00,722
2026-02-12 14:24:00,18559.00,18567.00,18541.75,18545.75,1423
2026-02-12 14:25:00,18545.75,18547.25,18534.25,18538.25,1485
2026-02-12 14:26:00,18538.25,18543.50,18533.00,18540.25,898
2026-02-12 14:27:00,18540.25,18578.25,18531.25,18574.00,353
2026-02-12 14:28:00,18574.00,18574.50,18548.00,18548.25,471
2026-02-12 14:29:00,18548.25,18557.75,18539.25,18544.25,413
2026-02-12 14:30:00,18544.25,18551.50,18543.75,18547.50,1273
2026-02-12 14:31:00,18547.50,18558.00,18545.50,18555.50,1046
2026-02-12 14:32:00,18555.50,18569.50,18549.25,18561.00,691
2026-02-12 14:33:00,18561.00,18563.25,18560.00,18561.00,1309
2026-02-12 14:34:00,18561.00,18562.50,18557.75,18558.00,1288
2026-02-12 14:35:00,18558.00,18559.75,18552.25,18557.50,856
2026-02-12 14:36:00,18557.50,18562.00,18555.25,18560.50,924
2026-02-12 14:37:00,18560.50,18564.00,18537.25,18539.25,1149
2026-02-12 14:38:00,18539.25,18558.75,18535.00,18553.75,1192
2026-02-12 14:39:00,18553.75,18558.25,18544.25,18545.75,1257
2026-02-12 14:40:00,18545.75,18554.50,18543.75,18550.75,761
2026-02-12 14:41:00,18550.75,18575.00,18548.25,18570.25,891
2026-02-12 14:42:00,18570.25,18573.50,18544.50,18546.25,935
2026-02-12 14:43:00,18546.25,18559.75,18544.50,18555.75,246
2026-02-12 14:44:00,18555.75,18565.75,18553.75,18558.75,974
2026-02-12 14:45:00,18558.75,18560.25,18550.50,18555.25,961
2026-02-12 14:46:00,18555.25,18570.75,18554.75,18568.00,500
2026-02-12 14:47:00,18568.00,18570.75,18546.25,18549.00,320
2026-02-12 14:48:00,18549.00,18561.00,18538.00,18556.75,414
2026-02-12 14:49:00,18556.75,18557.00,18540.75,18544.25,847
2026-02-12 14:50:00,18544.25,18571.50,18543.50,18569.50,1164
2026-02-12 14:51:00,18569.50,18569.75,18548.75,18553.00,820
2026-02-12 14:52:00,18553.00,18558.25,18541.00,18541.75,441
2026-02-12 14:53:00,18541.75,18552.25,18540.00,18542.75,206
2026-02-12 14:54:00,18542.75,18557.50,18535.75,18547.25,990
2026-02-12 14:55:00,18547.25,18552.25,18542.25,18545.50,522
2026-02-12 14:56:00,18545.50,18552.50,18539.50,18549.25,443
2026-02-12 14:57:00,18549.25,18558.25,18545.50,18555.50,325
2026-02-12 14:58:00,18555.50,18559.00,18547.00,18547.25,918
2026-02-12 14:59:00,18547.25,18551.75,18544.00,18545.75,554
2026-02-12 15:00:00,18545.75,18568.75,18543.00,18563.50,1331
2026-02-12 15:01:00,18563.50,18568.00,18563.00,18563.75,618
2026-02-12 15:02:00,18563.75,18566.25,18559.25,18562.00,263
2026-02-12 15:03:00,18562.00,18563.25,18541.25,18548.25,1026
2026-02-12 15:04:00,18548.25,18551.50,18540.25,18544.00,1029
2026-02-12 15:05:00,18544.00,18581.75,18541.25,18574.00,262
2026-02-12 15:06:00,18574.00,18575.25,18560.75,18561.00,722
2026-02-12 15:07:00,18561.00,18571.00,18554.00,18554.75,703
2026-02-12 15:08:00,18554.75,18557.00,18550.00,18551.00,739
2026-02-12 15:09:00,18551.00,18554.00,18542.75,18549.00,400
2026-02-12 15:10:00,18549.00,18559.50,18544.75,18557.00,378
2026-02-12 15:11:00,18557.00,18557.50,18549.00,18549.25,610
2026-02-12 15:12:00,18549.25,18559.75,18548.50,18556.25,441
2026-02-12 15:13:00,18556.25,18557.75,18545.50,18553.50,707
2026-02-12 15:14:00,18553.50,18553.75,18540.50,18549.25,1123
2026-02-12 15:15:00,18549.25,18570.75,18545.75,18564.25,785
2026-02-12 15:16:00,18564.25,18576.25,18563.00,18569.25,744
2026-02-12 15:17:00,18569.25,18574.25,18540.50,18541.50,606
2026-02-12 15:18:00,18541.50,18554.50,18538.75,18553.75,1070
2026-02-12 15:19:00,18553.75,18553.75,18550.50,18552.25,942
2026-02-12 15:20:00,18552.25,18556.75,18543.50,18547.75,621
2026-02-12 15:21:00,18547.75,18553.00,18539.25,18540.50,586
2026-02-12 15:22:00,18540.50,18564.25,18537.25,18561.00,217
2026-02-12 15:23:00,18561.00,18566.00,18548.25,18552.25,1363
2026-02-12 15:24:00,18552.25,18555.75,18550.50,18553.75,982
2026-02-12 15:25:00,18553.75,18556.00,18547.75,18554.25,305
2026-02-12 15:26:00,18554.25,18554.50,18545.50,18546.00,610
2026-02-12 15:27:00,18546.00,18550.25,18536.75,18548.75,709
2026-02-12 15:28:00,18548.75,18570.75,18547.75,18565.50,599
2026-02-12 15:29:00,18565.50,18568.00,18555.00,18562.00,1406
2026-02-12 15:30:00,18562.00,18564.75,18557.50,18559.25,507
2026-02-12 15:31:00,18559.25,18571.75,18557.50,18571.25,1119
2026-02-12 15:32:00,18571.25,18571.75,18533.25,18540.00,1415
2026-02-12 15:33:00,18540.00,18555.50,18538.00,18551.50,495
2026-02-12 15:34:00,18551.50,18553.50,18549.00,18553.25,1386
2026-02-12 15:35:00,18553.25,18561.50,18548.00,18553.25,1190
2026-02-12 15:36:00,18553.25,18559.50,18549.50,18550.75,1186
2026-02-12 15:37:00,18550.75,18554.25,18545.50,18552.00,1136
2026-02-12 15:38:00,18552.00,18563.50,18551.75,18562.50,1321
2026-02-12 15:39:00,18562.50,18566.75,18551.75,18560.00,454
2026-02-12 15:40:00,18560.00,18560.50,18549.50,18555.00,253
2026-02-12 15:41:00,18555.00,18555.75,18532.50,18540.25,256
2026-02-12 15:42:00,18540.25,18545.25,18526.75,18534.75,422
2026-02-12 15:43:00,18534.75,18558.50,18532.25,18556.25,1340
2026-02-12 15:44:00,18556.25,18563.50,18546.50,18548.00,829
2026-02-12 15:45:00,18548.00,18553.50,18543.25,18549.75,398
2026-02-12 15:46:00,18549.75,18560.50,18549.00,18557.25,392
2026-02-12 15:47:00,18557.25,18560.25,18550.75,18554.75,425
2026-02-12 15:48:00,18554.75,18569.50,18547.50,18568.75,239
2026-02-12 15:49:00,18568.75,18571.00,18549.75,18550.50,946
2026-02-12 15:50:00,18550.50,18557.00,18546.75,18552.75,1304
2026-02-12 15:51:00,18552.75,18562.00,18550.00,18560.50,640
2026-02-12 15:52:00,18560.50,18570.00,18540.00,18545.50,726
2026-02-12 15:53:00,18545.50,18562.25,18539.00,18561.75,988
2026-02-12 15:54:00,18561.75,18570.25,18558.75,18559.00,698
2026-02-12 15:55:00,18559.00,18565.25,18539.75,18548.00,573
2026-02-12 15:56:00,18548.00,18564.25,18544.75,18563.75,1304
2026-02-12 15:57:00,18563.75,18572.25,18548.25,18550.75,1004
2026-02-12 15:58:00,18550.75,18553.00,18548.25,18549.25,1079
2026-02-12 15:59:00,18549.25,18568.50,18546.00,18564.25,984
2026-02-13 08:00:00,18641.25,18648.75,18632.50,18633.50,1476
2026-02-13 08:01:00,18633.50,18653.75,18631.00,18651.75,1376
2026-02-13 08:02:00,18651.75,18658.25,18640.25,18642.25,567
2026-02-13 08:03:00,18642.25,18647.75,18636.25,18637.00,1394
2026-02-13 08:04:00,18637.00,18646.75,18633.75,18638.75,841
2026-02-13 08:05:00,18638.75,18648.25,18635.25,18640.50,1111
2026-02-13 08:06:00,18640.50,18658.50,18640.25,18653.25,1268
2026-02-13 08:07:00,18653.25,18656.50,18631.75,18632.25,1433
2026-02-13 08:08:00,18632.25,18647.25,18628.75,18644.75,1072
2026-02-13 08:09:00,18644.75,18648.75,18643.25,18645.50,1431
2026-02-13 08:10:00,18645.50,18655.00,18636.75,18637.75,1143
2026-02-13 08:11:00,18637.75,18646.75,18636.25,18645.00,907
2026-02-13 08:12:00,18645.00,18648.25,18627.50,18628.50,652
2026-02-13 08:13:00,18628.50,18649.75,18628.25,18649.25,1100
2026-02-13 08:14:00,18649.25,18653.75,18630.00,18632.75,1467
2026-02-13 08:15:00,18632.75,18640.75,18628.00,18640.50,1256
2026-02-13 08:16:00,18640.50,18645.00,18635.25,18637.75,1395
2026-02-13 08:17:00,18637.75,18639.50,18636.00,18638.25,1392
2026-02-13 08:18:00,18638.25,18650.50,18636.75,18650.00,298
2026-02-13 08:19:00,18650.00,18651.25,18637.75,18639.25,564
2026-02-13 08:20:00,18639.25,18640.00,18634.50,18635.50,1418
2026-02-13 08:21:00,18635.50,18642.50,18625.25,18634.25,830
2026-02-13 08:22:00,18634.25,18652.00,18632.25,18646.25,814
2026-02-13 08:23:00,18646.25,18649.75,18643.25,18646.00,1387
2026-02-13 08:24:00,18646.00,18647.50,18642.25,18642.25,1416
2026-02-13 08:25:00,18642.25,18645.25,18639.25,18641.00,1079
2026-02-13 08:26:00,18641.00,18643.75,18625.00,18631.75,967
2026-02-13 08:27:00,18631.75,18639.75,18630.75,18638.50,333
2026-02-13 08:28:00,18638.50,18638.75,18634.25,18635.50,514
2026-02-13 08:29:00,18635.50,18646.75,18635.00,18643.25,1276
2026-02-13 08:30:00,18643.25,18655.75,18641.50,18648.75,290
2026-02-13 08:31:00,18648.75,18650.50,18635.00,18635.25,1196
2026-02-13 08:32:00,18635.25,18642.00,18633.00,18637.00,1362
2026-02-13 08:33:00,18637.00,18639.50,18630.00,18636.00,215
2026-02-13 08:34:00,18636.00,18652.00,18631.50,18647.50,911
2026-02-13 08:35:00,18647.50,18653.75,18640.25,18646.50,1063
2026-02-13 08:36:00,18646.50,18652.25,18644.00,18650.25,730
2026-02-13 08:37:00,18650.25,18651.75,18637.00,18644.00,1223
2026-02-13 08:38:00,18644.00,18645.25,18637.75,18640.25,757
2026-02-13 08:39:00,18640.25,18644.50,18638.00,18641.50,1143
2026-02-13 08:40:00,18641.50,18643.25,18634.75,18639.50,729
2026-02-13 08:41:00,18639.50,18639.75,18637.50,18638.00,227
2026-02-13 08:42:00,18638.00,18641.00,18635.25,18639.00,274
2026-02-13 08:43:00,18639.00,18647.25,18637.75,18644.00,1015
2026-02-13 08:44:00,18644.00,18648.25,18634.50,18635.25,205
2026-02-13 08:45:00,18635.25,18642.25,18629.50,18638.50,328
2026-02-13 08:46:00,18638.50,18647.00,18636.25,18647.00,1429
2026-02-13 08:47:00,18647.00,18655.25,18643.75,18646.25,870
2026-02-13 08:48:00,18646.25,18653.50,18646.00,18648.50,383
2026-02-13 08:49:00,18648.50,18648.75,18640.00,18646.00,459
2026-02-13 08:50:00,18646.00,18646.25,18642.25,18643.75,1113
2026-02-13 08:51:00,18643.75,18647.25,18643.00,18644.75,206
2026-02-13 08:52:00,18644.75,18651.50,18636.50,18638.00,1396
2026-02-13 08:53:00,18638.00,18639.00,18635.25,18637.00,229
2026-02-13 08:54:00,18637.00,18640.50,18634.00,18634.50,555
2026-02-13 08:55:00,18634.50,18649.75,18631.00,18649.25,778
2026-02-13 08:56:00,18649.25,18652.25,18632.50,18641.25,787
2026-02-13 08:57:00,18641.25,18643.75,18636.25,18638.50,584
2026-02-13 08:58:00,18638.50,18650.25,18638.25,18645.00,1342
2026-02-13 08:59:00,18645.00,18651.50,18640.00,18648.00,1331
2026-02-13 09:00:00,18648.00,18651.00,18642.00,18645.50,1078
2026-02-13 09:01:00,18645.50,18645.75,18638.50,18640.25,1354
2026-02-13 09:02:00,18640.25,18644.50,18636.00,18637.00,625
2026-02-13 09:03:00,18637.00,18654.25,18636.75,18653.25,1303
2026-02-13 09:04:00,18653.25,18653.25,18649.00,18649.75,1085
2026-02-13 09:05:00,18649.75,18651.00,18632.75,18640.25,451
2026-02-13 09:06:00,18640.25,18645.00,18637.50,18641.25,489
2026-02-13 09:07:00,18641.25,18645.75,18630.75,18632.00,486
2026-02-13 09:08:00,18632.00,18645.50,18627.75,18643.25,272
2026-02-13 09:09:00,18643.25,18649.00,18633.00,18648.75,1302
2026-02-13 09:10:00,18648.75,18650.00,18638.50,18643.00,1134
2026-02-13 09:11:00,18643.00,18645.00,18640.50,18643.50,1200
2026-02-13 09:12:00,18643.50,18644.00,18642.00,18643.50,547
2026-02-13 09:13:00,18643.50,18647.00,18632.00,18632.75,592
2026-02-13 09:14:00,18632.75,18652.25,18628.25,18650.50,840
2026-02-13 09:15:00,18650.50,18650.75,18649.75,18649.75,331
2026-02-13 09:16:00,18649.75,18651.25,18642.50,18645.75,1359
2026-02-13 09:17:00,18645.75,18646.50,18641.50,18643.25,1136
2026-02-13 09:18:00,18643.25,18649.25,18638.00,18646.00,760
2026-02-13 09:19:00,18646.00,18650.25,18638.50,18641.50,931
2026-02-13 09:20:00,18641.50,18661.75,18638.00,18660.25,486
2026-02-13 09:21:00,18660.25,18661.00,18632.00,18637.00,1404
2026-02-13 09:22:00,18637.00,18638.25,18626.75,18630.25,356
2026-02-13 09:23:00,18630.25,18632.75,18628.25,18630.75,883
2026-02-13 09:24:00,18630.75,18637.50,18628.75,18635.75,270
2026-02-13 09:25:00,18635.75,18642.25,18631.75,18641.00,308
2026-02-13 09:26:00,18641.00,18650.50,18640.00,18650.25,345
2026-02-13 09:27:00,18650.25,18652.75,18636.75,18637.00,1131
2026-02-13 09:28:00,18637.00,18637.50,18629.75,18635.25,499
2026-02-13 09:29:00,18635.25,18651.50,18635.25,18642.75,1145
2026-02-13 09:30:00,18642.75,18646.50,18640.75,18641.00,1203
2026-02-13 09:31:00,18641.00,18663.00,18640.00,18658.50,1394
2026-02-13 09:32:00,18658.50,18671.50,18658.00,18663.50,904
2026-02-13 09:33:00,18663.50,18666.00,18651.50,18655.25,1231
2026-02-13 09:34:00,18655.25,18671.50,18654.25,18670.75,807
2026-02-13 09:35:00,18670.75,18671.00,18646.50,18647.00,257
2026-02-13 09:36:00,18647.00,18656.00,18646.50,18654.75,1353
2026-02-13 09:37:00,18654.75,18655.00,18643.00,18643.25,1348
2026-02-13 09:38:00,18643.25,18643.75,18627.25,18630.75,1280
2026-02-13 09:39:00,18630.75,18640.00,18630.50,18639.75,948
2026-02-13 09:40:00,18639.75,18641.50,18618.25,18619.75,436
2026-02-13 09:41:00,18619.75,18621.75,18615.50,18616.75,1271
2026-02-13 09:42:00,18616.75,18625.25,18615.50,18623.75,1425
2026-02-13 09:43:00,18623.75,18624.00,18601.25,18602.75,581
2026-02-13 09:44:00,18602.75,18603.50,18593.50,18596.75,1070
2026-02-13 09:45:00,18596.75,18600.75,18592.50,18599.75,436
2026-02-13 09:46:00,18599.75,18609.50,18599.00,18606.00,317
2026-02-13 09:47:00,18606.00,18624.25,18603.25,18619.25,1412
2026-02-13 09:48:00,18619.25,18634.25,18617.00,18632.25,441
2026-02-13 09:49:00,18632.25,18642.00,18629.00,18640.00,328
2026-02-13 09:50:00,18640.00,18647.50,18636.00,18646.50,878
2026-02-13 09:51:00,18646.50,18665.00,18642.50,18660.75,847
2026-02-13 09:52:00,18660.75,18663.25,18620.50,18625.25,508
2026-02-13 09:53:00,18625.25,18637.25,18623.50,18635.00,1389
2026-02-13 09:54:00,18635.00,18643.00,18628.50,18640.00,1132
2026-02-13 09:55:00,18640.00,18641.75,18573.25,18584.25,637
2026-02-13 09:56:00,18584.25,18601.50,18582.00,18596.50,846
2026-02-13 09:57:00,18596.50,18600.00,18575.75,18586.25,325
2026-02-13 09:58:00,18586.25,18599.50,18585.00,18596.75,959
2026-02-13 09:59:00,18596.75,18598.50,18578.25,18582.25,1422
2026-02-13 10:00:00,18582.25,18591.00,18578.50,18582.25,683
2026-02-13 10:01:00,18582.25,18586.50,18559.50,18563.75,1055
2026-02-13 10:02:00,18563.75,18569.75,18548.25,18560.25,1092
2026-02-13 10:03:00,18560.25,18566.00,18552.50,18560.00,1097
2026-02-13 10:04:00,18560.00,18564.25,18528.75,18543.75,1190
2026-02-13 10:05:00,18543.75,18547.25,18534.00,18540.25,1233
2026-02-13 10:06:00,18540.25,18540.50,18521.25,18528.00,1371
2026-02-13 10:07:00,18528.00,18550.75,18527.50,18540.50,839
2026-02-13 10:08:00,18540.50,18544.75,18518.00,18520.75,1076
2026-02-13 10:09:00,18520.75,18524.75,18500.75,18502.75,331
2026-02-13 10:10:00,18502.75,18511.00,18498.25,18503.25,1296
2026-02-13 10:11:00,18503.25,18509.25,18498.00,18503.00,280
2026-02-13 10:12:00,18503.00,18510.75,18499.50,18506.25,587
2026-02-13 10:13:00,18506.25,18512.75,18472.00,18475.25,578
2026-02-13 10:14:00,18475.25,18485.25,18465.50,18479.50,1113
2026-02-13 10:15:00,18479.50,18483.75,18460.00,18461.25,1051
2026-02-13 10:16:00,18461.25,18471.25,18456.00,18461.75,540
2026-02-13 10:17:00,18461.75,18472.75,18450.00,18452.25,1208
2026-02-13 10:18:00,18452.25,18459.25,18450.50,18456.25,1272
2026-02-13 10:19:00,18456.25,18467.50,18449.50,18466.25,1243
2026-02-13 10:20:00,18466.25,18473.25,18443.50,18446.25,471
2026-02-13 10:21:00,18446.25,18473.25,18445.00,18471.25,260
2026-02-13 10:22:00,18471.25,18478.50,18452.50,18457.00,357
2026-02-13 10:23:00,18457.00,18460.25,18456.75,18459.25,1227
2026-02-13 10:24:00,18459.25,18462.25,18455.00,18458.75,645
2026-02-13 10:25:00,18458.75,18482.50,18457.00,18480.50,519
2026-02-13 10:26:00,18480.50,18486.75,18450.50,18454.50,204
2026-02-13 10:27:00,18454.50,18461.75,18453.00,18458.50,1368
2026-02-13 10:28:00,18458.50,18487.75,18450.25,18483.75,727
2026-02-13 10:29:00,18483.75,18488.00,18452.50,18455.50,731
2026-02-13 10:30:00,18455.50,18469.00,18449.00,18464.50,889
2026-02-13 10:31:00,18464.50,18467.00,18438.50,18446.25,393
2026-02-13 10:32:00,18446.25,18456.00,18444.25,18452.75,410
2026-02-13 10:33:00,18452.75,18465.75,18446.75,18462.50,1345
2026-02-13 10:34:00,18462.50,18483.00,18458.00,18475.50,572
2026-02-13 10:35:00,18475.50,18480.00,18454.75,18460.25,878
2026-02-13 10:36:00,18460.25,18461.25,18439.50,18442.75,376
2026-02-13 10:37:00,18442.75,18465.50,18441.25,18455.00,1319
2026-02-13 10:38:00,18455.00,18464.00,18449.25,18462.75,1027
2026-02-13 10:39:00,18462.75,18471.75,18459.00,18466.50,367
2026-02-13 10:40:00,18466.50,18470.75,18465.25,18468.25,399
2026-02-13 10:41:00,18468.25,18472.25,18464.00,18470.75,945
2026-02-13 10:42:00,18470.75,18471.00,18454.75,18455.00,1036
2026-02-13 10:43:00,18455.00,18475.75,18446.25,18464.50,1467
2026-02-13 10:44:00,18464.50,18480.50,18460.00,18473.50,321
2026-02-13 10:45:00,18473.50,18476.50,18456.75,18464.50,1084
2026-02-13 10:46:00,18464.50,18472.50,18453.75,18458.75,243
2026-02-13 10:47:00,18458.75,18466.00,18458.25,18463.00,991
2026-02-13 10:48:00,18463.00,18467.50,18459.75,18467.00,298
2026-02-13 10:49:00,18467.00,18472.25,18462.00,18467.50,466
2026-02-13 10:50:00,18467.50,18472.25,18463.25,18463.25,1225
2026-02-13 10:51:00,18463.25,18463.50,18446.50,18453.75,717
2026-02-13 10:52:00,18453.75,18471.00,18452.25,18467.25,1415
2026-02-13 10:53:00,18467.25,18469.50,18458.25,18458.50,1053
2026-02-13 10:54:00,18458.50,18462.75,18451.75,18462.50,1151
2026-02-13 10:55:00,18462.50,18464.25,18452.75,18459.25,622
2026-02-13 10:56:00,18459.25,18465.50,18440.75,18443.75,583
2026-02-13 10:57:00,18443.75,18464.00,18438.50,18461.00,278
2026-02-13 10:58:00,18461.00,18465.50,18452.00,18455.00,813
2026-02-13 10:59:00,18455.00,18465.25,18449.75,18464.25,1275
2026-02-13 11:00:00,18464.25,18472.75,18450.75,18453.50,974
2026-02-13 11:01:00,18453.50,18457.00,18450.75,18455.25,443
2026-02-13 11:02:00,18455.25,18457.25,18452.75,18455.00,1304
2026-02-13 11:03:00,18455.00,18472.75,18454.75,18469.25,1233
2026-02-13 11:04:00,18469.25,18473.75,18452.50,18460.75,445
2026-02-13 11:05:00,18460.75,18466.50,18456.25,18465.00,338
2026-02-13 11:06:00,18465.00,18478.50,18465.00,18473.50,689
2026-02-13 11:07:00,18473.50,18476.75,18441.50,18449.75,1373
2026-02-13 11:08:00,18449.75,18458.50,18446.00,18456.50,1251
2026-02-13 11:09:00,18456.50,18459.50,18449.75,18458.00,681
2026-02-13 11:10:00,18458.00,18459.00,18443.25,18444.50,780
2026-02-13 11:11:00,18444.50,18458.50,18440.25,18455.25,1423
2026-02-13 11:12:00,18455.25,18460.25,18451.75,18458.75,278
2026-02-13 11:13:00,18458.75,18463.50,18453.25,18462.50,205
2026-02-13 11:14:00,18462.50,18466.50,18454.50,18464.00,1138
2026-02-13 11:15:00,18464.00,18464.75,18440.25,18449.00,214
2026-02-13 11:16:00,18449.00,18469.75,18447.75,18460.00,285
2026-02-13 11:17:00,18460.00,18464.50,18453.50,18463.00,1458
2026-02-13 11:18:00,18463.00,18467.75,18462.25,18465.75,1106
2026-02-13 11:19:00,18465.75,18468.00,18455.25,18459.75,739
2026-02-13 11:20:00,18459.75,18464.50,18457.50,18460.75,1089
2026-02-13 11:21:00,18460.75,18471.50,18459.00,18466.00,1281
2026-02-13 11:22:00,18466.00,18468.50,18455.00,18456.00,1471
2026-02-13 11:23:00,18456.00,18460.75,18445.25,18450.00,468
2026-02-13 11:24:00,18450.00,18452.00,18449.25,18450.25,1111
2026-02-13 11:25:00,18450.25,18458.25,18446.50,18453.50,1172
2026-02-13 11:26:00,18453.50,18458.25,18452.75,18456.50,1305
2026-02-13 11:27:00,18456.50,18462.50,18455.00,18461.00,555
2026-02-13 11:28:00,18461.00,18470.50,18446.25,18448.50,558
2026-02-13 11:29:00,18448.50,18450.50,18442.75,18448.00,248
2026-02-13 11:30:00,18448.00,18463.25,18444.00,18461.75,813
2026-02-13 11:31:00,18461.75,18463.75,18445.50,18450.00,665
2026-02-13 11:32:00,18450.00,18462.00,18446.00,18458.75,490
2026-02-13 11:33:00,18458.75,18463.25,18456.50,18456.50,235
2026-02-13 11:34:00,18456.50,18467.50,18451.75,18464.00,422
2026-02-13 11:35:00,18464.00,18473.50,18441.50,18445.00,949
2026-02-13 11:36:00,18445.00,18466.25,18442.50,18456.00,1236
2026-02-13 11:37:00,18456.00,18463.75,18454.50,18463.50,603
2026-02-13 11:38:00,18463.50,18475.75,18458.25,18469.75,416
2026-02-13 11:39:00,18469.75,18471.75,18441.25,18445.50,979
2026-02-13 11:40:00,18445.50,18475.50,18444.50,18467.00,224
2026-02-13 11:41:00,18467.00,18469.50,18458.00,18462.25,1358
2026-02-13 11:42:00,18462.25,18462.25,18450.75,18458.25,974
2026-02-13 11:43:00,18458.25,18461.50,18453.25,18455.50,728
2026-02-13 11:44:00,18455.50,18457.25,18453.75,18455.75,1432
2026-02-13 11:45:00,18455.75,18457.25,18435.75,18442.25,360
2026-02-13 11:46:00,18442.25,18456.25,18438.50,18453.75,495
2026-02-13 11:47:00,18453.75,18459.00,18448.00,18452.25,1422
2026-02-13 11:48:00,18452.25,18452.75,18445.25,18450.00,454
2026-02-13 11:49:00,18450.00,18472.25,18439.50,18459.75,521
2026-02-13 11:50:00,18459.75,18469.25,18458.75,18463.00,925
2026-02-13 11:51:00,18463.00,18464.50,18462.75,18462.75,1345
2026-02-13 11:52:00,18462.75,18468.50,18459.25,18466.75,1159
2026-02-13 11:53:00,18466.75,18474.00,18453.50,18455.00,722
2026-02-13 11:54:00,18455.00,18466.50,18452.00,18464.50,1480
2026-02-13 11:55:00,18464.50,18477.00,18461.50,18473.00,512
2026-02-13 11:56:00,18473.00,18477.25,18460.00,18462.25,1231
2026-02-13 11:57:00,18462.25,18464.75,18456.75,18459.25,1348
2026-02-13 11:58:00,18459.25,18463.00,18446.75,18448.25,850
2026-02-13 11:59:00,18448.25,18454.25,18447.50,18450.50,469
2026-02-13 12:00:00,18450.50,18458.25,18446.25,18457.50,986
2026-02-13 12:01:00,18457.50,18475.50,18455.75,18472.25,1111
2026-02-13 12:02:00,18472.25,18480.75,18462.25,18468.75,620
2026-02-13 12:03:00,18468.75,18472.25,18460.25,18464.25,649
2026-02-13 12:04:00,18464.25,18477.00,18455.25,18468.75,1155
2026-02-13 12:05:00,18468.75,18473.75,18465.50,18469.75,260
2026-02-13 12:06:00,18469.75,18474.00,18465.25,18465.50,925
2026-02-13 12:07:00,18465.50,18465.75,18451.25,18455.75,840
2026-02-13 12:08:00,18455.75,18463.50,18440.75,18444.00,802
2026-02-13 12:09:00,18444.00,18471.50,18438.25,18471.25,284
2026-02-13 12:10:00,18471.25,18474.75,18436.50,18443.75,1036
2026-02-13 12:11:00,18443.75,18463.00,18439.25,18459.50,886
2026-02-13 12:12:00,18459.50,18464.25,18452.75,18458.25,1082
2026-02-13 12:13:00,18458.25,18462.25,18441.50,18444.75,795
2026-02-13 12:14:00,18444.75,18453.50,18435.00,18453.00,332
2026-02-13 12:15:00,18453.00,18463.50,18451.50,18456.00,1075
2026-02-13 12:16:00,18456.00,18457.75,18442.75,18451.25,725
2026-02-13 12:17:00,18451.25,18467.00,18450.50,18462.50,1145
2026-02-13 12:18:00,18462.50,18463.75,18451.25,18451.25,1408
2026-02-13 12:19:00,18451.25,18454.75,18443.75,18454.00,780
2026-02-13 12:20:00,18454.00,18455.50,18450.25,18451.50,1310
2026-02-13 12:21:00,18451.50,18458.50,18448.00,18457.00,613
2026-02-13 12:22:00,18457.00,18457.50,18439.25,18451.50,1127
2026-02-13 12:23:00,18451.50,18462.25,18439.50,18458.75,539
2026-02-13 12:24:00,18458.75,18459.75,18439.75,18445.50,1027
2026-02-13 12:25:00,18445.50,18484.00,18438.75,18477.75,1258
2026-02-13 12:26:00,18477.75,18480.75,18447.50,18453.50,848
2026-02-13 12:27:00,18453.50,18464.25,18439.75,18460.75,1207
2026-02-13 12:28:00,18460.75,18467.75,18456.25,18460.00,1269
2026-02-13 12:29:00,18460.00,18464.75,18458.00,18459.25,540
2026-02-13 12:30:00,18459.25,18466.25,18455.00,18463.25,724
2026-02-13 12:31:00,18463.25,18467.50,18461.75,18464.50,397
2026-02-13 12:32:00,18464.50,18467.25,18459.75,18465.25,1294
2026-02-13 12:33:00,18465.25,18468.50,18444.75,18450.00,1434
2026-02-13 12:34:00,18450.00,18455.50,18443.00,18455.25,1248
2026-02-13 12:35:00,18455.25,18458.00,18444.50,18451.00,889
2026-02-13 12:36:00,18451.00,18463.00,18449.50,18453.50,912
2026-02-13 12:37:00,18453.50,18472.50,18452.25,18465.50,915
2026-02-13 12:38:00,18465.50,18472.00,18462.25,18466.50,216
2026-02-13 12:39:00,18466.50,18467.50,18453.50,18459.00,1186
2026-02-13 12:40:00,18459.00,18468.25,18456.25,18465.75,940
2026-02-13 12:41:00,18465.75,18470.75,18455.75,18459.25,480
2026-02-13 12:42:00,18459.25,18463.50,18454.00,18454.50,1103
2026-02-13 12:43:00,18454.50,18456.75,18440.50,18443.50,727
2026-02-13 12:44:00,18443.50,18465.00,18436.50,18459.25,1393
2026-02-13 12:45:00,18459.25,18469.00,18437.50,18443.50,1026
2026-02-13 12:46:00,18443.50,18455.00,18436.75,18450.25,1166
2026-02-13 12:47:00,18450.25,18464.25,18443.75,18461.00,1260
2026-02-13 12:48:00,18461.00,18461.25,18452.25,18452.75,289
2026-02-13 12:49:00,18452.75,18458.00,18450.25,18456.50,879
2026-02-13 12:50:00,18456.50,18462.25,18442.75,18448.25,421
2026-02-13 12:51:00,18448.25,18462.50,18448.25,18461.75,567
2026-02-13 12:52:00,18461.75,18467.00,18444.25,18447.25,801
2026-02-13 12:53:00,18447.25,18451.75,18447.00,18450.50,977
2026-02-13 12:54:00,18450.50,18466.50,18445.00,18462.25,545
2026-02-13 12:55:00,18462.25,18469.50,18459.25,18467.25,1479
2026-02-13 12:56:00,18467.25,18470.25,18450.25,18452.25,1319
2026-02-13 12:57:00,18452.25,18461.75,18449.25,18457.00,1125
2026-02-13 12:58:00,18457.00,18460.75,18456.75,18459.50,1355
2026-02-13 12:59:00,18459.50,18459.75,18447.75,18457.50,1291
2026-02-13 13:00:00,18457.50,18465.25,18447.25,18448.75,756
2026-02-13 13:01:00,18448.75,18450.50,18447.50,18448.50,395
2026-02-13 13:02:00,18448.50,18464.25,18447.75,18461.50,930
2026-02-13 13:03:00,18461.50,18465.50,18457.50,18465.25,470
2026-02-13 13:04:00,18465.25,18468.50,18446.25,18455.00,822
2026-02-13 13:05:00,18455.00,18472.00,18455.00,18461.75,851
2026-02-13 13:06:00,18461.75,18463.25,18454.00,18459.75,1347
2026-02-13 13:07:00,18459.75,18468.00,18445.75,18453.25,1469
2026-02-13 13:08:00,18453.25,18459.50,18449.75,18453.75,466
2026-02-13 13:09:00,18453.75,18467.75,18453.50,18465.50,963
2026-02-13 13:10:00,18465.50,18467.50,18448.50,18457.25,749
2026-02-13 13:11:00,18457.25,18474.25,18448.25,18469.75,898
2026-02-13 13:12:00,18469.75,18472.75,18439.75,18448.25,437
2026-02-13 13:13:00,18448.25,18456.25,18446.25,18455.00,409
2026-02-13 13:14:00,18455.00,18461.50,18454.50,18459.00,514
2026-02-13 13:15:00,18459.00,18477.50,18453.00,18471.50,1183
2026-02-13 13:16:00,18471.50,18473.50,18460.50,18469.00,957
2026-02-13 13:17:00,18469.00,18480.75,18457.50,18459.25,988
2026-02-13 13:18:00,18459.25,18465.50,18454.25,18456.25,243
2026-02-13 13:19:00,18456.25,18479.75,18454.75,18472.50,1322
2026-02-13 13:20:00,18472.50,18480.50,18471.25,18475.50,1172
2026-02-13 13:21:00,18475.50,18478.75,18447.50,18453.75,573
2026-02-13 13:22:00,18453.75,18462.50,18453.25,18457.75,228
2026-02-13 13:23:00,18457.75,18462.00,18450.00,18451.25,1312
2026-02-13 13:24:00,18451.25,18464.50,18446.75,18458.50,708
2026-02-13 13:25:00,18458.50,18462.50,18442.00,18450.50,759
2026-02-13 13:26:00,18450.50,18455.00,18443.25,18447.50,1182
2026-02-13 13:27:00,18447.50,18456.50,18446.00,18454.00,272
2026-02-13 13:28:00,18454.00,18467.75,18443.50,18460.00,1419
2026-02-13 13:29:00,18460.00,18467.25,18445.75,18453.50,1333
2026-02-13 13:30:00,18453.50,18469.75,18442.00,18461.25,1419
2026-02-13 13:31:00,18461.25,18461.50,18459.25,18460.25,1250
2026-02-13 13:32:00,18460.25,18462.75,18448.25,18452.25,419
2026-02-13 13:33:00,18452.25,18452.75,18446.00,18452.00,1009
2026-02-13 13:34:00,18452.00,18459.50,18448.00,18458.00,320
2026-02-13 13:35:00,18458.00,18458.50,18446.00,18451.75,670
2026-02-13 13:36:00,18451.75,18468.25,18443.50,18461.25,1000
2026-02-13 13:37:00,18461.25,18461.50,18447.75,18451.50,1206
2026-02-13 13:38:00,18451.50,18469.75,18443.25,18469.25,662
2026-02-13 13:39:00,18469.25,18474.75,18441.50,18450.25,708
2026-02-13 13:40:00,18450.25,18450.75,18441.25,18441.50,1078
2026-02-13 13:41:00,18441.50,18472.75,18436.75,18459.75,725
2026-02-13 13:42:00,18459.75,18463.00,18445.75,18447.00,962
2026-02-13 13:43:00,18447.00,18453.50,18444.00,18451.25,1472
2026-02-13 13:44:00,18451.25,18452.50,18433.75,18436.00,736
2026-02-13 13:45:00,18436.00,18479.75,18435.25,18476.00,430
2026-02-13 13:46:00,18476.00,18481.75,18458.50,18463.00,614
2026-02-13 13:47:00,18463.00,18464.75,18446.25,18453.50,1048
2026-02-13 13:48:00,18453.50,18458.00,18451.50,18452.75,1136
2026-02-13 13:49:00,18452.75,18477.75,18439.25,18468.50,473
2026-02-13 13:50:00,18468.50,18470.25,18449.25,18454.00,1091
2026-02-13 13:51:00,18454.00,18470.00,18448.25,18463.50,708
2026-02-13 13:52:00,18463.50,18464.25,18458.75,18460.50,536
2026-02-13 13:53:00,18460.50,18461.75,18444.75,18454.50,852
2026-02-13 13:54:00,18454.50,18461.25,18451.00,18459.25,1280
2026-02-13 13:55:00,18459.25,18462.50,18438.25,18441.00,709
2026-02-13 13:56:00,18441.00,18457.50,18437.25,18454.50,230
2026-02-13 13:57:00,18454.50,18466.00,18452.50,18464.75,611
2026-02-13 13:58:00,18464.75,18476.00,18438.00,18444.00,1051
2026-02-13 13:59:00,18444.00,18448.50,18443.00,18444.50,430
2026-02-13 14:00:00,18444.50,18449.50,18437.00,18448.00,270
2026-02-13 14:01:00,18448.00,18465.25,18444.50,18460.00,848
2026-02-13 14:02:00,18460.00,18463.50,18455.50,18457.25,246
2026-02-13 14:03:00,18457.25,18461.00,18451.50,18457.50,344
2026-02-13 14:04:00,18457.50,18458.00,18446.00,18449.75,639
2026-02-13 14:05:00,18449.75,18462.75,18446.50,18459.25,1304
2026-02-13 14:06:00,18459.25,18462.25,18449.25,18451.75,614
2026-02-13 14:07:00,18451.75,18455.50,18439.75,18446.00,526
2026-02-13 14:08:00,18446.00,18475.00,18445.50,18468.25,751
2026-02-13 14:09:00,18468.25,18472.75,18446.25,18448.75,376
2026-02-13 14:10:00,18448.75,18470.25,18444.25,18465.75,849
2026-02-13 14:11:00,18465.75,18467.25,18462.00,18463.50,492
2026-02-13 14:12:00,18463.50,18464.25,18454.75,18455.25,1402
2026-02-13 14:13:00,18455.25,18470.75,18453.25,18469.50,1158
2026-02-13 14:14:00,18469.50,18475.00,18455.25,18458.25,322
2026-02-13 14:15:00,18458.25,18462.25,18440.50,18448.25,1280
2026-02-13 14:16:00,18448.25,18458.50,18444.00,18456.25,379
2026-02-13 14:17:00,18456.25,18456.50,18436.75,18441.75,723
2026-02-13 14:18:00,18441.75,18456.25,18437.00,18454.75,678
2026-02-13 14:19:00,18454.75,18464.75,18449.25,18458.75,1408
2026-02-13 14:20:00,18458.75,18464.00,18448.25,18453.25,557
2026-02-13 14:21:00,18453.25,18454.75,18448.75,18454.25,1461
2026-02-13 14:22:00,18454.25,18459.75,18450.50,18457.00,517
2026-02-13 14:23:00,18457.00,18460.00,18428.25,18445.75,497
2026-02-13 14:24:00,18445.75,18456.50,18443.25,18455.75,946
2026-02-13 14:25:00,18455.75,18458.75,18450.00,18455.25,616
2026-02-13 14:26:00,18455.25,18462.25,18450.00,18455.00,1034
2026-02-13 14:27:00,18455.00,18456.75,18446.75,18452.00,1217
2026-02-13 14:28:00,18452.00,18478.00,18449.00,18472.50,399
2026-02-13 14:29:00,18472.50,18475.75,18444.50,18450.50,641
2026-02-13 14:30:00,18450.50,18467.25,18446.25,18460.50,1010
2026-02-13 14:31:00,18460.50,18471.25,18456.75,18468.25,1334
2026-02-13 14:32:00,18468.25,18468.75,18448.00,18453.75,349
2026-02-13 14:33:00,18453.75,18457.25,18445.50,18449.00,843
2026-02-13 14:34:00,18449.00,18452.25,18445.75,18449.50,856
2026-02-13 14:35:00,18449.50,18454.50,18446.75,18448.75,1100
2026-02-13 14:36:00,18448.75,18453.75,18445.50,18449.00,955
2026-02-13 14:37:00,18449.00,18455.75,18445.25,18445.25,361
2026-02-13 14:38:00,18445.25,18457.50,18442.00,18454.75,1118
2026-02-13 14:39:00,18454.75,18456.25,18429.00,18430.50,1390
2026-02-13 14:40:00,18430.50,18460.50,18428.75,18456.50,351
2026-02-13 14:41:00,18456.50,18461.50,18452.00,18457.75,1427
2026-02-13 14:42:00,18457.75,18464.25,18438.00,18444.25,909
2026-02-13 14:43:00,18444.25,18456.00,18440.75,18451.75,989
2026-02-13 14:44:00,18451.75,18452.25,18446.25,18448.75,980
2026-02-13 14:45:00,18448.75,18454.25,18439.75,18449.75,1281
2026-02-13 14:46:00,18449.75,18452.75,18443.50,18445.75,1324
2026-02-13 14:47:00,18445.75,18451.75,18443.25,18450.25,610
2026-02-13 14:48:00,18450.25,18461.00,18446.25,18455.00,724
2026-02-13 14:49:00,18455.00,18460.00,18451.25,18452.00,1224
2026-02-13 14:50:00,18452.00,18464.75,18448.75,18461.25,650
2026-02-13 14:51:00,18461.25,18470.25,18457.25,18467.25,204
2026-02-13 14:52:00,18467.25,18467.50,18452.00,18452.25,709
2026-02-13 14:53:00,18452.25,18465.00,18448.00,18460.50,931
2026-02-13 14:54:00,18460.50,18463.25,18451.00,18454.00,858
2026-02-13 14:55:00,18454.00,18464.50,18444.50,18446.75,859
2026-02-13 14:56:00,18446.75,18449.25,18446.25,18447.00,604
2026-02-13 14:57:00,18447.00,18461.50,18446.75,18455.50,921
2026-02-13 14:58:00,18455.50,18459.50,18448.75,18449.75,931
2026-02-13 14:59:00,18449.75,18452.25,18448.50,18451.75,390
2026-02-13 15:00:00,18451.75,18456.00,18445.50,18449.50,1498
2026-02-13 15:01:00,18449.50,18462.50,18448.50,18454.75,1040
2026-02-13 15:02:00,18454.75,18462.25,18442.00,18445.00,1389
2026-02-13 15:03:00,18445.00,18453.25,18442.25,18450.75,1020
2026-02-13 15:04:00,18450.75,18461.25,18447.25,18459.00,226
2026-02-13 15:05:00,18459.00,18469.25,18458.25,18465.50,1148
2026-02-13 15:06:00,18465.50,18472.50,18462.25,18467.25,686
2026-02-13 15:07:00,18467.25,18469.00,18463.50,18466.75,961
2026-02-13 15:08:00,18466.75,18477.25,18451.25,18453.75,1409
2026-02-13 15:09:00,18453.75,18458.25,18447.75,18458.00,1176
2026-02-13 15:10:00,18458.00,18460.50,18441.00,18442.00,214
2026-02-13 15:11:00,18442.00,18465.00,18438.50,18458.50,1213
2026-02-13 15:12:00,18458.50,18461.50,18444.00,18445.75,435
2026-02-13 15:13:00,18445.75,18472.00,18430.50,18461.50,994
2026-02-13 15:14:00,18461.50,18467.75,18457.50,18467.50,692
2026-02-13 15:15:00,18467.50,18469.75,18457.75,18460.25,738
2026-02-13 15:16:00,18460.25,18468.00,18446.00,18450.75,1348
2026-02-13 15:17:00,18450.75,18460.50,18449.25,18459.25,993
2026-02-13 15:18:00,18459.25,18474.25,18454.00,18469.50,984
2026-02-13 15:19:00,18469.50,18472.75,18445.50,18450.50,307
2026-02-13 15:20:00,18450.50,18456.25,18443.00,18455.50,1323
2026-02-13 15:21:00,18455.50,18462.00,18448.25,18461.25,1201
2026-02-13 15:22:00,18461.25,18464.25,18440.50,18445.75,394
2026-02-13 15:23:00,18445.75,18463.00,18445.25,18457.00,773
2026-02-13 15:24:00,18457.00,18459.00,18451.50,18458.25,760
2026-02-13 15:25:00,18458.25,18458.50,18443.25,18443.25,936
2026-02-13 15:26:00,18443.25,18452.25,18441.00,18443.50,520
2026-02-13 15:27:00,18443.50,18457.50,18435.75,18451.25,1373
2026-02-13 15:28:00,18451.25,18459.75,18446.00,18448.75,1398
2026-02-13 15:29:00,18448.75,18458.00,18444.50,18444.50,296
2026-02-13 15:30:00,18444.50,18467.25,18434.75,18466.50,1385
2026-02-13 15:31:00,18466.50,18467.50,18449.50,18449.75,207
2026-02-13 15:32:00,18449.75,18452.00,18435.50,18440.75,1007
2026-02-13 15:33:00,18440.75,18460.75,18437.75,18460.75,307
2026-02-13 15:34:00,18460.75,18461.00,18433.25,18440.75,1487
2026-02-13 15:35:00,18440.75,18452.25,18436.00,18448.25,1332
2026-02-13 15:36:00,18448.25,18458.00,18447.25,18454.25,1233
2026-02-13 15:37:00,18454.25,18456.75,18437.50,18450.25,1368
2026-02-13 15:38:00,18450.25,18451.75,18436.00,18445.25,332
2026-02-13 15:39:00,18445.25,18447.25,18439.75,18446.50,560
2026-02-13 15:40:00,18446.50,18453.50,18441.75,18453.50,221
2026-02-13 15:41:00,18453.50,18453.75,18439.00,18441.50,687
2026-02-13 15:42:00,18441.50,18455.00,18439.50,18450.00,617
2026-02-13 15:43:00,18450.00,18456.25,18436.00,18437.25,1016
2026-02-13 15:44:00,18437.25,18451.00,18437.00,18448.25,1345
2026-02-13 15:45:00,18448.25,18452.00,18441.00,18446.00,1386
2026-02-13 15:46:00,18446.00,18452.50,18438.25,18451.50,1475
2026-02-13 15:47:00,18451.50,18459.75,18447.50,18450.00,1275
2026-02-13 15:48:00,18450.00,18454.50,18446.75,18448.25,450
2026-02-13 15:49:00,18448.25,18477.00,18435.75,18470.50,1414
2026-02-13 15:50:00,18470.50,18472.00,18452.50,18454.75,305
2026-02-13 15:51:00,18454.75,18459.25,18439.50,18448.50,1104
2026-02-13 15:52:00,18448.50,18448.50,18446.75,18446.75,946
2026-02-13 15:53:00,18446.75,18448.50,18434.50,18446.25,1272
2026-02-13 15:54:00,18446.25,18459.75,18445.75,18454.50,1072
2026-02-13 15:55:00,18454.50,18461.00,18447.00,18458.00,1340
2026-02-13 15:56:00,18458.00,18465.75,18437.00,18446.50,634
2026-02-13 15:57:00,18446.50,18455.75,18445.00,18453.75,775
2026-02-13 15:58:00,18453.75,18459.00,18425.50,18433.50,451
2026-02-13 15:59:00,18433.50,18456.25,18433.00,18453.00,257
